presentation clock_id=1
output id=10 name=eDP-1
configure 400x300 states=[]
GPU client renderer=Apple M1 (G13G B1)
GPU client pattern=texture
mapped title="NativeGpuProbe"
buffer scale=2 size=800x600
configure 400x300 states=[activated]
buffer scale=2 size=800x600
control enter fullscreen: sent set
presentation discarded
configure 400x300 states=[activated]
answer REFUSED: asked fullscreen=true, told fullscreen=false
fullscreen session dropped after the refusal
buffer scale=2 size=800x600
presentation discarded
configure 1280x800 states=[activated, fullscreen]
buffer scale=2 size=2560x1600
presentation discarded
surface output enter id=10
presentation presented seconds=5795 nanoseconds=797851000 refresh=16666666 sequence=0 flags=7
frame callback=1
presentation presented seconds=5795 nanoseconds=814485000 refresh=16666666 sequence=0 flags=7
frame callback=2
presentation presented seconds=5795 nanoseconds=847878000 refresh=16666666 sequence=0 flags=7
frame callback=3
presentation presented seconds=5795 nanoseconds=881186000 refresh=16666666 sequence=0 flags=7
frame callback=4
presentation presented seconds=5795 nanoseconds=897866000 refresh=16666666 sequence=0 flags=7
frame callback=5
presentation presented seconds=5795 nanoseconds=914521000 refresh=16666666 sequence=0 flags=7
frame callback=6
presentation presented seconds=5795 nanoseconds=931205000 refresh=16666666 sequence=0 flags=7
frame callback=7
presentation presented seconds=5795 nanoseconds=947854000 refresh=16666666 sequence=0 flags=7
frame callback=8
presentation presented seconds=5795 nanoseconds=964530000 refresh=16666666 sequence=0 flags=7
frame callback=9
presentation presented seconds=5795 nanoseconds=981200000 refresh=16666666 sequence=0 flags=7
frame callback=10
presentation presented seconds=5795 nanoseconds=997859000 refresh=16666666 sequence=0 flags=7
frame callback=11
presentation presented seconds=5796 nanoseconds=14522000 refresh=16666666 sequence=0 flags=7
frame callback=12
presentation presented seconds=5796 nanoseconds=31192000 refresh=16666666 sequence=0 flags=7
frame callback=13
presentation presented seconds=5796 nanoseconds=47856000 refresh=16666666 sequence=0 flags=7
frame callback=14
presentation presented seconds=5796 nanoseconds=64540000 refresh=16666666 sequence=0 flags=7
frame callback=15
presentation presented seconds=5796 nanoseconds=81200000 refresh=16666666 sequence=0 flags=7
frame callback=16
presentation presented seconds=5796 nanoseconds=97855000 refresh=16666666 sequence=0 flags=7
frame callback=17
presentation presented seconds=5796 nanoseconds=114525000 refresh=16666666 sequence=0 flags=7
frame callback=18
presentation presented seconds=5796 nanoseconds=131207000 refresh=16666666 sequence=0 flags=7
frame callback=19
presentation presented seconds=5796 nanoseconds=147871000 refresh=16666666 sequence=0 flags=7
frame callback=20
presentation presented seconds=5796 nanoseconds=164524000 refresh=16666666 sequence=0 flags=7
frame callback=21
presentation presented seconds=5796 nanoseconds=181207000 refresh=16666666 sequence=0 flags=7
frame callback=22
presentation presented seconds=5796 nanoseconds=197857000 refresh=16666666 sequence=0 flags=7
frame callback=23
presentation presented seconds=5796 nanoseconds=214525000 refresh=16666666 sequence=0 flags=7
frame callback=24
presentation presented seconds=5796 nanoseconds=231194000 refresh=16666666 sequence=0 flags=7
frame callback=25
presentation presented seconds=5796 nanoseconds=247868000 refresh=16666666 sequence=0 flags=7
frame callback=26
presentation presented seconds=5796 nanoseconds=264539000 refresh=16666666 sequence=0 flags=7
frame callback=27
presentation presented seconds=5796 nanoseconds=281193000 refresh=16666666 sequence=0 flags=7
frame callback=28
presentation presented seconds=5796 nanoseconds=297860000 refresh=16666666 sequence=0 flags=7
frame callback=29
presentation presented seconds=5796 nanoseconds=314526000 refresh=16666666 sequence=0 flags=7
frame callback=30
animation frame=30
presentation presented seconds=5796 nanoseconds=331195000 refresh=16666666 sequence=0 flags=7
frame callback=31
presentation presented seconds=5796 nanoseconds=347871000 refresh=16666666 sequence=0 flags=7
frame callback=32
presentation presented seconds=5796 nanoseconds=364536000 refresh=16666666 sequence=0 flags=7
frame callback=33
presentation presented seconds=5796 nanoseconds=381198000 refresh=16666666 sequence=0 flags=7
frame callback=34
presentation presented seconds=5796 nanoseconds=397865000 refresh=16666666 sequence=0 flags=7
frame callback=35
presentation presented seconds=5796 nanoseconds=414534000 refresh=16666666 sequence=0 flags=7
frame callback=36
presentation presented seconds=5796 nanoseconds=431229000 refresh=16666666 sequence=0 flags=7
frame callback=37
presentation presented seconds=5796 nanoseconds=447892000 refresh=16666666 sequence=0 flags=7
frame callback=38
presentation presented seconds=5796 nanoseconds=464531000 refresh=16666666 sequence=0 flags=7
frame callback=39
presentation presented seconds=5796 nanoseconds=481202000 refresh=16666666 sequence=0 flags=7
frame callback=40
presentation presented seconds=5796 nanoseconds=497868000 refresh=16666666 sequence=0 flags=7
frame callback=41
presentation presented seconds=5796 nanoseconds=514531000 refresh=16666666 sequence=0 flags=7
frame callback=42
presentation presented seconds=5796 nanoseconds=531225000 refresh=16666666 sequence=0 flags=7
frame callback=43
presentation presented seconds=5796 nanoseconds=547889000 refresh=16666666 sequence=0 flags=7
frame callback=44
presentation presented seconds=5796 nanoseconds=564534000 refresh=16666666 sequence=0 flags=7
frame callback=45
presentation presented seconds=5796 nanoseconds=581202000 refresh=16666666 sequence=0 flags=7
frame callback=46
presentation presented seconds=5796 nanoseconds=597868000 refresh=16666666 sequence=0 flags=7
frame callback=47
presentation presented seconds=5796 nanoseconds=614545000 refresh=16666666 sequence=0 flags=7
frame callback=48
presentation presented seconds=5796 nanoseconds=631202000 refresh=16666666 sequence=0 flags=7
frame callback=49
presentation presented seconds=5796 nanoseconds=647876000 refresh=16666666 sequence=0 flags=7
frame callback=50
presentation presented seconds=5796 nanoseconds=664534000 refresh=16666666 sequence=0 flags=7
frame callback=51
presentation presented seconds=5796 nanoseconds=681204000 refresh=16666666 sequence=0 flags=7
frame callback=52
presentation presented seconds=5796 nanoseconds=697870000 refresh=16666666 sequence=0 flags=7
frame callback=53
presentation presented seconds=5796 nanoseconds=714541000 refresh=16666666 sequence=0 flags=7
frame callback=54
presentation presented seconds=5796 nanoseconds=731229000 refresh=16666666 sequence=0 flags=7
frame callback=55
presentation presented seconds=5796 nanoseconds=747869000 refresh=16666666 sequence=0 flags=7
frame callback=56
presentation presented seconds=5796 nanoseconds=764533000 refresh=16666666 sequence=0 flags=7
frame callback=57
presentation presented seconds=5796 nanoseconds=781205000 refresh=16666666 sequence=0 flags=7
frame callback=58
presentation presented seconds=5796 nanoseconds=797869000 refresh=16666666 sequence=0 flags=7
frame callback=59
presentation presented seconds=5796 nanoseconds=814544000 refresh=16666666 sequence=0 flags=7
frame callback=60
animation frame=60
presentation presented seconds=5796 nanoseconds=831229000 refresh=16666666 sequence=0 flags=7
frame callback=61
presentation presented seconds=5796 nanoseconds=847886000 refresh=16666666 sequence=0 flags=7
frame callback=62
presentation presented seconds=5796 nanoseconds=864537000 refresh=16666666 sequence=0 flags=7
frame callback=63
presentation presented seconds=5796 nanoseconds=881205000 refresh=16666666 sequence=0 flags=7
frame callback=64
presentation presented seconds=5796 nanoseconds=897882000 refresh=16666666 sequence=0 flags=7
frame callback=65
presentation presented seconds=5796 nanoseconds=914550000 refresh=16666666 sequence=0 flags=7
frame callback=66
presentation presented seconds=5796 nanoseconds=931230000 refresh=16666666 sequence=0 flags=7
frame callback=67
presentation presented seconds=5796 nanoseconds=947870000 refresh=16666666 sequence=0 flags=7
frame callback=68
presentation presented seconds=5796 nanoseconds=964537000 refresh=16666666 sequence=0 flags=7
frame callback=69
presentation presented seconds=5796 nanoseconds=981205000 refresh=16666666 sequence=0 flags=7
frame callback=70
presentation presented seconds=5796 nanoseconds=997876000 refresh=16666666 sequence=0 flags=7
frame callback=71
presentation presented seconds=5797 nanoseconds=14548000 refresh=16666666 sequence=0 flags=7
frame callback=72
presentation presented seconds=5797 nanoseconds=31224000 refresh=16666666 sequence=0 flags=7
frame callback=73
presentation presented seconds=5797 nanoseconds=47873000 refresh=16666666 sequence=0 flags=7
frame callback=74
presentation presented seconds=5797 nanoseconds=64541000 refresh=16666666 sequence=0 flags=7
frame callback=75
presentation presented seconds=5797 nanoseconds=81208000 refresh=16666666 sequence=0 flags=7
frame callback=76
presentation presented seconds=5797 nanoseconds=97887000 refresh=16666666 sequence=0 flags=7
frame callback=77
presentation presented seconds=5797 nanoseconds=114551000 refresh=16666666 sequence=0 flags=7
frame callback=78
presentation presented seconds=5797 nanoseconds=131226000 refresh=16666666 sequence=0 flags=7
frame callback=79
presentation presented seconds=5797 nanoseconds=147874000 refresh=16666666 sequence=0 flags=7
frame callback=80
presentation presented seconds=5797 nanoseconds=164539000 refresh=16666666 sequence=0 flags=7
frame callback=81
presentation presented seconds=5797 nanoseconds=181210000 refresh=16666666 sequence=0 flags=7
frame callback=82
presentation presented seconds=5797 nanoseconds=197885000 refresh=16666666 sequence=0 flags=7
frame callback=83
presentation presented seconds=5797 nanoseconds=214541000 refresh=16666666 sequence=0 flags=7
frame callback=84
presentation presented seconds=5797 nanoseconds=231210000 refresh=16666666 sequence=0 flags=7
frame callback=85
presentation presented seconds=5797 nanoseconds=247874000 refresh=16666666 sequence=0 flags=7
frame callback=86
presentation presented seconds=5797 nanoseconds=264542000 refresh=16666666 sequence=0 flags=7
frame callback=87
presentation presented seconds=5797 nanoseconds=281213000 refresh=16666666 sequence=0 flags=7
frame callback=88
presentation presented seconds=5797 nanoseconds=297887000 refresh=16666666 sequence=0 flags=7
frame callback=89
presentation presented seconds=5797 nanoseconds=314543000 refresh=16666666 sequence=0 flags=7
frame callback=90
animation frame=90
presentation presented seconds=5797 nanoseconds=331210000 refresh=16666666 sequence=0 flags=7
frame callback=91
presentation presented seconds=5797 nanoseconds=347879000 refresh=16666666 sequence=0 flags=7
frame callback=92
presentation presented seconds=5797 nanoseconds=364545000 refresh=16666666 sequence=0 flags=7
frame callback=93
presentation presented seconds=5797 nanoseconds=381221000 refresh=16666666 sequence=0 flags=7
frame callback=94
presentation presented seconds=5797 nanoseconds=397891000 refresh=16666666 sequence=0 flags=7
frame callback=95
presentation presented seconds=5797 nanoseconds=414543000 refresh=16666666 sequence=0 flags=7
frame callback=96
presentation presented seconds=5797 nanoseconds=431212000 refresh=16666666 sequence=0 flags=7
frame callback=97
presentation presented seconds=5797 nanoseconds=447878000 refresh=16666666 sequence=0 flags=7
frame callback=98
presentation presented seconds=5797 nanoseconds=464547000 refresh=16666666 sequence=0 flags=7
frame callback=99
presentation presented seconds=5797 nanoseconds=481215000 refresh=16666666 sequence=0 flags=7
frame callback=100
presentation presented seconds=5797 nanoseconds=497880000 refresh=16666666 sequence=0 flags=7
frame callback=101
presentation presented seconds=5797 nanoseconds=514549000 refresh=16666666 sequence=0 flags=7
frame callback=102
presentation presented seconds=5797 nanoseconds=531235000 refresh=16666666 sequence=0 flags=7
frame callback=103
presentation presented seconds=5797 nanoseconds=547881000 refresh=16666666 sequence=0 flags=7
frame callback=104
presentation presented seconds=5797 nanoseconds=564558000 refresh=16666666 sequence=0 flags=7
frame callback=105
presentation presented seconds=5797 nanoseconds=581228000 refresh=16666666 sequence=0 flags=7
frame callback=106
presentation presented seconds=5797 nanoseconds=597880000 refresh=16666666 sequence=0 flags=7
frame callback=107
presentation presented seconds=5797 nanoseconds=614549000 refresh=16666666 sequence=0 flags=7
frame callback=108
presentation presented seconds=5797 nanoseconds=631235000 refresh=16666666 sequence=0 flags=7
frame callback=109
presentation presented seconds=5797 nanoseconds=647892000 refresh=16666666 sequence=0 flags=7
frame callback=110
presentation presented seconds=5797 nanoseconds=664560000 refresh=16666666 sequence=0 flags=7
frame callback=111
presentation presented seconds=5797 nanoseconds=681211000 refresh=16666666 sequence=0 flags=7
frame callback=112
presentation presented seconds=5797 nanoseconds=697883000 refresh=16666666 sequence=0 flags=7
frame callback=113
presentation presented seconds=5797 nanoseconds=714554000 refresh=16666666 sequence=0 flags=7
frame callback=114
presentation presented seconds=5797 nanoseconds=731237000 refresh=16666666 sequence=0 flags=7
frame callback=115
presentation presented seconds=5797 nanoseconds=747894000 refresh=16666666 sequence=0 flags=7
frame callback=116
presentation presented seconds=5797 nanoseconds=764560000 refresh=16666666 sequence=0 flags=7
frame callback=117
presentation presented seconds=5797 nanoseconds=781222000 refresh=16666666 sequence=0 flags=7
frame callback=118
presentation presented seconds=5797 nanoseconds=797887000 refresh=16666666 sequence=0 flags=7
frame callback=119
presentation presented seconds=5797 nanoseconds=814550000 refresh=16666666 sequence=0 flags=7
frame callback=120
animation frame=120
presentation presented seconds=5797 nanoseconds=831226000 refresh=16666666 sequence=0 flags=7
frame callback=121
presentation presented seconds=5797 nanoseconds=847896000 refresh=16666666 sequence=0 flags=7
frame callback=122
presentation presented seconds=5797 nanoseconds=864562000 refresh=16666666 sequence=0 flags=7
frame callback=123
presentation presented seconds=5797 nanoseconds=881220000 refresh=16666666 sequence=0 flags=7
frame callback=124
presentation presented seconds=5797 nanoseconds=897887000 refresh=16666666 sequence=0 flags=7
frame callback=125
presentation presented seconds=5797 nanoseconds=914554000 refresh=16666666 sequence=0 flags=7
frame callback=126
presentation presented seconds=5797 nanoseconds=931224000 refresh=16666666 sequence=0 flags=7
frame callback=127
presentation presented seconds=5797 nanoseconds=947902000 refresh=16666666 sequence=0 flags=7
frame callback=128
presentation presented seconds=5797 nanoseconds=964551000 refresh=16666666 sequence=0 flags=7
frame callback=129
presentation presented seconds=5797 nanoseconds=981224000 refresh=16666666 sequence=0 flags=7
frame callback=130
presentation presented seconds=5797 nanoseconds=997888000 refresh=16666666 sequence=0 flags=7
frame callback=131
presentation presented seconds=5798 nanoseconds=14555000 refresh=16666666 sequence=0 flags=7
frame callback=132
presentation presented seconds=5798 nanoseconds=31256000 refresh=16666666 sequence=0 flags=7
frame callback=133
presentation presented seconds=5798 nanoseconds=47920000 refresh=16666666 sequence=0 flags=7
frame callback=134
presentation presented seconds=5798 nanoseconds=64557000 refresh=16666666 sequence=0 flags=7
frame callback=135
presentation presented seconds=5798 nanoseconds=81222000 refresh=16666666 sequence=0 flags=7
frame callback=136
presentation presented seconds=5798 nanoseconds=97912000 refresh=16666666 sequence=0 flags=7
frame callback=137
presentation presented seconds=5798 nanoseconds=114559000 refresh=16666666 sequence=0 flags=7
frame callback=138
presentation presented seconds=5798 nanoseconds=131256000 refresh=16666666 sequence=0 flags=7
frame callback=139
presentation presented seconds=5798 nanoseconds=147909000 refresh=16666666 sequence=0 flags=7
frame callback=140
presentation presented seconds=5798 nanoseconds=164560000 refresh=16666666 sequence=0 flags=7
frame callback=141
presentation presented seconds=5798 nanoseconds=181226000 refresh=16666666 sequence=0 flags=7
frame callback=142
presentation presented seconds=5798 nanoseconds=197900000 refresh=16666666 sequence=0 flags=7
frame callback=143
presentation presented seconds=5798 nanoseconds=214582000 refresh=16666666 sequence=0 flags=7
frame callback=144
presentation presented seconds=5798 nanoseconds=231249000 refresh=16666666 sequence=0 flags=7
frame callback=145
presentation presented seconds=5798 nanoseconds=247906000 refresh=16666666 sequence=0 flags=7
frame callback=146
presentation presented seconds=5798 nanoseconds=264574000 refresh=16666666 sequence=0 flags=7
frame callback=147
presentation presented seconds=5798 nanoseconds=281230000 refresh=16666666 sequence=0 flags=7
frame callback=148
presentation presented seconds=5798 nanoseconds=297905000 refresh=16666666 sequence=0 flags=7
frame callback=149
presentation presented seconds=5798 nanoseconds=314573000 refresh=16666666 sequence=0 flags=7
frame callback=150
animation frame=150
presentation presented seconds=5798 nanoseconds=331246000 refresh=16666666 sequence=0 flags=7
frame callback=151
presentation presented seconds=5798 nanoseconds=347910000 refresh=16666666 sequence=0 flags=7
frame callback=152
presentation presented seconds=5798 nanoseconds=364579000 refresh=16666666 sequence=0 flags=7
frame callback=153
presentation presented seconds=5798 nanoseconds=381228000 refresh=16666666 sequence=0 flags=7
frame callback=154
presentation presented seconds=5798 nanoseconds=397898000 refresh=16666666 sequence=0 flags=7
frame callback=155
presentation presented seconds=5798 nanoseconds=414589000 refresh=16666666 sequence=0 flags=7
frame callback=156
presentation presented seconds=5798 nanoseconds=431230000 refresh=16666666 sequence=0 flags=7
frame callback=157
presentation presented seconds=5798 nanoseconds=447911000 refresh=16666666 sequence=0 flags=7
frame callback=158
presentation presented seconds=5798 nanoseconds=464579000 refresh=16666666 sequence=0 flags=7
frame callback=159
presentation presented seconds=5798 nanoseconds=481241000 refresh=16666666 sequence=0 flags=7
frame callback=160
presentation presented seconds=5798 nanoseconds=497910000 refresh=16666666 sequence=0 flags=7
frame callback=161
presentation presented seconds=5798 nanoseconds=514590000 refresh=16666666 sequence=0 flags=7
frame callback=162
presentation presented seconds=5798 nanoseconds=531244000 refresh=16666666 sequence=0 flags=7
frame callback=163
presentation presented seconds=5798 nanoseconds=547901000 refresh=16666666 sequence=0 flags=7
frame callback=164
presentation presented seconds=5798 nanoseconds=564585000 refresh=16666666 sequence=0 flags=7
frame callback=165
presentation presented seconds=5798 nanoseconds=581242000 refresh=16666666 sequence=0 flags=7
frame callback=166
presentation presented seconds=5798 nanoseconds=597912000 refresh=16666666 sequence=0 flags=7
frame callback=167
presentation presented seconds=5798 nanoseconds=614580000 refresh=16666666 sequence=0 flags=7
frame callback=168
presentation presented seconds=5798 nanoseconds=631251000 refresh=16666666 sequence=0 flags=7
frame callback=169
presentation presented seconds=5798 nanoseconds=647915000 refresh=16666666 sequence=0 flags=7
frame callback=170
presentation presented seconds=5798 nanoseconds=664569000 refresh=16666666 sequence=0 flags=7
frame callback=171
presentation presented seconds=5798 nanoseconds=681250000 refresh=16666666 sequence=0 flags=7
frame callback=172
presentation presented seconds=5798 nanoseconds=697913000 refresh=16666666 sequence=0 flags=7
frame callback=173
presentation presented seconds=5798 nanoseconds=714582000 refresh=16666666 sequence=0 flags=7
frame callback=174
presentation presented seconds=5798 nanoseconds=731253000 refresh=16666666 sequence=0 flags=7
frame callback=175
presentation presented seconds=5798 nanoseconds=747918000 refresh=16666666 sequence=0 flags=7
frame callback=176
presentation presented seconds=5798 nanoseconds=764592000 refresh=16666666 sequence=0 flags=7
frame callback=177
presentation presented seconds=5798 nanoseconds=781248000 refresh=16666666 sequence=0 flags=7
frame callback=178
presentation presented seconds=5798 nanoseconds=797903000 refresh=16666666 sequence=0 flags=7
frame callback=179
presentation presented seconds=5798 nanoseconds=814584000 refresh=16666666 sequence=0 flags=7
frame callback=180
animation frame=180
presentation presented seconds=5798 nanoseconds=831257000 refresh=16666666 sequence=0 flags=7
frame callback=181
presentation presented seconds=5798 nanoseconds=847922000 refresh=16666666 sequence=0 flags=7
frame callback=182
presentation presented seconds=5798 nanoseconds=864596000 refresh=16666666 sequence=0 flags=7
frame callback=183
presentation presented seconds=5798 nanoseconds=881247000 refresh=16666666 sequence=0 flags=7
frame callback=184
presentation presented seconds=5798 nanoseconds=897907000 refresh=16666666 sequence=0 flags=7
frame callback=185
presentation presented seconds=5798 nanoseconds=914574000 refresh=16666666 sequence=0 flags=7
frame callback=186
presentation presented seconds=5798 nanoseconds=931255000 refresh=16666666 sequence=0 flags=7
frame callback=187
presentation presented seconds=5798 nanoseconds=947930000 refresh=16666666 sequence=0 flags=7
frame callback=188
presentation presented seconds=5798 nanoseconds=964597000 refresh=16666666 sequence=0 flags=7
frame callback=189
presentation presented seconds=5798 nanoseconds=981236000 refresh=16666666 sequence=0 flags=7
frame callback=190
presentation presented seconds=5798 nanoseconds=997913000 refresh=16666666 sequence=0 flags=7
frame callback=191
presentation presented seconds=5799 nanoseconds=14588000 refresh=16666666 sequence=0 flags=7
frame callback=192
presentation presented seconds=5799 nanoseconds=31243000 refresh=16666666 sequence=0 flags=7
frame callback=193
presentation presented seconds=5799 nanoseconds=47922000 refresh=16666666 sequence=0 flags=7
frame callback=194
presentation presented seconds=5799 nanoseconds=64599000 refresh=16666666 sequence=0 flags=7
frame callback=195
presentation presented seconds=5799 nanoseconds=81243000 refresh=16666666 sequence=0 flags=7
frame callback=196
presentation presented seconds=5799 nanoseconds=97911000 refresh=16666666 sequence=0 flags=7
frame callback=197
presentation presented seconds=5799 nanoseconds=114591000 refresh=16666666 sequence=0 flags=7
frame callback=198
presentation presented seconds=5799 nanoseconds=131261000 refresh=16666666 sequence=0 flags=7
frame callback=199
presentation presented seconds=5799 nanoseconds=147919000 refresh=16666666 sequence=0 flags=7
frame callback=200
presentation presented seconds=5799 nanoseconds=164603000 refresh=16666666 sequence=0 flags=7
frame callback=201
presentation presented seconds=5799 nanoseconds=181249000 refresh=16666666 sequence=0 flags=7
frame callback=202
presentation presented seconds=5799 nanoseconds=197910000 refresh=16666666 sequence=0 flags=7
frame callback=203
presentation presented seconds=5799 nanoseconds=214567000 refresh=16666666 sequence=0 flags=7
frame callback=204
presentation presented seconds=5799 nanoseconds=231268000 refresh=16666666 sequence=0 flags=7
frame callback=205
presentation presented seconds=5799 nanoseconds=247935000 refresh=16666666 sequence=0 flags=7
frame callback=206
presentation presented seconds=5799 nanoseconds=264577000 refresh=16666666 sequence=0 flags=7
frame callback=207
presentation presented seconds=5799 nanoseconds=281247000 refresh=16666666 sequence=0 flags=7
frame callback=208
presentation presented seconds=5799 nanoseconds=297914000 refresh=16666666 sequence=0 flags=7
frame callback=209
presentation presented seconds=5799 nanoseconds=314595000 refresh=16666666 sequence=0 flags=7
frame callback=210
animation frame=210
presentation presented seconds=5799 nanoseconds=331270000 refresh=16666666 sequence=0 flags=7
frame callback=211
presentation presented seconds=5799 nanoseconds=347937000 refresh=16666666 sequence=0 flags=7
frame callback=212
presentation presented seconds=5799 nanoseconds=364594000 refresh=16666666 sequence=0 flags=7
frame callback=213
presentation presented seconds=5799 nanoseconds=381250000 refresh=16666666 sequence=0 flags=7
frame callback=214
presentation presented seconds=5799 nanoseconds=397918000 refresh=16666666 sequence=0 flags=7
frame callback=215
presentation presented seconds=5799 nanoseconds=414605000 refresh=16666666 sequence=0 flags=7
frame callback=216
presentation presented seconds=5799 nanoseconds=431270000 refresh=16666666 sequence=0 flags=7
frame callback=217
presentation presented seconds=5799 nanoseconds=447929000 refresh=16666666 sequence=0 flags=7
frame callback=218
presentation presented seconds=5799 nanoseconds=464596000 refresh=16666666 sequence=0 flags=7
frame callback=219
presentation presented seconds=5799 nanoseconds=481249000 refresh=16666666 sequence=0 flags=7
frame callback=220
presentation presented seconds=5799 nanoseconds=497917000 refresh=16666666 sequence=0 flags=7
frame callback=221
presentation presented seconds=5799 nanoseconds=514594000 refresh=16666666 sequence=0 flags=7
frame callback=222
presentation presented seconds=5799 nanoseconds=531277000 refresh=16666666 sequence=0 flags=7
frame callback=223
presentation presented seconds=5799 nanoseconds=547931000 refresh=16666666 sequence=0 flags=7
frame callback=224
presentation presented seconds=5799 nanoseconds=564599000 refresh=16666666 sequence=0 flags=7
frame callback=225
presentation presented seconds=5799 nanoseconds=581253000 refresh=16666666 sequence=0 flags=7
frame callback=226
presentation presented seconds=5799 nanoseconds=597919000 refresh=16666666 sequence=0 flags=7
frame callback=227
presentation presented seconds=5799 nanoseconds=614609000 refresh=16666666 sequence=0 flags=7
frame callback=228
presentation presented seconds=5799 nanoseconds=631240000 refresh=16666666 sequence=0 flags=7
frame callback=229
presentation presented seconds=5799 nanoseconds=647932000 refresh=16666666 sequence=0 flags=7
frame callback=230
presentation presented seconds=5799 nanoseconds=664602000 refresh=16666666 sequence=0 flags=7
frame callback=231
presentation presented seconds=5799 nanoseconds=681252000 refresh=16666666 sequence=0 flags=7
frame callback=232
presentation presented seconds=5799 nanoseconds=697922000 refresh=16666666 sequence=0 flags=7
frame callback=233
presentation presented seconds=5799 nanoseconds=714609000 refresh=16666666 sequence=0 flags=7
frame callback=234
presentation presented seconds=5799 nanoseconds=731267000 refresh=16666666 sequence=0 flags=7
frame callback=235
presentation presented seconds=5799 nanoseconds=747921000 refresh=16666666 sequence=0 flags=7
frame callback=236
presentation presented seconds=5799 nanoseconds=764601000 refresh=16666666 sequence=0 flags=7
frame callback=237
presentation presented seconds=5799 nanoseconds=781263000 refresh=16666666 sequence=0 flags=7
frame callback=238
presentation presented seconds=5799 nanoseconds=797932000 refresh=16666666 sequence=0 flags=7
frame callback=239
presentation presented seconds=5799 nanoseconds=814612000 refresh=16666666 sequence=0 flags=7
frame callback=240
animation frame=240
presentation presented seconds=5799 nanoseconds=831266000 refresh=16666666 sequence=0 flags=7
frame callback=241
presentation presented seconds=5799 nanoseconds=847939000 refresh=16666666 sequence=0 flags=7
frame callback=242
presentation presented seconds=5799 nanoseconds=864592000 refresh=16666666 sequence=0 flags=7
frame callback=243
presentation presented seconds=5799 nanoseconds=881265000 refresh=16666666 sequence=0 flags=7
frame callback=244
presentation presented seconds=5799 nanoseconds=897937000 refresh=16666666 sequence=0 flags=7
frame callback=245
presentation presented seconds=5799 nanoseconds=914603000 refresh=16666666 sequence=0 flags=7
frame callback=246
presentation presented seconds=5799 nanoseconds=931271000 refresh=16666666 sequence=0 flags=7
frame callback=247
presentation presented seconds=5799 nanoseconds=947939000 refresh=16666666 sequence=0 flags=7
frame callback=248
presentation presented seconds=5799 nanoseconds=964605000 refresh=16666666 sequence=0 flags=7
frame callback=249
presentation presented seconds=5799 nanoseconds=981266000 refresh=16666666 sequence=0 flags=7
frame callback=250
presentation presented seconds=5799 nanoseconds=997926000 refresh=16666666 sequence=0 flags=7
frame callback=251
presentation presented seconds=5800 nanoseconds=14603000 refresh=16666666 sequence=0 flags=7
frame callback=252
presentation presented seconds=5800 nanoseconds=31279000 refresh=16666666 sequence=0 flags=7
frame callback=253
presentation presented seconds=5800 nanoseconds=47939000 refresh=16666666 sequence=0 flags=7
frame callback=254
presentation presented seconds=5800 nanoseconds=64606000 refresh=16666666 sequence=0 flags=7
frame callback=255
presentation presented seconds=5800 nanoseconds=81270000 refresh=16666666 sequence=0 flags=7
frame callback=256
presentation presented seconds=5800 nanoseconds=97927000 refresh=16666666 sequence=0 flags=7
frame callback=257
presentation presented seconds=5800 nanoseconds=114596000 refresh=16666666 sequence=0 flags=7
frame callback=258
presentation presented seconds=5800 nanoseconds=131278000 refresh=16666666 sequence=0 flags=7
frame callback=259
presentation presented seconds=5800 nanoseconds=147943000 refresh=16666666 sequence=0 flags=7
frame callback=260
presentation presented seconds=5800 nanoseconds=164606000 refresh=16666666 sequence=0 flags=7
frame callback=261
presentation presented seconds=5800 nanoseconds=181275000 refresh=16666666 sequence=0 flags=7
frame callback=262
presentation presented seconds=5800 nanoseconds=197928000 refresh=16666666 sequence=0 flags=7
frame callback=263
presentation presented seconds=5800 nanoseconds=214609000 refresh=16666666 sequence=0 flags=7
frame callback=264
presentation presented seconds=5800 nanoseconds=231263000 refresh=16666666 sequence=0 flags=7
frame callback=265
presentation presented seconds=5800 nanoseconds=247943000 refresh=16666666 sequence=0 flags=7
frame callback=266
presentation presented seconds=5800 nanoseconds=264619000 refresh=16666666 sequence=0 flags=7
frame callback=267
presentation presented seconds=5800 nanoseconds=281263000 refresh=16666666 sequence=0 flags=7
frame callback=268
presentation presented seconds=5800 nanoseconds=297932000 refresh=16666666 sequence=0 flags=7
frame callback=269
presentation presented seconds=5800 nanoseconds=314609000 refresh=16666666 sequence=0 flags=7
frame callback=270
animation frame=270
presentation presented seconds=5800 nanoseconds=331282000 refresh=16666666 sequence=0 flags=7
frame callback=271
presentation presented seconds=5800 nanoseconds=347930000 refresh=16666666 sequence=0 flags=7
frame callback=272
presentation presented seconds=5800 nanoseconds=364624000 refresh=16666666 sequence=0 flags=7
frame callback=273
presentation presented seconds=5800 nanoseconds=381264000 refresh=16666666 sequence=0 flags=7
frame callback=274
presentation presented seconds=5800 nanoseconds=397933000 refresh=16666666 sequence=0 flags=7
frame callback=275
presentation presented seconds=5800 nanoseconds=414611000 refresh=16666666 sequence=0 flags=7
frame callback=276
presentation presented seconds=5800 nanoseconds=431281000 refresh=16666666 sequence=0 flags=7
frame callback=277
presentation presented seconds=5800 nanoseconds=447957000 refresh=16666666 sequence=0 flags=7
frame callback=278
presentation presented seconds=5800 nanoseconds=464607000 refresh=16666666 sequence=0 flags=7
frame callback=279
presentation presented seconds=5800 nanoseconds=481267000 refresh=16666666 sequence=0 flags=7
frame callback=280
presentation presented seconds=5800 nanoseconds=497935000 refresh=16666666 sequence=0 flags=7
frame callback=281
presentation presented seconds=5800 nanoseconds=514617000 refresh=16666666 sequence=0 flags=7
frame callback=282
presentation presented seconds=5800 nanoseconds=531293000 refresh=16666666 sequence=0 flags=7
frame callback=283
presentation presented seconds=5800 nanoseconds=547959000 refresh=16666666 sequence=0 flags=7
frame callback=284
presentation presented seconds=5800 nanoseconds=564615000 refresh=16666666 sequence=0 flags=7
frame callback=285
presentation presented seconds=5800 nanoseconds=581267000 refresh=16666666 sequence=0 flags=7
frame callback=286
presentation presented seconds=5800 nanoseconds=597934000 refresh=16666666 sequence=0 flags=7
frame callback=287
presentation presented seconds=5800 nanoseconds=614619000 refresh=16666666 sequence=0 flags=7
frame callback=288
presentation presented seconds=5800 nanoseconds=631292000 refresh=16666666 sequence=0 flags=7
frame callback=289
presentation presented seconds=5800 nanoseconds=647950000 refresh=16666666 sequence=0 flags=7
frame callback=290
presentation presented seconds=5800 nanoseconds=664601000 refresh=16666666 sequence=0 flags=7
frame callback=291
presentation presented seconds=5800 nanoseconds=681273000 refresh=16666666 sequence=0 flags=7
frame callback=292
presentation presented seconds=5800 nanoseconds=697937000 refresh=16666666 sequence=0 flags=7
frame callback=293
presentation presented seconds=5800 nanoseconds=714614000 refresh=16666666 sequence=0 flags=7
frame callback=294
presentation presented seconds=5800 nanoseconds=731279000 refresh=16666666 sequence=0 flags=7
frame callback=295
presentation presented seconds=5800 nanoseconds=747951000 refresh=16666666 sequence=0 flags=7
frame callback=296
presentation presented seconds=5800 nanoseconds=764620000 refresh=16666666 sequence=0 flags=7
frame callback=297
presentation presented seconds=5800 nanoseconds=781268000 refresh=16666666 sequence=0 flags=7
frame callback=298
presentation presented seconds=5800 nanoseconds=797948000 refresh=16666666 sequence=0 flags=7
frame callback=299
presentation presented seconds=5800 nanoseconds=814629000 refresh=16666666 sequence=0 flags=7
frame callback=300
animation frame=300
presentation presented seconds=5800 nanoseconds=831282000 refresh=16666666 sequence=0 flags=7
frame callback=301
presentation presented seconds=5800 nanoseconds=847952000 refresh=16666666 sequence=0 flags=7
frame callback=302
presentation presented seconds=5800 nanoseconds=864618000 refresh=16666666 sequence=0 flags=7
frame callback=303
presentation presented seconds=5800 nanoseconds=881273000 refresh=16666666 sequence=0 flags=7
frame callback=304
presentation presented seconds=5800 nanoseconds=897943000 refresh=16666666 sequence=0 flags=7
frame callback=305
presentation presented seconds=5800 nanoseconds=914617000 refresh=16666666 sequence=0 flags=7
frame callback=306
presentation presented seconds=5800 nanoseconds=931273000 refresh=16666666 sequence=0 flags=7
frame callback=307
presentation presented seconds=5800 nanoseconds=947942000 refresh=16666666 sequence=0 flags=7
frame callback=308
presentation presented seconds=5800 nanoseconds=964622000 refresh=16666666 sequence=0 flags=7
frame callback=309
presentation presented seconds=5800 nanoseconds=981275000 refresh=16666666 sequence=0 flags=7
frame callback=310
presentation presented seconds=5800 nanoseconds=997956000 refresh=16666666 sequence=0 flags=7
frame callback=311
presentation presented seconds=5801 nanoseconds=14634000 refresh=16666666 sequence=0 flags=7
frame callback=312
presentation presented seconds=5801 nanoseconds=31274000 refresh=16666666 sequence=0 flags=7
frame callback=313
presentation presented seconds=5801 nanoseconds=47956000 refresh=16666666 sequence=0 flags=7
frame callback=314
presentation presented seconds=5801 nanoseconds=64612000 refresh=16666666 sequence=0 flags=7
frame callback=315
presentation presented seconds=5801 nanoseconds=81286000 refresh=16666666 sequence=0 flags=7
frame callback=316
presentation presented seconds=5801 nanoseconds=97954000 refresh=16666666 sequence=0 flags=7
frame callback=317
presentation presented seconds=5801 nanoseconds=114623000 refresh=16666666 sequence=0 flags=7
frame callback=318
presentation presented seconds=5801 nanoseconds=131276000 refresh=16666666 sequence=0 flags=7
frame callback=319
presentation presented seconds=5801 nanoseconds=147957000 refresh=16666666 sequence=0 flags=7
frame callback=320
presentation presented seconds=5801 nanoseconds=164630000 refresh=16666666 sequence=0 flags=7
frame callback=321
presentation presented seconds=5801 nanoseconds=181289000 refresh=16666666 sequence=0 flags=7
frame callback=322
presentation presented seconds=5801 nanoseconds=197957000 refresh=16666666 sequence=0 flags=7
frame callback=323
presentation presented seconds=5801 nanoseconds=214627000 refresh=16666666 sequence=0 flags=7
frame callback=324
presentation presented seconds=5801 nanoseconds=231289000 refresh=16666666 sequence=0 flags=7
frame callback=325
presentation presented seconds=5801 nanoseconds=247962000 refresh=16666666 sequence=0 flags=7
frame callback=326
presentation presented seconds=5801 nanoseconds=264627000 refresh=16666666 sequence=0 flags=7
frame callback=327
presentation presented seconds=5801 nanoseconds=281291000 refresh=16666666 sequence=0 flags=7
frame callback=328
presentation presented seconds=5801 nanoseconds=297945000 refresh=16666666 sequence=0 flags=7
frame callback=329
presentation presented seconds=5801 nanoseconds=314617000 refresh=16666666 sequence=0 flags=7
frame callback=330
animation frame=330
presentation presented seconds=5801 nanoseconds=331283000 refresh=16666666 sequence=0 flags=7
frame callback=331
presentation presented seconds=5801 nanoseconds=347964000 refresh=16666666 sequence=0 flags=7
frame callback=332
presentation presented seconds=5801 nanoseconds=364638000 refresh=16666666 sequence=0 flags=7
frame callback=333
presentation presented seconds=5801 nanoseconds=381294000 refresh=16666666 sequence=0 flags=7
frame callback=334
presentation presented seconds=5801 nanoseconds=397951000 refresh=16666666 sequence=0 flags=7
frame callback=335
presentation presented seconds=5801 nanoseconds=414617000 refresh=16666666 sequence=0 flags=7
frame callback=336
presentation presented seconds=5801 nanoseconds=431283000 refresh=16666666 sequence=0 flags=7
frame callback=337
presentation presented seconds=5801 nanoseconds=447965000 refresh=16666666 sequence=0 flags=7
frame callback=338
presentation presented seconds=5801 nanoseconds=464641000 refresh=16666666 sequence=0 flags=7
frame callback=339
presentation presented seconds=5801 nanoseconds=481288000 refresh=16666666 sequence=0 flags=7
frame callback=340
presentation presented seconds=5801 nanoseconds=497954000 refresh=16666666 sequence=0 flags=7
frame callback=341
presentation presented seconds=5801 nanoseconds=514632000 refresh=16666666 sequence=0 flags=7
frame callback=342
presentation presented seconds=5801 nanoseconds=531287000 refresh=16666666 sequence=0 flags=7
frame callback=343
presentation presented seconds=5801 nanoseconds=547960000 refresh=16666666 sequence=0 flags=7
frame callback=344
presentation presented seconds=5801 nanoseconds=564645000 refresh=16666666 sequence=0 flags=7
frame callback=345
presentation presented seconds=5801 nanoseconds=581284000 refresh=16666666 sequence=0 flags=7
frame callback=346
presentation presented seconds=5801 nanoseconds=597953000 refresh=16666666 sequence=0 flags=7
frame callback=347
presentation presented seconds=5801 nanoseconds=614634000 refresh=16666666 sequence=0 flags=7
frame callback=348
presentation presented seconds=5801 nanoseconds=631297000 refresh=16666666 sequence=0 flags=7
frame callback=349
presentation presented seconds=5801 nanoseconds=647977000 refresh=16666666 sequence=0 flags=7
frame callback=350
presentation presented seconds=5801 nanoseconds=664614000 refresh=16666666 sequence=0 flags=7
frame callback=351
presentation presented seconds=5801 nanoseconds=681289000 refresh=16666666 sequence=0 flags=7
frame callback=352
presentation presented seconds=5801 nanoseconds=697954000 refresh=16666666 sequence=0 flags=7
frame callback=353
presentation presented seconds=5801 nanoseconds=714635000 refresh=16666666 sequence=0 flags=7
frame callback=354
presentation presented seconds=5801 nanoseconds=731291000 refresh=16666666 sequence=0 flags=7
frame callback=355
presentation presented seconds=5801 nanoseconds=747980000 refresh=16666666 sequence=0 flags=7
frame callback=356
presentation presented seconds=5801 nanoseconds=764637000 refresh=16666666 sequence=0 flags=7
frame callback=357
presentation presented seconds=5801 nanoseconds=781289000 refresh=16666666 sequence=0 flags=7
frame callback=358
presentation presented seconds=5801 nanoseconds=797957000 refresh=16666666 sequence=0 flags=7
frame callback=359
presentation presented seconds=5801 nanoseconds=814649000 refresh=16666666 sequence=0 flags=7
frame callback=360
animation frame=360
presentation presented seconds=5801 nanoseconds=831298000 refresh=16666666 sequence=0 flags=7
frame callback=361
presentation presented seconds=5801 nanoseconds=847975000 refresh=16666666 sequence=0 flags=7
frame callback=362
presentation presented seconds=5801 nanoseconds=864638000 refresh=16666666 sequence=0 flags=7
frame callback=363
presentation presented seconds=5801 nanoseconds=881291000 refresh=16666666 sequence=0 flags=7
frame callback=364
presentation presented seconds=5801 nanoseconds=897958000 refresh=16666666 sequence=0 flags=7
frame callback=365
presentation presented seconds=5801 nanoseconds=914636000 refresh=16666666 sequence=0 flags=7
frame callback=366
presentation presented seconds=5801 nanoseconds=931302000 refresh=16666666 sequence=0 flags=7
frame callback=367
presentation presented seconds=5801 nanoseconds=947973000 refresh=16666666 sequence=0 flags=7
frame callback=368
presentation presented seconds=5801 nanoseconds=964647000 refresh=16666666 sequence=0 flags=7
frame callback=369
presentation presented seconds=5801 nanoseconds=981293000 refresh=16666666 sequence=0 flags=7
frame callback=370
presentation presented seconds=5801 nanoseconds=997959000 refresh=16666666 sequence=0 flags=7
frame callback=371
presentation presented seconds=5802 nanoseconds=14651000 refresh=16666666 sequence=0 flags=7
frame callback=372
presentation presented seconds=5802 nanoseconds=31304000 refresh=16666666 sequence=0 flags=7
frame callback=373
presentation presented seconds=5802 nanoseconds=47975000 refresh=16666666 sequence=0 flags=7
frame callback=374
presentation presented seconds=5802 nanoseconds=64640000 refresh=16666666 sequence=0 flags=7
frame callback=375
presentation presented seconds=5802 nanoseconds=81296000 refresh=16666666 sequence=0 flags=7
frame callback=376
presentation presented seconds=5802 nanoseconds=97964000 refresh=16666666 sequence=0 flags=7
frame callback=377
presentation presented seconds=5802 nanoseconds=114652000 refresh=16666666 sequence=0 flags=7
frame callback=378
presentation presented seconds=5802 nanoseconds=131293000 refresh=16666666 sequence=0 flags=7
frame callback=379
presentation presented seconds=5802 nanoseconds=147964000 refresh=16666666 sequence=0 flags=7
frame callback=380
presentation presented seconds=5802 nanoseconds=164646000 refresh=16666666 sequence=0 flags=7
frame callback=381
presentation presented seconds=5802 nanoseconds=181307000 refresh=16666666 sequence=0 flags=7
frame callback=382
presentation presented seconds=5802 nanoseconds=197976000 refresh=16666666 sequence=0 flags=7
frame callback=383
presentation presented seconds=5802 nanoseconds=214653000 refresh=16666666 sequence=0 flags=7
frame callback=384
presentation presented seconds=5802 nanoseconds=231306000 refresh=16666666 sequence=0 flags=7
frame callback=385
presentation presented seconds=5802 nanoseconds=247964000 refresh=16666666 sequence=0 flags=7
frame callback=386
presentation presented seconds=5802 nanoseconds=264633000 refresh=16666666 sequence=0 flags=7
frame callback=387
presentation presented seconds=5802 nanoseconds=281308000 refresh=16666666 sequence=0 flags=7
frame callback=388
presentation presented seconds=5802 nanoseconds=297977000 refresh=16666666 sequence=0 flags=7
frame callback=389
presentation presented seconds=5802 nanoseconds=314646000 refresh=16666666 sequence=0 flags=7
frame callback=390
animation frame=390
presentation presented seconds=5802 nanoseconds=331300000 refresh=16666666 sequence=0 flags=7
frame callback=391
presentation presented seconds=5802 nanoseconds=347979000 refresh=16666666 sequence=0 flags=7
frame callback=392
presentation presented seconds=5802 nanoseconds=364649000 refresh=16666666 sequence=0 flags=7
frame callback=393
presentation presented seconds=5802 nanoseconds=381310000 refresh=16666666 sequence=0 flags=7
frame callback=394
presentation presented seconds=5802 nanoseconds=397976000 refresh=16666666 sequence=0 flags=7
frame callback=395
presentation presented seconds=5802 nanoseconds=414648000 refresh=16666666 sequence=0 flags=7
frame callback=396
presentation presented seconds=5802 nanoseconds=431304000 refresh=16666666 sequence=0 flags=7
frame callback=397
presentation presented seconds=5802 nanoseconds=447980000 refresh=16666666 sequence=0 flags=7
frame callback=398
presentation presented seconds=5802 nanoseconds=464652000 refresh=16666666 sequence=0 flags=7
frame callback=399
presentation presented seconds=5802 nanoseconds=481312000 refresh=16666666 sequence=0 flags=7
frame callback=400
presentation presented seconds=5802 nanoseconds=497971000 refresh=16666666 sequence=0 flags=7
frame callback=401
presentation presented seconds=5802 nanoseconds=514638000 refresh=16666666 sequence=0 flags=7
frame callback=402
presentation presented seconds=5802 nanoseconds=531302000 refresh=16666666 sequence=0 flags=7
frame callback=403
presentation presented seconds=5802 nanoseconds=547988000 refresh=16666666 sequence=0 flags=7
frame callback=404
presentation presented seconds=5802 nanoseconds=564653000 refresh=16666666 sequence=0 flags=7
frame callback=405
presentation presented seconds=5802 nanoseconds=581314000 refresh=16666666 sequence=0 flags=7
frame callback=406
presentation presented seconds=5802 nanoseconds=597971000 refresh=16666666 sequence=0 flags=7
frame callback=407
presentation presented seconds=5802 nanoseconds=614651000 refresh=16666666 sequence=0 flags=7
frame callback=408
presentation presented seconds=5802 nanoseconds=631304000 refresh=16666666 sequence=0 flags=7
frame callback=409
presentation presented seconds=5802 nanoseconds=647985000 refresh=16666666 sequence=0 flags=7
frame callback=410
presentation presented seconds=5802 nanoseconds=664650000 refresh=16666666 sequence=0 flags=7
frame callback=411
presentation presented seconds=5802 nanoseconds=681304000 refresh=16666666 sequence=0 flags=7
frame callback=412
presentation presented seconds=5802 nanoseconds=697974000 refresh=16666666 sequence=0 flags=7
frame callback=413
presentation presented seconds=5802 nanoseconds=714654000 refresh=16666666 sequence=0 flags=7
frame callback=414
presentation presented seconds=5802 nanoseconds=731309000 refresh=16666666 sequence=0 flags=7
frame callback=415
presentation presented seconds=5802 nanoseconds=747982000 refresh=16666666 sequence=0 flags=7
frame callback=416
presentation presented seconds=5802 nanoseconds=764665000 refresh=16666666 sequence=0 flags=7
frame callback=417
presentation presented seconds=5802 nanoseconds=781307000 refresh=16666666 sequence=0 flags=7
frame callback=418
presentation presented seconds=5802 nanoseconds=797976000 refresh=16666666 sequence=0 flags=7
frame callback=419
presentation presented seconds=5802 nanoseconds=814657000 refresh=16666666 sequence=0 flags=7
frame callback=420
animation frame=420
presentation presented seconds=5802 nanoseconds=831310000 refresh=16666666 sequence=0 flags=7
frame callback=421
presentation presented seconds=5802 nanoseconds=847999000 refresh=16666666 sequence=0 flags=7
frame callback=422
presentation presented seconds=5802 nanoseconds=864642000 refresh=16666666 sequence=0 flags=7
frame callback=423
presentation presented seconds=5802 nanoseconds=881309000 refresh=16666666 sequence=0 flags=7
frame callback=424
presentation presented seconds=5802 nanoseconds=897976000 refresh=16666666 sequence=0 flags=7
frame callback=425
presentation presented seconds=5802 nanoseconds=914644000 refresh=16666666 sequence=0 flags=7
frame callback=426
presentation presented seconds=5802 nanoseconds=931309000 refresh=16666666 sequence=0 flags=7
frame callback=427
presentation presented seconds=5802 nanoseconds=947992000 refresh=16666666 sequence=0 flags=7
frame callback=428
presentation presented seconds=5802 nanoseconds=964656000 refresh=16666666 sequence=0 flags=7
frame callback=429
presentation presented seconds=5802 nanoseconds=981313000 refresh=16666666 sequence=0 flags=7
frame callback=430
presentation presented seconds=5802 nanoseconds=997979000 refresh=16666666 sequence=0 flags=7
frame callback=431
presentation presented seconds=5803 nanoseconds=14660000 refresh=16666666 sequence=0 flags=7
frame callback=432
presentation presented seconds=5803 nanoseconds=31320000 refresh=16666666 sequence=0 flags=7
frame callback=433
presentation presented seconds=5803 nanoseconds=47992000 refresh=16666666 sequence=0 flags=7
frame callback=434
presentation presented seconds=5803 nanoseconds=64662000 refresh=16666666 sequence=0 flags=7
frame callback=435
presentation presented seconds=5803 nanoseconds=81313000 refresh=16666666 sequence=0 flags=7
frame callback=436
presentation presented seconds=5803 nanoseconds=97983000 refresh=16666666 sequence=0 flags=7
frame callback=437
presentation presented seconds=5803 nanoseconds=114657000 refresh=16666666 sequence=0 flags=7
frame callback=438
presentation presented seconds=5803 nanoseconds=131325000 refresh=16666666 sequence=0 flags=7
frame callback=439
presentation presented seconds=5803 nanoseconds=147993000 refresh=16666666 sequence=0 flags=7
frame callback=440
presentation presented seconds=5803 nanoseconds=164660000 refresh=16666666 sequence=0 flags=7
frame callback=441
presentation presented seconds=5803 nanoseconds=181316000 refresh=16666666 sequence=0 flags=7
frame callback=442
presentation presented seconds=5803 nanoseconds=197986000 refresh=16666666 sequence=0 flags=7
frame callback=443
presentation presented seconds=5803 nanoseconds=214672000 refresh=16666666 sequence=0 flags=7
frame callback=444
presentation presented seconds=5803 nanoseconds=231316000 refresh=16666666 sequence=0 flags=7
frame callback=445
presentation presented seconds=5803 nanoseconds=247981000 refresh=16666666 sequence=0 flags=7
frame callback=446
presentation presented seconds=5803 nanoseconds=264649000 refresh=16666666 sequence=0 flags=7
frame callback=447
presentation presented seconds=5803 nanoseconds=281319000 refresh=16666666 sequence=0 flags=7
frame callback=448
presentation presented seconds=5803 nanoseconds=297992000 refresh=16666666 sequence=0 flags=7
frame callback=449
presentation presented seconds=5803 nanoseconds=314663000 refresh=16666666 sequence=0 flags=7
frame callback=450
animation frame=450
presentation presented seconds=5803 nanoseconds=331315000 refresh=16666666 sequence=0 flags=7
frame callback=451
presentation presented seconds=5803 nanoseconds=347984000 refresh=16666666 sequence=0 flags=7
frame callback=452
presentation presented seconds=5803 nanoseconds=364666000 refresh=16666666 sequence=0 flags=7
frame callback=453
presentation presented seconds=5803 nanoseconds=381317000 refresh=16666666 sequence=0 flags=7
frame callback=454
presentation presented seconds=5803 nanoseconds=397996000 refresh=16666666 sequence=0 flags=7
frame callback=455
presentation presented seconds=5803 nanoseconds=414665000 refresh=16666666 sequence=0 flags=7
frame callback=456
presentation presented seconds=5803 nanoseconds=431317000 refresh=16666666 sequence=0 flags=7
frame callback=457
presentation presented seconds=5803 nanoseconds=447999000 refresh=16666666 sequence=0 flags=7
frame callback=458
presentation presented seconds=5803 nanoseconds=464653000 refresh=16666666 sequence=0 flags=7
frame callback=459
presentation presented seconds=5803 nanoseconds=481332000 refresh=16666666 sequence=0 flags=7
frame callback=460
presentation presented seconds=5803 nanoseconds=497997000 refresh=16666666 sequence=0 flags=7
frame callback=461
presentation presented seconds=5803 nanoseconds=514668000 refresh=16666666 sequence=0 flags=7
frame callback=462
presentation presented seconds=5803 nanoseconds=531322000 refresh=16666666 sequence=0 flags=7
frame callback=463
presentation presented seconds=5803 nanoseconds=548019000 refresh=16666666 sequence=0 flags=7
frame callback=464
presentation presented seconds=5803 nanoseconds=564669000 refresh=16666666 sequence=0 flags=7
frame callback=465
presentation presented seconds=5803 nanoseconds=581331000 refresh=16666666 sequence=0 flags=7
frame callback=466
presentation presented seconds=5803 nanoseconds=597988000 refresh=16666666 sequence=0 flags=7
frame callback=467
presentation presented seconds=5803 nanoseconds=614668000 refresh=16666666 sequence=0 flags=7
frame callback=468
presentation presented seconds=5803 nanoseconds=631321000 refresh=16666666 sequence=0 flags=7
frame callback=469
presentation presented seconds=5803 nanoseconds=647991000 refresh=16666666 sequence=0 flags=7
frame callback=470
presentation presented seconds=5803 nanoseconds=664672000 refresh=16666666 sequence=0 flags=7
frame callback=471
presentation presented seconds=5803 nanoseconds=681330000 refresh=16666666 sequence=0 flags=7
frame callback=472
presentation presented seconds=5803 nanoseconds=697991000 refresh=16666666 sequence=0 flags=7
frame callback=473
presentation presented seconds=5803 nanoseconds=714657000 refresh=16666666 sequence=0 flags=7
frame callback=474
presentation presented seconds=5803 nanoseconds=731325000 refresh=16666666 sequence=0 flags=7
frame callback=475
presentation presented seconds=5803 nanoseconds=748027000 refresh=16666666 sequence=0 flags=7
frame callback=476
presentation presented seconds=5803 nanoseconds=764683000 refresh=16666666 sequence=0 flags=7
frame callback=477
presentation presented seconds=5803 nanoseconds=781326000 refresh=16666666 sequence=0 flags=7
frame callback=478
presentation presented seconds=5803 nanoseconds=797995000 refresh=16666666 sequence=0 flags=7
frame callback=479
presentation presented seconds=5803 nanoseconds=814670000 refresh=16666666 sequence=0 flags=7
frame callback=480
animation frame=480
presentation presented seconds=5803 nanoseconds=831326000 refresh=16666666 sequence=0 flags=7
frame callback=481
presentation presented seconds=5803 nanoseconds=848017000 refresh=16666666 sequence=0 flags=7
frame callback=482
presentation presented seconds=5803 nanoseconds=864673000 refresh=16666666 sequence=0 flags=7
frame callback=483
presentation presented seconds=5803 nanoseconds=881327000 refresh=16666666 sequence=0 flags=7
frame callback=484
presentation presented seconds=5803 nanoseconds=897994000 refresh=16666666 sequence=0 flags=7
frame callback=485
presentation presented seconds=5803 nanoseconds=914653000 refresh=16666666 sequence=0 flags=7
frame callback=486
presentation presented seconds=5803 nanoseconds=931337000 refresh=16666666 sequence=0 flags=7
frame callback=487
presentation presented seconds=5803 nanoseconds=948007000 refresh=16666666 sequence=0 flags=7
frame callback=488
presentation presented seconds=5803 nanoseconds=964679000 refresh=16666666 sequence=0 flags=7
frame callback=489
presentation presented seconds=5803 nanoseconds=981328000 refresh=16666666 sequence=0 flags=7
frame callback=490
presentation presented seconds=5803 nanoseconds=997997000 refresh=16666666 sequence=0 flags=7
frame callback=491
presentation presented seconds=5804 nanoseconds=14678000 refresh=16666666 sequence=0 flags=7
frame callback=492
presentation presented seconds=5804 nanoseconds=31330000 refresh=16666666 sequence=0 flags=7
frame callback=493
presentation presented seconds=5804 nanoseconds=48024000 refresh=16666666 sequence=0 flags=7
frame callback=494
presentation presented seconds=5804 nanoseconds=64662000 refresh=16666666 sequence=0 flags=7
frame callback=495
presentation presented seconds=5804 nanoseconds=81330000 refresh=16666666 sequence=0 flags=7
frame callback=496
presentation presented seconds=5804 nanoseconds=97999000 refresh=16666666 sequence=0 flags=7
frame callback=497
presentation presented seconds=5804 nanoseconds=114681000 refresh=16666666 sequence=0 flags=7
frame callback=498
presentation presented seconds=5804 nanoseconds=131339000 refresh=16666666 sequence=0 flags=7
frame callback=499
presentation presented seconds=5804 nanoseconds=148012000 refresh=16666666 sequence=0 flags=7
frame callback=500
presentation presented seconds=5804 nanoseconds=164679000 refresh=16666666 sequence=0 flags=7
frame callback=501
presentation presented seconds=5804 nanoseconds=181331000 refresh=16666666 sequence=0 flags=7
frame callback=502
presentation presented seconds=5804 nanoseconds=198013000 refresh=16666666 sequence=0 flags=7
frame callback=503
presentation presented seconds=5804 nanoseconds=214689000 refresh=16666666 sequence=0 flags=7
frame callback=504
presentation presented seconds=5804 nanoseconds=231331000 refresh=16666666 sequence=0 flags=7
frame callback=505
presentation presented seconds=5804 nanoseconds=247998000 refresh=16666666 sequence=0 flags=7
frame callback=506
presentation presented seconds=5804 nanoseconds=264663000 refresh=16666666 sequence=0 flags=7
frame callback=507
presentation presented seconds=5804 nanoseconds=281333000 refresh=16666666 sequence=0 flags=7
frame callback=508
presentation presented seconds=5804 nanoseconds=298016000 refresh=16666666 sequence=0 flags=7
frame callback=509
presentation presented seconds=5804 nanoseconds=314678000 refresh=16666666 sequence=0 flags=7
frame callback=510
animation frame=510
presentation presented seconds=5804 nanoseconds=331333000 refresh=16666666 sequence=0 flags=7
frame callback=511
presentation presented seconds=5804 nanoseconds=348017000 refresh=16666666 sequence=0 flags=7
frame callback=512
presentation presented seconds=5804 nanoseconds=364680000 refresh=16666666 sequence=0 flags=7
frame callback=513
presentation presented seconds=5804 nanoseconds=381338000 refresh=16666666 sequence=0 flags=7
frame callback=514
presentation presented seconds=5804 nanoseconds=398022000 refresh=16666666 sequence=0 flags=7
frame callback=515
presentation presented seconds=5804 nanoseconds=414685000 refresh=16666666 sequence=0 flags=7
frame callback=516
presentation presented seconds=5804 nanoseconds=431337000 refresh=16666666 sequence=0 flags=7
frame callback=517
presentation presented seconds=5804 nanoseconds=448017000 refresh=16666666 sequence=0 flags=7
frame callback=518
presentation presented seconds=5804 nanoseconds=464683000 refresh=16666666 sequence=0 flags=7
frame callback=519
presentation presented seconds=5804 nanoseconds=481338000 refresh=16666666 sequence=0 flags=7
frame callback=520
presentation presented seconds=5804 nanoseconds=498019000 refresh=16666666 sequence=0 flags=7
frame callback=521
presentation presented seconds=5804 nanoseconds=514684000 refresh=16666666 sequence=0 flags=7
frame callback=522
presentation presented seconds=5804 nanoseconds=531339000 refresh=16666666 sequence=0 flags=7
frame callback=523
presentation presented seconds=5804 nanoseconds=548018000 refresh=16666666 sequence=0 flags=7
frame callback=524
presentation presented seconds=5804 nanoseconds=564687000 refresh=16666666 sequence=0 flags=7
frame callback=525
presentation presented seconds=5804 nanoseconds=581348000 refresh=16666666 sequence=0 flags=7
frame callback=526
presentation presented seconds=5804 nanoseconds=598014000 refresh=16666666 sequence=0 flags=7
frame callback=527
presentation presented seconds=5804 nanoseconds=614687000 refresh=16666666 sequence=0 flags=7
frame callback=528
presentation presented seconds=5804 nanoseconds=631336000 refresh=16666666 sequence=0 flags=7
frame callback=529
presentation presented seconds=5804 nanoseconds=648024000 refresh=16666666 sequence=0 flags=7
frame callback=530
presentation presented seconds=5804 nanoseconds=664673000 refresh=16666666 sequence=0 flags=7
frame callback=531
presentation presented seconds=5804 nanoseconds=681356000 refresh=16666666 sequence=0 flags=7
frame callback=532
presentation presented seconds=5804 nanoseconds=698014000 refresh=16666666 sequence=0 flags=7
frame callback=533
presentation presented seconds=5804 nanoseconds=714691000 refresh=16666666 sequence=0 flags=7
frame callback=534
presentation presented seconds=5804 nanoseconds=731342000 refresh=16666666 sequence=0 flags=7
frame callback=535
presentation presented seconds=5804 nanoseconds=748032000 refresh=16666666 sequence=0 flags=7
frame callback=536
presentation presented seconds=5804 nanoseconds=764700000 refresh=16666666 sequence=0 flags=7
frame callback=537
presentation presented seconds=5804 nanoseconds=781342000 refresh=16666666 sequence=0 flags=7
frame callback=538
presentation presented seconds=5804 nanoseconds=798015000 refresh=16666666 sequence=0 flags=7
frame callback=539
presentation presented seconds=5804 nanoseconds=814692000 refresh=16666666 sequence=0 flags=7
frame callback=540
animation frame=540
presentation presented seconds=5804 nanoseconds=831342000 refresh=16666666 sequence=0 flags=7
frame callback=541
presentation presented seconds=5804 nanoseconds=848029000 refresh=16666666 sequence=0 flags=7
frame callback=542
presentation presented seconds=5804 nanoseconds=864700000 refresh=16666666 sequence=0 flags=7
frame callback=543
presentation presented seconds=5804 nanoseconds=881344000 refresh=16666666 sequence=0 flags=7
frame callback=544
presentation presented seconds=5804 nanoseconds=898024000 refresh=16666666 sequence=0 flags=7
frame callback=545
presentation presented seconds=5804 nanoseconds=914680000 refresh=16666666 sequence=0 flags=7
frame callback=546
presentation presented seconds=5804 nanoseconds=931345000 refresh=16666666 sequence=0 flags=7
frame callback=547
presentation presented seconds=5804 nanoseconds=948038000 refresh=16666666 sequence=0 flags=7
frame callback=548
presentation presented seconds=5804 nanoseconds=964693000 refresh=16666666 sequence=0 flags=7
frame callback=549
presentation presented seconds=5804 nanoseconds=981344000 refresh=16666666 sequence=0 flags=7
frame callback=550
presentation presented seconds=5804 nanoseconds=998020000 refresh=16666666 sequence=0 flags=7
frame callback=551
presentation presented seconds=5805 nanoseconds=14694000 refresh=16666666 sequence=0 flags=7
frame callback=552
presentation presented seconds=5805 nanoseconds=31346000 refresh=16666666 sequence=0 flags=7
frame callback=553
presentation presented seconds=5805 nanoseconds=48029000 refresh=16666666 sequence=0 flags=7
frame callback=554
presentation presented seconds=5805 nanoseconds=64693000 refresh=16666666 sequence=0 flags=7
frame callback=555
presentation presented seconds=5805 nanoseconds=81345000 refresh=16666666 sequence=0 flags=7
frame callback=556
presentation presented seconds=5805 nanoseconds=98024000 refresh=16666666 sequence=0 flags=7
frame callback=557
presentation presented seconds=5805 nanoseconds=114701000 refresh=16666666 sequence=0 flags=7
frame callback=558
presentation presented seconds=5805 nanoseconds=131357000 refresh=16666666 sequence=0 flags=7
frame callback=559
presentation presented seconds=5805 nanoseconds=148018000 refresh=16666666 sequence=0 flags=7
frame callback=560
presentation presented seconds=5805 nanoseconds=164682000 refresh=16666666 sequence=0 flags=7
frame callback=561
presentation presented seconds=5805 nanoseconds=181351000 refresh=16666666 sequence=0 flags=7
frame callback=562
presentation presented seconds=5805 nanoseconds=198023000 refresh=16666666 sequence=0 flags=7
frame callback=563
presentation presented seconds=5805 nanoseconds=214708000 refresh=16666666 sequence=0 flags=7
frame callback=564
presentation presented seconds=5805 nanoseconds=231359000 refresh=16666666 sequence=0 flags=7
frame callback=565
presentation presented seconds=5805 nanoseconds=248021000 refresh=16666666 sequence=0 flags=7
frame callback=566
presentation presented seconds=5805 nanoseconds=264682000 refresh=16666666 sequence=0 flags=7
frame callback=567
presentation presented seconds=5805 nanoseconds=281351000 refresh=16666666 sequence=0 flags=7
frame callback=568
presentation presented seconds=5805 nanoseconds=298022000 refresh=16666666 sequence=0 flags=7
frame callback=569
presentation presented seconds=5805 nanoseconds=314707000 refresh=16666666 sequence=0 flags=7
frame callback=570
animation frame=570
presentation presented seconds=5805 nanoseconds=331354000 refresh=16666666 sequence=0 flags=7
frame callback=571
presentation presented seconds=5805 nanoseconds=348032000 refresh=16666666 sequence=0 flags=7
frame callback=572
presentation presented seconds=5805 nanoseconds=364700000 refresh=16666666 sequence=0 flags=7
frame callback=573
presentation presented seconds=5805 nanoseconds=381352000 refresh=16666666 sequence=0 flags=7
frame callback=574
presentation presented seconds=5805 nanoseconds=398031000 refresh=16666666 sequence=0 flags=7
frame callback=575
presentation presented seconds=5805 nanoseconds=414695000 refresh=16666666 sequence=0 flags=7
frame callback=576
presentation presented seconds=5805 nanoseconds=431352000 refresh=16666666 sequence=0 flags=7
frame callback=577
presentation presented seconds=5805 nanoseconds=448036000 refresh=16666666 sequence=0 flags=7
frame callback=578
presentation presented seconds=5805 nanoseconds=464704000 refresh=16666666 sequence=0 flags=7
frame callback=579
presentation presented seconds=5805 nanoseconds=481359000 refresh=16666666 sequence=0 flags=7
frame callback=580
presentation presented seconds=5805 nanoseconds=498032000 refresh=16666666 sequence=0 flags=7
frame callback=581
presentation presented seconds=5805 nanoseconds=514690000 refresh=16666666 sequence=0 flags=7
frame callback=582
presentation presented seconds=5805 nanoseconds=531352000 refresh=16666666 sequence=0 flags=7
frame callback=583
presentation presented seconds=5805 nanoseconds=548039000 refresh=16666666 sequence=0 flags=7
frame callback=584
presentation presented seconds=5805 nanoseconds=564704000 refresh=16666666 sequence=0 flags=7
frame callback=585
presentation presented seconds=5805 nanoseconds=581366000 refresh=16666666 sequence=0 flags=7
frame callback=586
presentation presented seconds=5805 nanoseconds=598024000 refresh=16666666 sequence=0 flags=7
frame callback=587
presentation presented seconds=5805 nanoseconds=614704000 refresh=16666666 sequence=0 flags=7
frame callback=588
presentation presented seconds=5805 nanoseconds=631359000 refresh=16666666 sequence=0 flags=7
frame callback=589
presentation presented seconds=5805 nanoseconds=648040000 refresh=16666666 sequence=0 flags=7
frame callback=590
presentation presented seconds=5805 nanoseconds=664714000 refresh=16666666 sequence=0 flags=7
frame callback=591
presentation presented seconds=5805 nanoseconds=681367000 refresh=16666666 sequence=0 flags=7
frame callback=592
presentation presented seconds=5805 nanoseconds=698022000 refresh=16666666 sequence=0 flags=7
frame callback=593
presentation presented seconds=5805 nanoseconds=714704000 refresh=16666666 sequence=0 flags=7
frame callback=594
presentation presented seconds=5805 nanoseconds=731358000 refresh=16666666 sequence=0 flags=7
frame callback=595
presentation presented seconds=5805 nanoseconds=748029000 refresh=16666666 sequence=0 flags=7
frame callback=596
presentation presented seconds=5805 nanoseconds=764721000 refresh=16666666 sequence=0 flags=7
frame callback=597
presentation presented seconds=5805 nanoseconds=781362000 refresh=16666666 sequence=0 flags=7
frame callback=598
presentation presented seconds=5805 nanoseconds=798038000 refresh=16666666 sequence=0 flags=7
frame callback=599
presentation presented seconds=5805 nanoseconds=814708000 refresh=16666666 sequence=0 flags=7
frame callback=600
animation frame=600
presentation presented seconds=5805 nanoseconds=831362000 refresh=16666666 sequence=0 flags=7
frame callback=601
presentation presented seconds=5805 nanoseconds=848053000 refresh=16666666 sequence=0 flags=7
frame callback=602
presentation presented seconds=5805 nanoseconds=864698000 refresh=16666666 sequence=0 flags=7
frame callback=603
presentation presented seconds=5805 nanoseconds=881360000 refresh=16666666 sequence=0 flags=7
frame callback=604
presentation presented seconds=5805 nanoseconds=898146000 refresh=16666666 sequence=0 flags=7
frame callback=605
presentation presented seconds=5805 nanoseconds=914712000 refresh=16666666 sequence=0 flags=7
frame callback=606
presentation presented seconds=5805 nanoseconds=931361000 refresh=16666666 sequence=0 flags=7
frame callback=607
presentation presented seconds=5805 nanoseconds=948056000 refresh=16666666 sequence=0 flags=7
frame callback=608
presentation presented seconds=5805 nanoseconds=964711000 refresh=16666666 sequence=0 flags=7
frame callback=609
presentation presented seconds=5805 nanoseconds=981367000 refresh=16666666 sequence=0 flags=7
frame callback=610
presentation presented seconds=5805 nanoseconds=998033000 refresh=16666666 sequence=0 flags=7
frame callback=611
presentation presented seconds=5806 nanoseconds=14714000 refresh=16666666 sequence=0 flags=7
frame callback=612
presentation presented seconds=5806 nanoseconds=31371000 refresh=16666666 sequence=0 flags=7
frame callback=613
presentation presented seconds=5806 nanoseconds=48056000 refresh=16666666 sequence=0 flags=7
frame callback=614
presentation presented seconds=5806 nanoseconds=64712000 refresh=16666666 sequence=0 flags=7
frame callback=615
presentation presented seconds=5806 nanoseconds=81365000 refresh=16666666 sequence=0 flags=7
frame callback=616
presentation presented seconds=5806 nanoseconds=98033000 refresh=16666666 sequence=0 flags=7
frame callback=617
presentation presented seconds=5806 nanoseconds=114708000 refresh=16666666 sequence=0 flags=7
frame callback=618
presentation presented seconds=5806 nanoseconds=131377000 refresh=16666666 sequence=0 flags=7
frame callback=619
presentation presented seconds=5806 nanoseconds=148048000 refresh=16666666 sequence=0 flags=7
frame callback=620
presentation presented seconds=5806 nanoseconds=164715000 refresh=16666666 sequence=0 flags=7
frame callback=621
presentation presented seconds=5806 nanoseconds=181365000 refresh=16666666 sequence=0 flags=7
frame callback=622
presentation presented seconds=5806 nanoseconds=198035000 refresh=16666666 sequence=0 flags=7
frame callback=623
presentation presented seconds=5806 nanoseconds=214727000 refresh=16666666 sequence=0 flags=7
frame callback=624
presentation presented seconds=5806 nanoseconds=231366000 refresh=16666666 sequence=0 flags=7
frame callback=625
presentation presented seconds=5806 nanoseconds=248042000 refresh=16666666 sequence=0 flags=7
frame callback=626
presentation presented seconds=5806 nanoseconds=264701000 refresh=16666666 sequence=0 flags=7
frame callback=627
presentation presented seconds=5806 nanoseconds=281367000 refresh=16666666 sequence=0 flags=7
frame callback=628
presentation presented seconds=5806 nanoseconds=298039000 refresh=16666666 sequence=0 flags=7
frame callback=629
presentation presented seconds=5806 nanoseconds=314730000 refresh=16666666 sequence=0 flags=7
frame callback=630
animation frame=630
presentation presented seconds=5806 nanoseconds=331368000 refresh=16666666 sequence=0 flags=7
frame callback=631
presentation presented seconds=5806 nanoseconds=348037000 refresh=16666666 sequence=0 flags=7
frame callback=632
presentation presented seconds=5806 nanoseconds=364720000 refresh=16666666 sequence=0 flags=7
frame callback=633
presentation presented seconds=5806 nanoseconds=381368000 refresh=16666666 sequence=0 flags=7
frame callback=634
presentation presented seconds=5806 nanoseconds=398047000 refresh=16666666 sequence=0 flags=7
frame callback=635
presentation presented seconds=5806 nanoseconds=414704000 refresh=16666666 sequence=0 flags=7
frame callback=636
presentation presented seconds=5806 nanoseconds=431368000 refresh=16666666 sequence=0 flags=7
frame callback=637
presentation presented seconds=5806 nanoseconds=448050000 refresh=16666666 sequence=0 flags=7
frame callback=638
presentation presented seconds=5806 nanoseconds=464708000 refresh=16666666 sequence=0 flags=7
frame callback=639
presentation presented seconds=5806 nanoseconds=481382000 refresh=16666666 sequence=0 flags=7
frame callback=640
presentation presented seconds=5806 nanoseconds=498047000 refresh=16666666 sequence=0 flags=7
frame callback=641
presentation presented seconds=5806 nanoseconds=514721000 refresh=16666666 sequence=0 flags=7
frame callback=642
presentation presented seconds=5806 nanoseconds=531372000 refresh=16666666 sequence=0 flags=7
frame callback=643
presentation presented seconds=5806 nanoseconds=548053000 refresh=16666666 sequence=0 flags=7
frame callback=644
presentation presented seconds=5806 nanoseconds=564723000 refresh=16666666 sequence=0 flags=7
frame callback=645
presentation presented seconds=5806 nanoseconds=581382000 refresh=16666666 sequence=0 flags=7
frame callback=646
presentation presented seconds=5806 nanoseconds=598044000 refresh=16666666 sequence=0 flags=7
frame callback=647
presentation presented seconds=5806 nanoseconds=614721000 refresh=16666666 sequence=0 flags=7
frame callback=648
presentation presented seconds=5806 nanoseconds=631376000 refresh=16666666 sequence=0 flags=7
frame callback=649
presentation presented seconds=5806 nanoseconds=648047000 refresh=16666666 sequence=0 flags=7
frame callback=650
presentation presented seconds=5806 nanoseconds=664732000 refresh=16666666 sequence=0 flags=7
frame callback=651
presentation presented seconds=5806 nanoseconds=681382000 refresh=16666666 sequence=0 flags=7
frame callback=652
presentation presented seconds=5806 nanoseconds=698044000 refresh=16666666 sequence=0 flags=7
frame callback=653
presentation presented seconds=5806 nanoseconds=714712000 refresh=16666666 sequence=0 flags=7
frame callback=654
presentation presented seconds=5806 nanoseconds=731375000 refresh=16666666 sequence=0 flags=7
frame callback=655
presentation presented seconds=5806 nanoseconds=748060000 refresh=16666666 sequence=0 flags=7
frame callback=656
presentation presented seconds=5806 nanoseconds=764735000 refresh=16666666 sequence=0 flags=7
frame callback=657
presentation presented seconds=5806 nanoseconds=781374000 refresh=16666666 sequence=0 flags=7
frame callback=658
presentation presented seconds=5806 nanoseconds=798045000 refresh=16666666 sequence=0 flags=7
frame callback=659
presentation presented seconds=5806 nanoseconds=814724000 refresh=16666666 sequence=0 flags=7
frame callback=660
animation frame=660
presentation presented seconds=5806 nanoseconds=831381000 refresh=16666666 sequence=0 flags=7
frame callback=661
presentation presented seconds=5806 nanoseconds=848072000 refresh=16666666 sequence=0 flags=7
frame callback=662
presentation presented seconds=5806 nanoseconds=864726000 refresh=16666666 sequence=0 flags=7
frame callback=663
presentation presented seconds=5806 nanoseconds=881376000 refresh=16666666 sequence=0 flags=7
frame callback=664
presentation presented seconds=5806 nanoseconds=898046000 refresh=16666666 sequence=0 flags=7
frame callback=665
presentation presented seconds=5806 nanoseconds=914727000 refresh=16666666 sequence=0 flags=7
frame callback=666
presentation presented seconds=5806 nanoseconds=931382000 refresh=16666666 sequence=0 flags=7
frame callback=667
presentation presented seconds=5806 nanoseconds=948051000 refresh=16666666 sequence=0 flags=7
frame callback=668
presentation presented seconds=5806 nanoseconds=964733000 refresh=16666666 sequence=0 flags=7
frame callback=669
presentation presented seconds=5806 nanoseconds=981382000 refresh=16666666 sequence=0 flags=7
frame callback=670
presentation presented seconds=5806 nanoseconds=998049000 refresh=16666666 sequence=0 flags=7
frame callback=671
presentation presented seconds=5807 nanoseconds=14732000 refresh=16666666 sequence=0 flags=7
frame callback=672
presentation presented seconds=5807 nanoseconds=31381000 refresh=16666666 sequence=0 flags=7
frame callback=673
presentation presented seconds=5807 nanoseconds=48067000 refresh=16666666 sequence=0 flags=7
frame callback=674
presentation presented seconds=5807 nanoseconds=64715000 refresh=16666666 sequence=0 flags=7
frame callback=675
presentation presented seconds=5807 nanoseconds=81374000 refresh=16666666 sequence=0 flags=7
frame callback=676
presentation presented seconds=5807 nanoseconds=98045000 refresh=16666666 sequence=0 flags=7
frame callback=677
presentation presented seconds=5807 nanoseconds=114742000 refresh=16666666 sequence=0 flags=7
frame callback=678
presentation presented seconds=5807 nanoseconds=131390000 refresh=16666666 sequence=0 flags=7
frame callback=679
presentation presented seconds=5807 nanoseconds=148067000 refresh=16666666 sequence=0 flags=7
frame callback=680
presentation presented seconds=5807 nanoseconds=164729000 refresh=16666666 sequence=0 flags=7
frame callback=681
presentation presented seconds=5807 nanoseconds=181382000 refresh=16666666 sequence=0 flags=7
frame callback=682
presentation presented seconds=5807 nanoseconds=198056000 refresh=16666666 sequence=0 flags=7
frame callback=683
presentation presented seconds=5807 nanoseconds=214744000 refresh=16666666 sequence=0 flags=7
frame callback=684
presentation presented seconds=5807 nanoseconds=231382000 refresh=16666666 sequence=0 flags=7
frame callback=685
presentation presented seconds=5807 nanoseconds=248070000 refresh=16666666 sequence=0 flags=7
frame callback=686
presentation presented seconds=5807 nanoseconds=264718000 refresh=16666666 sequence=0 flags=7
frame callback=687
presentation presented seconds=5807 nanoseconds=281388000 refresh=16666666 sequence=0 flags=7
frame callback=688
presentation presented seconds=5807 nanoseconds=298062000 refresh=16666666 sequence=0 flags=7
frame callback=689
presentation presented seconds=5807 nanoseconds=314719000 refresh=16666666 sequence=0 flags=7
frame callback=690
animation frame=690
presentation presented seconds=5807 nanoseconds=331385000 refresh=16666666 sequence=0 flags=7
frame callback=691
presentation presented seconds=5807 nanoseconds=348072000 refresh=16666666 sequence=0 flags=7
frame callback=692
presentation presented seconds=5807 nanoseconds=364735000 refresh=16666666 sequence=0 flags=7
frame callback=693
presentation presented seconds=5807 nanoseconds=381394000 refresh=16666666 sequence=0 flags=7
frame callback=694
presentation presented seconds=5807 nanoseconds=398065000 refresh=16666666 sequence=0 flags=7
frame callback=695
presentation presented seconds=5807 nanoseconds=414739000 refresh=16666666 sequence=0 flags=7
frame callback=696
presentation presented seconds=5807 nanoseconds=431387000 refresh=16666666 sequence=0 flags=7
frame callback=697
presentation presented seconds=5807 nanoseconds=448073000 refresh=16666666 sequence=0 flags=7
frame callback=698
presentation presented seconds=5807 nanoseconds=464737000 refresh=16666666 sequence=0 flags=7
frame callback=699
presentation presented seconds=5807 nanoseconds=481397000 refresh=16666666 sequence=0 flags=7
frame callback=700
presentation presented seconds=5807 nanoseconds=498056000 refresh=16666666 sequence=0 flags=7
frame callback=701
presentation presented seconds=5807 nanoseconds=514741000 refresh=16666666 sequence=0 flags=7
frame callback=702
presentation presented seconds=5807 nanoseconds=531387000 refresh=16666666 sequence=0 flags=7
frame callback=703
presentation presented seconds=5807 nanoseconds=548057000 refresh=16666666 sequence=0 flags=7
frame callback=704
presentation presented seconds=5807 nanoseconds=564741000 refresh=16666666 sequence=0 flags=7
frame callback=705
presentation presented seconds=5807 nanoseconds=581389000 refresh=16666666 sequence=0 flags=7
frame callback=706
presentation presented seconds=5807 nanoseconds=598059000 refresh=16666666 sequence=0 flags=7
frame callback=707
presentation presented seconds=5807 nanoseconds=614740000 refresh=16666666 sequence=0 flags=7
frame callback=708
presentation presented seconds=5807 nanoseconds=631390000 refresh=16666666 sequence=0 flags=7
frame callback=709
presentation presented seconds=5807 nanoseconds=648082000 refresh=16666666 sequence=0 flags=7
frame callback=710
presentation presented seconds=5807 nanoseconds=664727000 refresh=16666666 sequence=0 flags=7
frame callback=711
presentation presented seconds=5807 nanoseconds=681392000 refresh=16666666 sequence=0 flags=7
frame callback=712
presentation presented seconds=5807 nanoseconds=698060000 refresh=16666666 sequence=0 flags=7
frame callback=713
presentation presented seconds=5807 nanoseconds=714745000 refresh=16666666 sequence=0 flags=7
frame callback=714
presentation presented seconds=5807 nanoseconds=731394000 refresh=16666666 sequence=0 flags=7
frame callback=715
presentation presented seconds=5807 nanoseconds=748084000 refresh=16666666 sequence=0 flags=7
frame callback=716
presentation presented seconds=5807 nanoseconds=764740000 refresh=16666666 sequence=0 flags=7
frame callback=717
presentation presented seconds=5807 nanoseconds=781391000 refresh=16666666 sequence=0 flags=7
frame callback=718
presentation presented seconds=5807 nanoseconds=798063000 refresh=16666666 sequence=0 flags=7
frame callback=719
presentation presented seconds=5807 nanoseconds=814742000 refresh=16666666 sequence=0 flags=7
frame callback=720
animation frame=720
presentation presented seconds=5807 nanoseconds=831396000 refresh=16666666 sequence=0 flags=7
frame callback=721
presentation presented seconds=5807 nanoseconds=848091000 refresh=16666666 sequence=0 flags=7
frame callback=722
presentation presented seconds=5807 nanoseconds=864744000 refresh=16666666 sequence=0 flags=7
frame callback=723
presentation presented seconds=5807 nanoseconds=881393000 refresh=16666666 sequence=0 flags=7
frame callback=724
presentation presented seconds=5807 nanoseconds=898065000 refresh=16666666 sequence=0 flags=7
frame callback=725
presentation presented seconds=5807 nanoseconds=914732000 refresh=16666666 sequence=0 flags=7
frame callback=726
presentation presented seconds=5807 nanoseconds=931421000 refresh=16666666 sequence=0 flags=7
frame callback=727
presentation presented seconds=5807 nanoseconds=948077000 refresh=16666666 sequence=0 flags=7
frame callback=728
presentation presented seconds=5807 nanoseconds=964745000 refresh=16666666 sequence=0 flags=7
frame callback=729
presentation presented seconds=5807 nanoseconds=981396000 refresh=16666666 sequence=0 flags=7
frame callback=730
presentation presented seconds=5807 nanoseconds=998065000 refresh=16666666 sequence=0 flags=7
frame callback=731
presentation presented seconds=5808 nanoseconds=14758000 refresh=16666666 sequence=0 flags=7
frame callback=732
presentation presented seconds=5808 nanoseconds=31409000 refresh=16666666 sequence=0 flags=7
frame callback=733
presentation presented seconds=5808 nanoseconds=48086000 refresh=16666666 sequence=0 flags=7
frame callback=734
presentation presented seconds=5808 nanoseconds=64747000 refresh=16666666 sequence=0 flags=7
frame callback=735
presentation presented seconds=5808 nanoseconds=81398000 refresh=16666666 sequence=0 flags=7
frame callback=736
presentation presented seconds=5808 nanoseconds=98069000 refresh=16666666 sequence=0 flags=7
frame callback=737
presentation presented seconds=5808 nanoseconds=114762000 refresh=16666666 sequence=0 flags=7
frame callback=738
presentation presented seconds=5808 nanoseconds=131416000 refresh=16666666 sequence=0 flags=7
frame callback=739
presentation presented seconds=5808 nanoseconds=148068000 refresh=16666666 sequence=0 flags=7
frame callback=740
presentation presented seconds=5808 nanoseconds=164749000 refresh=16666666 sequence=0 flags=7
frame callback=741
presentation presented seconds=5808 nanoseconds=181403000 refresh=16666666 sequence=0 flags=7
frame callback=742
presentation presented seconds=5808 nanoseconds=198079000 refresh=16666666 sequence=0 flags=7
frame callback=743
presentation presented seconds=5808 nanoseconds=214748000 refresh=16666666 sequence=0 flags=7
frame callback=744
presentation presented seconds=5808 nanoseconds=231417000 refresh=16666666 sequence=0 flags=7
frame callback=745
presentation presented seconds=5808 nanoseconds=248086000 refresh=16666666 sequence=0 flags=7
frame callback=746
presentation presented seconds=5808 nanoseconds=264735000 refresh=16666666 sequence=0 flags=7
frame callback=747
presentation presented seconds=5808 nanoseconds=281412000 refresh=16666666 sequence=0 flags=7
frame callback=748
presentation presented seconds=5808 nanoseconds=298085000 refresh=16666666 sequence=0 flags=7
frame callback=749
presentation presented seconds=5808 nanoseconds=314758000 refresh=16666666 sequence=0 flags=7
frame callback=750
animation frame=750
presentation presented seconds=5808 nanoseconds=331418000 refresh=16666666 sequence=0 flags=7
frame callback=751
presentation presented seconds=5808 nanoseconds=348089000 refresh=16666666 sequence=0 flags=7
frame callback=752
presentation presented seconds=5808 nanoseconds=364752000 refresh=16666666 sequence=0 flags=7
frame callback=753
presentation presented seconds=5808 nanoseconds=381413000 refresh=16666666 sequence=0 flags=7
frame callback=754
presentation presented seconds=5808 nanoseconds=398073000 refresh=16666666 sequence=0 flags=7
frame callback=755
presentation presented seconds=5808 nanoseconds=414754000 refresh=16666666 sequence=0 flags=7
frame callback=756
presentation presented seconds=5808 nanoseconds=431419000 refresh=16666666 sequence=0 flags=7
frame callback=757
presentation presented seconds=5808 nanoseconds=448092000 refresh=16666666 sequence=0 flags=7
frame callback=758
presentation presented seconds=5808 nanoseconds=464768000 refresh=16666666 sequence=0 flags=7
frame callback=759
presentation presented seconds=5808 nanoseconds=481412000 refresh=16666666 sequence=0 flags=7
frame callback=760
presentation presented seconds=5808 nanoseconds=498075000 refresh=16666666 sequence=0 flags=7
frame callback=761
presentation presented seconds=5808 nanoseconds=514743000 refresh=16666666 sequence=0 flags=7
frame callback=762
presentation presented seconds=5808 nanoseconds=531422000 refresh=16666666 sequence=0 flags=7
frame callback=763
presentation presented seconds=5808 nanoseconds=548092000 refresh=16666666 sequence=0 flags=7
frame callback=764
presentation presented seconds=5808 nanoseconds=564764000 refresh=16666666 sequence=0 flags=7
frame callback=765
presentation presented seconds=5808 nanoseconds=581405000 refresh=16666666 sequence=0 flags=7
frame callback=766
presentation presented seconds=5808 nanoseconds=598078000 refresh=16666666 sequence=0 flags=7
frame callback=767
presentation presented seconds=5808 nanoseconds=614756000 refresh=16666666 sequence=0 flags=7
frame callback=768
presentation presented seconds=5808 nanoseconds=631409000 refresh=16666666 sequence=0 flags=7
frame callback=769
presentation presented seconds=5808 nanoseconds=648103000 refresh=16666666 sequence=0 flags=7
frame callback=770
presentation presented seconds=5808 nanoseconds=664757000 refresh=16666666 sequence=0 flags=7
frame callback=771
presentation presented seconds=5808 nanoseconds=681409000 refresh=16666666 sequence=0 flags=7
frame callback=772
presentation presented seconds=5808 nanoseconds=698077000 refresh=16666666 sequence=0 flags=7
frame callback=773
presentation presented seconds=5808 nanoseconds=714762000 refresh=16666666 sequence=0 flags=7
frame callback=774
presentation presented seconds=5808 nanoseconds=731436000 refresh=16666666 sequence=0 flags=7
frame callback=775
presentation presented seconds=5808 nanoseconds=748090000 refresh=16666666 sequence=0 flags=7
frame callback=776
presentation presented seconds=5808 nanoseconds=764744000 refresh=16666666 sequence=0 flags=7
frame callback=777
presentation presented seconds=5808 nanoseconds=781411000 refresh=16666666 sequence=0 flags=7
frame callback=778
presentation presented seconds=5808 nanoseconds=798078000 refresh=16666666 sequence=0 flags=7
frame callback=779
presentation presented seconds=5808 nanoseconds=814764000 refresh=16666666 sequence=0 flags=7
frame callback=780
animation frame=780
presentation presented seconds=5808 nanoseconds=831429000 refresh=16666666 sequence=0 flags=7
frame callback=781
presentation presented seconds=5808 nanoseconds=848094000 refresh=16666666 sequence=0 flags=7
frame callback=782
presentation presented seconds=5808 nanoseconds=864745000 refresh=16666666 sequence=0 flags=7
frame callback=783
presentation presented seconds=5808 nanoseconds=881412000 refresh=16666666 sequence=0 flags=7
frame callback=784
presentation presented seconds=5808 nanoseconds=898080000 refresh=16666666 sequence=0 flags=7
frame callback=785
presentation presented seconds=5808 nanoseconds=914750000 refresh=16666666 sequence=0 flags=7
frame callback=786
presentation presented seconds=5808 nanoseconds=931425000 refresh=16666666 sequence=0 flags=7
frame callback=787
presentation presented seconds=5808 nanoseconds=948097000 refresh=16666666 sequence=0 flags=7
frame callback=788
presentation presented seconds=5808 nanoseconds=964761000 refresh=16666666 sequence=0 flags=7
frame callback=789
presentation presented seconds=5808 nanoseconds=981414000 refresh=16666666 sequence=0 flags=7
frame callback=790
presentation presented seconds=5808 nanoseconds=998079000 refresh=16666666 sequence=0 flags=7
frame callback=791
presentation presented seconds=5809 nanoseconds=14777000 refresh=16666666 sequence=0 flags=7
frame callback=792
presentation presented seconds=5809 nanoseconds=31430000 refresh=16666666 sequence=0 flags=7
frame callback=793
presentation presented seconds=5809 nanoseconds=48097000 refresh=16666666 sequence=0 flags=7
frame callback=794
presentation presented seconds=5809 nanoseconds=64766000 refresh=16666666 sequence=0 flags=7
frame callback=795
presentation presented seconds=5809 nanoseconds=81415000 refresh=16666666 sequence=0 flags=7
frame callback=796
presentation presented seconds=5809 nanoseconds=98082000 refresh=16666666 sequence=0 flags=7
frame callback=797
presentation presented seconds=5809 nanoseconds=114751000 refresh=16666666 sequence=0 flags=7
frame callback=798
presentation presented seconds=5809 nanoseconds=131430000 refresh=16666666 sequence=0 flags=7
frame callback=799
presentation presented seconds=5809 nanoseconds=148094000 refresh=16666666 sequence=0 flags=7
frame callback=800
presentation presented seconds=5809 nanoseconds=164767000 refresh=16666666 sequence=0 flags=7
frame callback=801
presentation presented seconds=5809 nanoseconds=181430000 refresh=16666666 sequence=0 flags=7
frame callback=802
presentation presented seconds=5809 nanoseconds=198098000 refresh=16666666 sequence=0 flags=7
frame callback=803
presentation presented seconds=5809 nanoseconds=214767000 refresh=16666666 sequence=0 flags=7
frame callback=804
presentation presented seconds=5809 nanoseconds=231417000 refresh=16666666 sequence=0 flags=7
frame callback=805
presentation presented seconds=5809 nanoseconds=248085000 refresh=16666666 sequence=0 flags=7
frame callback=806
presentation presented seconds=5809 nanoseconds=264754000 refresh=16666666 sequence=0 flags=7
frame callback=807
presentation presented seconds=5809 nanoseconds=281430000 refresh=16666666 sequence=0 flags=7
frame callback=808
presentation presented seconds=5809 nanoseconds=298088000 refresh=16666666 sequence=0 flags=7
frame callback=809
presentation presented seconds=5809 nanoseconds=314769000 refresh=16666666 sequence=0 flags=7
frame callback=810
animation frame=810
presentation presented seconds=5809 nanoseconds=331437000 refresh=16666666 sequence=0 flags=7
frame callback=811
presentation presented seconds=5809 nanoseconds=348092000 refresh=16666666 sequence=0 flags=7
frame callback=812
presentation presented seconds=5809 nanoseconds=364785000 refresh=16666666 sequence=0 flags=7
frame callback=813
presentation presented seconds=5809 nanoseconds=381421000 refresh=16666666 sequence=0 flags=7
frame callback=814
presentation presented seconds=5809 nanoseconds=398092000 refresh=16666666 sequence=0 flags=7
frame callback=815
presentation presented seconds=5809 nanoseconds=414772000 refresh=16666666 sequence=0 flags=7
frame callback=816
presentation presented seconds=5809 nanoseconds=431437000 refresh=16666666 sequence=0 flags=7
frame callback=817
presentation presented seconds=5809 nanoseconds=448101000 refresh=16666666 sequence=0 flags=7
frame callback=818
presentation presented seconds=5809 nanoseconds=464767000 refresh=16666666 sequence=0 flags=7
frame callback=819
presentation presented seconds=5809 nanoseconds=481422000 refresh=16666666 sequence=0 flags=7
frame callback=820
presentation presented seconds=5809 nanoseconds=498094000 refresh=16666666 sequence=0 flags=7
frame callback=821
presentation presented seconds=5809 nanoseconds=514774000 refresh=16666666 sequence=0 flags=7
frame callback=822
presentation presented seconds=5809 nanoseconds=531442000 refresh=16666666 sequence=0 flags=7
frame callback=823
presentation presented seconds=5809 nanoseconds=548102000 refresh=16666666 sequence=0 flags=7
frame callback=824
presentation presented seconds=5809 nanoseconds=564773000 refresh=16666666 sequence=0 flags=7
frame callback=825
presentation presented seconds=5809 nanoseconds=581424000 refresh=16666666 sequence=0 flags=7
frame callback=826
presentation presented seconds=5809 nanoseconds=598094000 refresh=16666666 sequence=0 flags=7
frame callback=827
presentation presented seconds=5809 nanoseconds=614775000 refresh=16666666 sequence=0 flags=7
frame callback=828
presentation presented seconds=5809 nanoseconds=631426000 refresh=16666666 sequence=0 flags=7
frame callback=829
presentation presented seconds=5809 nanoseconds=648091000 refresh=16666666 sequence=0 flags=7
frame callback=830
presentation presented seconds=5809 nanoseconds=664775000 refresh=16666666 sequence=0 flags=7
frame callback=831
presentation presented seconds=5809 nanoseconds=681426000 refresh=16666666 sequence=0 flags=7
frame callback=832
presentation presented seconds=5809 nanoseconds=698095000 refresh=16666666 sequence=0 flags=7
frame callback=833
presentation presented seconds=5809 nanoseconds=714763000 refresh=16666666 sequence=0 flags=7
frame callback=834
presentation presented seconds=5809 nanoseconds=731453000 refresh=16666666 sequence=0 flags=7
frame callback=835
presentation presented seconds=5809 nanoseconds=748097000 refresh=16666666 sequence=0 flags=7
frame callback=836
presentation presented seconds=5809 nanoseconds=764777000 refresh=16666666 sequence=0 flags=7
frame callback=837
presentation presented seconds=5809 nanoseconds=781429000 refresh=16666666 sequence=0 flags=7
frame callback=838
presentation presented seconds=5809 nanoseconds=798097000 refresh=16666666 sequence=0 flags=7
frame callback=839
presentation presented seconds=5809 nanoseconds=814792000 refresh=16666666 sequence=0 flags=7
frame callback=840
animation frame=840
presentation presented seconds=5809 nanoseconds=831430000 refresh=16666666 sequence=0 flags=7
frame callback=841
presentation presented seconds=5809 nanoseconds=848097000 refresh=16666666 sequence=0 flags=7
frame callback=842
presentation presented seconds=5809 nanoseconds=864777000 refresh=16666666 sequence=0 flags=7
frame callback=843
presentation presented seconds=5809 nanoseconds=881430000 refresh=16666666 sequence=0 flags=7
frame callback=844
presentation presented seconds=5809 nanoseconds=898108000 refresh=16666666 sequence=0 flags=7
frame callback=845
presentation presented seconds=5809 nanoseconds=914774000 refresh=16666666 sequence=0 flags=7
frame callback=846
presentation presented seconds=5809 nanoseconds=931445000 refresh=16666666 sequence=0 flags=7
frame callback=847
presentation presented seconds=5809 nanoseconds=948099000 refresh=16666666 sequence=0 flags=7
frame callback=848
presentation presented seconds=5809 nanoseconds=964765000 refresh=16666666 sequence=0 flags=7
frame callback=849
presentation presented seconds=5809 nanoseconds=981448000 refresh=16666666 sequence=0 flags=7
frame callback=850
presentation presented seconds=5809 nanoseconds=998099000 refresh=16666666 sequence=0 flags=7
frame callback=851
presentation presented seconds=5810 nanoseconds=14787000 refresh=16666666 sequence=0 flags=7
frame callback=852
presentation presented seconds=5810 nanoseconds=31450000 refresh=16666666 sequence=0 flags=7
frame callback=853
presentation presented seconds=5810 nanoseconds=48099000 refresh=16666666 sequence=0 flags=7
frame callback=854
presentation presented seconds=5810 nanoseconds=64768000 refresh=16666666 sequence=0 flags=7
frame callback=855
presentation presented seconds=5810 nanoseconds=81442000 refresh=16666666 sequence=0 flags=7
frame callback=856
presentation presented seconds=5810 nanoseconds=98105000 refresh=16666666 sequence=0 flags=7
frame callback=857
presentation presented seconds=5810 nanoseconds=114785000 refresh=16666666 sequence=0 flags=7
frame callback=858
presentation presented seconds=5810 nanoseconds=131449000 refresh=16666666 sequence=0 flags=7
frame callback=859
presentation presented seconds=5810 nanoseconds=148104000 refresh=16666666 sequence=0 flags=7
frame callback=860
presentation presented seconds=5810 nanoseconds=164770000 refresh=16666666 sequence=0 flags=7
frame callback=861
presentation presented seconds=5810 nanoseconds=181463000 refresh=16666666 sequence=0 flags=7
frame callback=862
presentation presented seconds=5810 nanoseconds=198104000 refresh=16666666 sequence=0 flags=7
frame callback=863
presentation presented seconds=5810 nanoseconds=214788000 refresh=16666666 sequence=0 flags=7
frame callback=864
presentation presented seconds=5810 nanoseconds=231451000 refresh=16666666 sequence=0 flags=7
frame callback=865
presentation presented seconds=5810 nanoseconds=248105000 refresh=16666666 sequence=0 flags=7
frame callback=866
presentation presented seconds=5810 nanoseconds=264775000 refresh=16666666 sequence=0 flags=7
frame callback=867
presentation presented seconds=5810 nanoseconds=281439000 refresh=16666666 sequence=0 flags=7
frame callback=868
presentation presented seconds=5810 nanoseconds=298109000 refresh=16666666 sequence=0 flags=7
frame callback=869
presentation presented seconds=5810 nanoseconds=314777000 refresh=16666666 sequence=0 flags=7
frame callback=870
animation frame=870
presentation presented seconds=5810 nanoseconds=331455000 refresh=16666666 sequence=0 flags=7
frame callback=871
presentation presented seconds=5810 nanoseconds=348117000 refresh=16666666 sequence=0 flags=7
frame callback=872
presentation presented seconds=5810 nanoseconds=364778000 refresh=16666666 sequence=0 flags=7
frame callback=873
presentation presented seconds=5810 nanoseconds=381439000 refresh=16666666 sequence=0 flags=7
frame callback=874
presentation presented seconds=5810 nanoseconds=398107000 refresh=16666666 sequence=0 flags=7
frame callback=875
presentation presented seconds=5810 nanoseconds=414793000 refresh=16666666 sequence=0 flags=7
frame callback=876
presentation presented seconds=5810 nanoseconds=431440000 refresh=16666666 sequence=0 flags=7
frame callback=877
presentation presented seconds=5810 nanoseconds=448119000 refresh=16666666 sequence=0 flags=7
frame callback=878
presentation presented seconds=5810 nanoseconds=464788000 refresh=16666666 sequence=0 flags=7
frame callback=879
presentation presented seconds=5810 nanoseconds=481439000 refresh=16666666 sequence=0 flags=7
frame callback=880
presentation presented seconds=5810 nanoseconds=498111000 refresh=16666666 sequence=0 flags=7
frame callback=881
presentation presented seconds=5810 nanoseconds=514791000 refresh=16666666 sequence=0 flags=7
frame callback=882
presentation presented seconds=5810 nanoseconds=531467000 refresh=16666666 sequence=0 flags=7
frame callback=883
presentation presented seconds=5810 nanoseconds=548109000 refresh=16666666 sequence=0 flags=7
frame callback=884
presentation presented seconds=5810 nanoseconds=564796000 refresh=16666666 sequence=0 flags=7
frame callback=885
presentation presented seconds=5810 nanoseconds=581460000 refresh=16666666 sequence=0 flags=7
frame callback=886
presentation presented seconds=5810 nanoseconds=598113000 refresh=16666666 sequence=0 flags=7
frame callback=887
presentation presented seconds=5810 nanoseconds=614802000 refresh=16666666 sequence=0 flags=7
frame callback=888
presentation presented seconds=5810 nanoseconds=631469000 refresh=16666666 sequence=0 flags=7
frame callback=889
presentation presented seconds=5810 nanoseconds=648112000 refresh=16666666 sequence=0 flags=7
frame callback=890
presentation presented seconds=5810 nanoseconds=664776000 refresh=16666666 sequence=0 flags=7
frame callback=891
presentation presented seconds=5810 nanoseconds=681444000 refresh=16666666 sequence=0 flags=7
frame callback=892
presentation presented seconds=5810 nanoseconds=698114000 refresh=16666666 sequence=0 flags=7
frame callback=893
presentation presented seconds=5810 nanoseconds=714803000 refresh=16666666 sequence=0 flags=7
frame callback=894
presentation presented seconds=5810 nanoseconds=731456000 refresh=16666666 sequence=0 flags=7
frame callback=895
presentation presented seconds=5810 nanoseconds=748112000 refresh=16666666 sequence=0 flags=7
frame callback=896
presentation presented seconds=5810 nanoseconds=764791000 refresh=16666666 sequence=0 flags=7
frame callback=897
presentation presented seconds=5810 nanoseconds=781445000 refresh=16666666 sequence=0 flags=7
frame callback=898
presentation presented seconds=5810 nanoseconds=798114000 refresh=16666666 sequence=0 flags=7
frame callback=899
presentation presented seconds=5810 nanoseconds=814797000 refresh=16666666 sequence=0 flags=7
frame callback=900
animation frame=900
presentation presented seconds=5810 nanoseconds=831463000 refresh=16666666 sequence=0 flags=7
frame callback=901
presentation presented seconds=5810 nanoseconds=848116000 refresh=16666666 sequence=0 flags=7
frame callback=902
presentation presented seconds=5810 nanoseconds=864800000 refresh=16666666 sequence=0 flags=7
frame callback=903
presentation presented seconds=5810 nanoseconds=881448000 refresh=16666666 sequence=0 flags=7
frame callback=904
presentation presented seconds=5810 nanoseconds=898126000 refresh=16666666 sequence=0 flags=7
frame callback=905
presentation presented seconds=5810 nanoseconds=914781000 refresh=16666666 sequence=0 flags=7
frame callback=906
presentation presented seconds=5810 nanoseconds=931462000 refresh=16666666 sequence=0 flags=7
frame callback=907
presentation presented seconds=5810 nanoseconds=948114000 refresh=16666666 sequence=0 flags=7
frame callback=908
presentation presented seconds=5810 nanoseconds=964798000 refresh=16666666 sequence=0 flags=7
frame callback=909
presentation presented seconds=5810 nanoseconds=981455000 refresh=16666666 sequence=0 flags=7
frame callback=910
presentation presented seconds=5810 nanoseconds=998117000 refresh=16666666 sequence=0 flags=7
frame callback=911
presentation presented seconds=5811 nanoseconds=14802000 refresh=16666666 sequence=0 flags=7
frame callback=912
presentation presented seconds=5811 nanoseconds=31450000 refresh=16666666 sequence=0 flags=7
frame callback=913
presentation presented seconds=5811 nanoseconds=48121000 refresh=16666666 sequence=0 flags=7
frame callback=914
presentation presented seconds=5811 nanoseconds=64809000 refresh=16666666 sequence=0 flags=7
frame callback=915
presentation presented seconds=5811 nanoseconds=81454000 refresh=16666666 sequence=0 flags=7
frame callback=916
presentation presented seconds=5811 nanoseconds=98121000 refresh=16666666 sequence=0 flags=7
frame callback=917
presentation presented seconds=5811 nanoseconds=114784000 refresh=16666666 sequence=0 flags=7
frame callback=918
presentation presented seconds=5811 nanoseconds=131450000 refresh=16666666 sequence=0 flags=7
frame callback=919
presentation presented seconds=5811 nanoseconds=148130000 refresh=16666666 sequence=0 flags=7
frame callback=920
presentation presented seconds=5811 nanoseconds=164798000 refresh=16666666 sequence=0 flags=7
frame callback=921
presentation presented seconds=5811 nanoseconds=181452000 refresh=16666666 sequence=0 flags=7
frame callback=922
presentation presented seconds=5811 nanoseconds=198122000 refresh=16666666 sequence=0 flags=7
frame callback=923
presentation presented seconds=5811 nanoseconds=214791000 refresh=16666666 sequence=0 flags=7
frame callback=924
presentation presented seconds=5811 nanoseconds=231453000 refresh=16666666 sequence=0 flags=7
frame callback=925
presentation presented seconds=5811 nanoseconds=248131000 refresh=16666666 sequence=0 flags=7
frame callback=926
presentation presented seconds=5811 nanoseconds=264787000 refresh=16666666 sequence=0 flags=7
frame callback=927
presentation presented seconds=5811 nanoseconds=281457000 refresh=16666666 sequence=0 flags=7
frame callback=928
presentation presented seconds=5811 nanoseconds=298120000 refresh=16666666 sequence=0 flags=7
frame callback=929
presentation presented seconds=5811 nanoseconds=314790000 refresh=16666666 sequence=0 flags=7
frame callback=930
animation frame=930
presentation presented seconds=5811 nanoseconds=331465000 refresh=16666666 sequence=0 flags=7
frame callback=931
presentation presented seconds=5811 nanoseconds=348120000 refresh=16666666 sequence=0 flags=7
frame callback=932
presentation presented seconds=5811 nanoseconds=364790000 refresh=16666666 sequence=0 flags=7
frame callback=933
presentation presented seconds=5811 nanoseconds=381456000 refresh=16666666 sequence=0 flags=7
frame callback=934
presentation presented seconds=5811 nanoseconds=398127000 refresh=16666666 sequence=0 flags=7
frame callback=935
presentation presented seconds=5811 nanoseconds=414793000 refresh=16666666 sequence=0 flags=7
frame callback=936
presentation presented seconds=5811 nanoseconds=431466000 refresh=16666666 sequence=0 flags=7
frame callback=937
presentation presented seconds=5811 nanoseconds=448124000 refresh=16666666 sequence=0 flags=7
frame callback=938
presentation presented seconds=5811 nanoseconds=464790000 refresh=16666666 sequence=0 flags=7
frame callback=939
presentation presented seconds=5811 nanoseconds=481459000 refresh=16666666 sequence=0 flags=7
frame callback=940
presentation presented seconds=5811 nanoseconds=498128000 refresh=16666666 sequence=0 flags=7
frame callback=941
presentation presented seconds=5811 nanoseconds=514805000 refresh=16666666 sequence=0 flags=7
frame callback=942
presentation presented seconds=5811 nanoseconds=531460000 refresh=16666666 sequence=0 flags=7
frame callback=943
presentation presented seconds=5811 nanoseconds=548127000 refresh=16666666 sequence=0 flags=7
frame callback=944
presentation presented seconds=5811 nanoseconds=564791000 refresh=16666666 sequence=0 flags=7
frame callback=945
presentation presented seconds=5811 nanoseconds=581463000 refresh=16666666 sequence=0 flags=7
frame callback=946
presentation presented seconds=5811 nanoseconds=598139000 refresh=16666666 sequence=0 flags=7
frame callback=947
presentation presented seconds=5811 nanoseconds=614788000 refresh=16666666 sequence=0 flags=7
frame callback=948
presentation presented seconds=5811 nanoseconds=631462000 refresh=16666666 sequence=0 flags=7
frame callback=949
presentation presented seconds=5811 nanoseconds=648126000 refresh=16666666 sequence=0 flags=7
frame callback=950
presentation presented seconds=5811 nanoseconds=664794000 refresh=16666666 sequence=0 flags=7
frame callback=951
presentation presented seconds=5811 nanoseconds=681463000 refresh=16666666 sequence=0 flags=7
frame callback=952
presentation presented seconds=5811 nanoseconds=698144000 refresh=16666666 sequence=0 flags=7
frame callback=953
presentation presented seconds=5811 nanoseconds=714795000 refresh=16666666 sequence=0 flags=7
frame callback=954
presentation presented seconds=5811 nanoseconds=731462000 refresh=16666666 sequence=0 flags=7
frame callback=955
presentation presented seconds=5811 nanoseconds=748130000 refresh=16666666 sequence=0 flags=7
frame callback=956
presentation presented seconds=5811 nanoseconds=764798000 refresh=16666666 sequence=0 flags=7
frame callback=957
presentation presented seconds=5811 nanoseconds=781473000 refresh=16666666 sequence=0 flags=7
frame callback=958
presentation presented seconds=5811 nanoseconds=798131000 refresh=16666666 sequence=0 flags=7
frame callback=959
presentation presented seconds=5811 nanoseconds=814799000 refresh=16666666 sequence=0 flags=7
frame callback=960
animation frame=960
presentation presented seconds=5811 nanoseconds=831465000 refresh=16666666 sequence=0 flags=7
frame callback=961
presentation presented seconds=5811 nanoseconds=848132000 refresh=16666666 sequence=0 flags=7
frame callback=962
presentation presented seconds=5811 nanoseconds=864807000 refresh=16666666 sequence=0 flags=7
frame callback=963
presentation presented seconds=5811 nanoseconds=881464000 refresh=16666666 sequence=0 flags=7
frame callback=964
presentation presented seconds=5811 nanoseconds=898136000 refresh=16666666 sequence=0 flags=7
frame callback=965
presentation presented seconds=5811 nanoseconds=914797000 refresh=16666666 sequence=0 flags=7
frame callback=966
presentation presented seconds=5811 nanoseconds=931466000 refresh=16666666 sequence=0 flags=7
frame callback=967
presentation presented seconds=5811 nanoseconds=948135000 refresh=16666666 sequence=0 flags=7
frame callback=968
presentation presented seconds=5811 nanoseconds=964810000 refresh=16666666 sequence=0 flags=7
frame callback=969
presentation presented seconds=5811 nanoseconds=981469000 refresh=16666666 sequence=0 flags=7
frame callback=970
presentation presented seconds=5811 nanoseconds=998138000 refresh=16666666 sequence=0 flags=7
frame callback=971
presentation presented seconds=5812 nanoseconds=14799000 refresh=16666666 sequence=0 flags=7
frame callback=972
presentation presented seconds=5812 nanoseconds=31471000 refresh=16666666 sequence=0 flags=7
frame callback=973
presentation presented seconds=5812 nanoseconds=48145000 refresh=16666666 sequence=0 flags=7
frame callback=974
presentation presented seconds=5812 nanoseconds=64801000 refresh=16666666 sequence=0 flags=7
frame callback=975
presentation presented seconds=5812 nanoseconds=81467000 refresh=16666666 sequence=0 flags=7
frame callback=976
presentation presented seconds=5812 nanoseconds=98137000 refresh=16666666 sequence=0 flags=7
frame callback=977
presentation presented seconds=5812 nanoseconds=114801000 refresh=16666666 sequence=0 flags=7
frame callback=978
presentation presented seconds=5812 nanoseconds=131480000 refresh=16666666 sequence=0 flags=7
frame callback=979
presentation presented seconds=5812 nanoseconds=148150000 refresh=16666666 sequence=0 flags=7
frame callback=980
presentation presented seconds=5812 nanoseconds=164804000 refresh=16666666 sequence=0 flags=7
frame callback=981
presentation presented seconds=5812 nanoseconds=181470000 refresh=16666666 sequence=0 flags=7
frame callback=982
presentation presented seconds=5812 nanoseconds=198141000 refresh=16666666 sequence=0 flags=7
frame callback=983
presentation presented seconds=5812 nanoseconds=214815000 refresh=16666666 sequence=0 flags=7
frame callback=984
presentation presented seconds=5812 nanoseconds=231480000 refresh=16666666 sequence=0 flags=7
frame callback=985
presentation presented seconds=5812 nanoseconds=248141000 refresh=16666666 sequence=0 flags=7
frame callback=986
presentation presented seconds=5812 nanoseconds=264804000 refresh=16666666 sequence=0 flags=7
frame callback=987
presentation presented seconds=5812 nanoseconds=281472000 refresh=16666666 sequence=0 flags=7
frame callback=988
presentation presented seconds=5812 nanoseconds=298142000 refresh=16666666 sequence=0 flags=7
frame callback=989
presentation presented seconds=5812 nanoseconds=314818000 refresh=16666666 sequence=0 flags=7
frame callback=990
animation frame=990
presentation presented seconds=5812 nanoseconds=331473000 refresh=16666666 sequence=0 flags=7
frame callback=991
presentation presented seconds=5812 nanoseconds=348139000 refresh=16666666 sequence=0 flags=7
frame callback=992
presentation presented seconds=5812 nanoseconds=364804000 refresh=16666666 sequence=0 flags=7
frame callback=993
presentation presented seconds=5812 nanoseconds=381477000 refresh=16666666 sequence=0 flags=7
frame callback=994
presentation presented seconds=5812 nanoseconds=398154000 refresh=16666666 sequence=0 flags=7
frame callback=995
presentation presented seconds=5812 nanoseconds=414799000 refresh=16666666 sequence=0 flags=7
frame callback=996
presentation presented seconds=5812 nanoseconds=431475000 refresh=16666666 sequence=0 flags=7
frame callback=997
presentation presented seconds=5812 nanoseconds=448142000 refresh=16666666 sequence=0 flags=7
frame callback=998
presentation presented seconds=5812 nanoseconds=464806000 refresh=16666666 sequence=0 flags=7
frame callback=999
presentation presented seconds=5812 nanoseconds=481480000 refresh=16666666 sequence=0 flags=7
frame callback=1000
presentation presented seconds=5812 nanoseconds=498154000 refresh=16666666 sequence=0 flags=7
frame callback=1001
presentation presented seconds=5812 nanoseconds=514810000 refresh=16666666 sequence=0 flags=7
frame callback=1002
presentation presented seconds=5812 nanoseconds=531478000 refresh=16666666 sequence=0 flags=7
frame callback=1003
presentation presented seconds=5812 nanoseconds=548143000 refresh=16666666 sequence=0 flags=7
frame callback=1004
presentation presented seconds=5812 nanoseconds=564813000 refresh=16666666 sequence=0 flags=7
frame callback=1005
presentation presented seconds=5812 nanoseconds=581487000 refresh=16666666 sequence=0 flags=7
frame callback=1006
presentation presented seconds=5812 nanoseconds=598150000 refresh=16666666 sequence=0 flags=7
frame callback=1007
presentation presented seconds=5812 nanoseconds=614810000 refresh=16666666 sequence=0 flags=7
frame callback=1008
presentation presented seconds=5812 nanoseconds=631480000 refresh=16666666 sequence=0 flags=7
frame callback=1009
presentation presented seconds=5812 nanoseconds=648146000 refresh=16666666 sequence=0 flags=7
frame callback=1010
presentation presented seconds=5812 nanoseconds=664822000 refresh=16666666 sequence=0 flags=7
frame callback=1011
presentation presented seconds=5812 nanoseconds=681470000 refresh=16666666 sequence=0 flags=7
frame callback=1012
presentation presented seconds=5812 nanoseconds=698150000 refresh=16666666 sequence=0 flags=7
frame callback=1013
presentation presented seconds=5812 nanoseconds=714815000 refresh=16666666 sequence=0 flags=7
frame callback=1014
presentation presented seconds=5812 nanoseconds=731480000 refresh=16666666 sequence=0 flags=7
frame callback=1015
presentation presented seconds=5812 nanoseconds=748150000 refresh=16666666 sequence=0 flags=7
frame callback=1016
presentation presented seconds=5812 nanoseconds=764823000 refresh=16666666 sequence=0 flags=7
frame callback=1017
presentation presented seconds=5812 nanoseconds=781479000 refresh=16666666 sequence=0 flags=7
frame callback=1018
presentation presented seconds=5812 nanoseconds=798150000 refresh=16666666 sequence=0 flags=7
frame callback=1019
presentation presented seconds=5812 nanoseconds=814817000 refresh=16666666 sequence=0 flags=7
frame callback=1020
animation frame=1020
presentation presented seconds=5812 nanoseconds=831483000 refresh=16666666 sequence=0 flags=7
frame callback=1021
presentation presented seconds=5812 nanoseconds=848161000 refresh=16666666 sequence=0 flags=7
frame callback=1022
presentation presented seconds=5812 nanoseconds=864817000 refresh=16666666 sequence=0 flags=7
frame callback=1023
presentation presented seconds=5812 nanoseconds=881481000 refresh=16666666 sequence=0 flags=7
frame callback=1024
presentation presented seconds=5812 nanoseconds=898150000 refresh=16666666 sequence=0 flags=7
frame callback=1025
presentation presented seconds=5812 nanoseconds=914816000 refresh=16666666 sequence=0 flags=7
frame callback=1026
presentation presented seconds=5812 nanoseconds=931492000 refresh=16666666 sequence=0 flags=7
frame callback=1027
presentation presented seconds=5812 nanoseconds=948149000 refresh=16666666 sequence=0 flags=7
frame callback=1028
presentation presented seconds=5812 nanoseconds=964816000 refresh=16666666 sequence=0 flags=7
frame callback=1029
presentation presented seconds=5812 nanoseconds=981484000 refresh=16666666 sequence=0 flags=7
frame callback=1030
presentation presented seconds=5812 nanoseconds=998151000 refresh=16666666 sequence=0 flags=7
frame callback=1031
presentation presented seconds=5813 nanoseconds=14820000 refresh=16666666 sequence=0 flags=7
frame callback=1032
presentation presented seconds=5813 nanoseconds=31495000 refresh=16666666 sequence=0 flags=7
frame callback=1033
presentation presented seconds=5813 nanoseconds=48150000 refresh=16666666 sequence=0 flags=7
frame callback=1034
presentation presented seconds=5813 nanoseconds=64820000 refresh=16666666 sequence=0 flags=7
frame callback=1035
presentation presented seconds=5813 nanoseconds=81492000 refresh=16666666 sequence=0 flags=7
frame callback=1036
presentation presented seconds=5813 nanoseconds=98155000 refresh=16666666 sequence=0 flags=7
frame callback=1037
presentation presented seconds=5813 nanoseconds=114834000 refresh=16666666 sequence=0 flags=7
frame callback=1038
presentation presented seconds=5813 nanoseconds=131486000 refresh=16666666 sequence=0 flags=7
frame callback=1039
presentation presented seconds=5813 nanoseconds=148157000 refresh=16666666 sequence=0 flags=7
frame callback=1040
presentation presented seconds=5813 nanoseconds=164819000 refresh=16666666 sequence=0 flags=7
frame callback=1041
presentation presented seconds=5813 nanoseconds=181486000 refresh=16666666 sequence=0 flags=7
frame callback=1042
presentation presented seconds=5813 nanoseconds=198169000 refresh=16666666 sequence=0 flags=7
frame callback=1043
presentation presented seconds=5813 nanoseconds=214811000 refresh=16666666 sequence=0 flags=7
frame callback=1044
presentation presented seconds=5813 nanoseconds=231489000 refresh=16666666 sequence=0 flags=7
frame callback=1045
presentation presented seconds=5813 nanoseconds=248156000 refresh=16666666 sequence=0 flags=7
frame callback=1046
presentation presented seconds=5813 nanoseconds=264823000 refresh=16666666 sequence=0 flags=7
frame callback=1047
presentation presented seconds=5813 nanoseconds=281502000 refresh=16666666 sequence=0 flags=7
frame callback=1048
presentation presented seconds=5813 nanoseconds=298168000 refresh=16666666 sequence=0 flags=7
frame callback=1049
presentation presented seconds=5813 nanoseconds=314823000 refresh=16666666 sequence=0 flags=7
frame callback=1050
animation frame=1050
presentation presented seconds=5813 nanoseconds=331489000 refresh=16666666 sequence=0 flags=7
frame callback=1051
presentation presented seconds=5813 nanoseconds=348156000 refresh=16666666 sequence=0 flags=7
frame callback=1052
presentation presented seconds=5813 nanoseconds=364825000 refresh=16666666 sequence=0 flags=7
frame callback=1053
presentation presented seconds=5813 nanoseconds=381499000 refresh=16666666 sequence=0 flags=7
frame callback=1054
presentation presented seconds=5813 nanoseconds=398166000 refresh=16666666 sequence=0 flags=7
frame callback=1055
presentation presented seconds=5813 nanoseconds=414825000 refresh=16666666 sequence=0 flags=7
frame callback=1056
presentation presented seconds=5813 nanoseconds=431492000 refresh=16666666 sequence=0 flags=7
frame callback=1057
presentation presented seconds=5813 nanoseconds=448162000 refresh=16666666 sequence=0 flags=7
frame callback=1058
presentation presented seconds=5813 nanoseconds=464826000 refresh=16666666 sequence=0 flags=7
frame callback=1059
presentation presented seconds=5813 nanoseconds=481491000 refresh=16666666 sequence=0 flags=7
frame callback=1060
presentation presented seconds=5813 nanoseconds=498164000 refresh=16666666 sequence=0 flags=7
frame callback=1061
presentation presented seconds=5813 nanoseconds=514828000 refresh=16666666 sequence=0 flags=7
frame callback=1062
presentation presented seconds=5813 nanoseconds=531495000 refresh=16666666 sequence=0 flags=7
frame callback=1063
presentation presented seconds=5813 nanoseconds=548172000 refresh=16666666 sequence=0 flags=7
frame callback=1064
presentation presented seconds=5813 nanoseconds=564839000 refresh=16666666 sequence=0 flags=7
frame callback=1065
presentation presented seconds=5813 nanoseconds=581495000 refresh=16666666 sequence=0 flags=7
frame callback=1066
presentation presented seconds=5813 nanoseconds=598166000 refresh=16666666 sequence=0 flags=7
frame callback=1067
presentation presented seconds=5813 nanoseconds=614829000 refresh=16666666 sequence=0 flags=7
frame callback=1068
presentation presented seconds=5813 nanoseconds=631496000 refresh=16666666 sequence=0 flags=7
frame callback=1069
presentation presented seconds=5813 nanoseconds=648162000 refresh=16666666 sequence=0 flags=7
frame callback=1070
presentation presented seconds=5813 nanoseconds=664827000 refresh=16666666 sequence=0 flags=7
frame callback=1071
presentation presented seconds=5813 nanoseconds=681500000 refresh=16666666 sequence=0 flags=7
frame callback=1072
presentation presented seconds=5813 nanoseconds=698169000 refresh=16666666 sequence=0 flags=7
frame callback=1073
presentation presented seconds=5813 nanoseconds=714833000 refresh=16666666 sequence=0 flags=7
frame callback=1074
presentation presented seconds=5813 nanoseconds=731506000 refresh=16666666 sequence=0 flags=7
frame callback=1075
presentation presented seconds=5813 nanoseconds=748166000 refresh=16666666 sequence=0 flags=7
frame callback=1076
presentation presented seconds=5813 nanoseconds=764833000 refresh=16666666 sequence=0 flags=7
frame callback=1077
presentation presented seconds=5813 nanoseconds=781500000 refresh=16666666 sequence=0 flags=7
frame callback=1078
presentation presented seconds=5813 nanoseconds=798166000 refresh=16666666 sequence=0 flags=7
frame callback=1079
presentation presented seconds=5813 nanoseconds=814836000 refresh=16666666 sequence=0 flags=7
frame callback=1080
animation frame=1080
presentation presented seconds=5813 nanoseconds=831508000 refresh=16666666 sequence=0 flags=7
frame callback=1081
presentation presented seconds=5813 nanoseconds=848165000 refresh=16666666 sequence=0 flags=7
frame callback=1082
presentation presented seconds=5813 nanoseconds=864832000 refresh=16666666 sequence=0 flags=7
frame callback=1083
presentation presented seconds=5813 nanoseconds=881500000 refresh=16666666 sequence=0 flags=7
frame callback=1084
presentation presented seconds=5813 nanoseconds=898166000 refresh=16666666 sequence=0 flags=7
frame callback=1085
presentation presented seconds=5813 nanoseconds=914849000 refresh=16666666 sequence=0 flags=7
frame callback=1086
presentation presented seconds=5813 nanoseconds=931498000 refresh=16666666 sequence=0 flags=7
frame callback=1087
presentation presented seconds=5813 nanoseconds=948169000 refresh=16666666 sequence=0 flags=7
frame callback=1088
presentation presented seconds=5813 nanoseconds=964834000 refresh=16666666 sequence=0 flags=7
frame callback=1089
presentation presented seconds=5813 nanoseconds=981502000 refresh=16666666 sequence=0 flags=7
frame callback=1090
presentation presented seconds=5813 nanoseconds=998172000 refresh=16666666 sequence=0 flags=7
frame callback=1091
presentation presented seconds=5814 nanoseconds=14834000 refresh=16666666 sequence=0 flags=7
frame callback=1092
presentation presented seconds=5814 nanoseconds=31505000 refresh=16666666 sequence=0 flags=7
frame callback=1093
presentation presented seconds=5814 nanoseconds=48169000 refresh=16666666 sequence=0 flags=7
frame callback=1094
presentation presented seconds=5814 nanoseconds=64835000 refresh=16666666 sequence=0 flags=7
frame callback=1095
presentation presented seconds=5814 nanoseconds=81503000 refresh=16666666 sequence=0 flags=7
frame callback=1096
presentation presented seconds=5814 nanoseconds=98187000 refresh=16666666 sequence=0 flags=7
frame callback=1097
presentation presented seconds=5814 nanoseconds=114837000 refresh=16666666 sequence=0 flags=7
frame callback=1098
presentation presented seconds=5814 nanoseconds=131504000 refresh=16666666 sequence=0 flags=7
frame callback=1099
presentation presented seconds=5814 nanoseconds=148171000 refresh=16666666 sequence=0 flags=7
frame callback=1100
presentation presented seconds=5814 nanoseconds=164839000 refresh=16666666 sequence=0 flags=7
frame callback=1101
presentation presented seconds=5814 nanoseconds=181515000 refresh=16666666 sequence=0 flags=7
frame callback=1102
presentation presented seconds=5814 nanoseconds=198174000 refresh=16666666 sequence=0 flags=7
frame callback=1103
presentation presented seconds=5814 nanoseconds=214840000 refresh=16666666 sequence=0 flags=7
frame callback=1104
presentation presented seconds=5814 nanoseconds=231506000 refresh=16666666 sequence=0 flags=7
frame callback=1105
presentation presented seconds=5814 nanoseconds=248175000 refresh=16666666 sequence=0 flags=7
frame callback=1106
presentation presented seconds=5814 nanoseconds=264854000 refresh=16666666 sequence=0 flags=7
frame callback=1107
presentation presented seconds=5814 nanoseconds=282275000 refresh=16666666 sequence=0 flags=7
frame callback=1108
presentation presented seconds=5814 nanoseconds=298176000 refresh=16666666 sequence=0 flags=7
frame callback=1109
presentation presented seconds=5814 nanoseconds=314861000 refresh=16666666 sequence=0 flags=7
frame callback=1110
animation frame=1110
presentation presented seconds=5814 nanoseconds=331526000 refresh=16666666 sequence=0 flags=7
frame callback=1111
presentation presented seconds=5814 nanoseconds=348184000 refresh=16666666 sequence=0 flags=7
frame callback=1112
presentation presented seconds=5814 nanoseconds=364847000 refresh=16666666 sequence=0 flags=7
frame callback=1113
presentation presented seconds=5814 nanoseconds=381522000 refresh=16666666 sequence=0 flags=7
frame callback=1114
presentation presented seconds=5814 nanoseconds=398177000 refresh=16666666 sequence=0 flags=7
frame callback=1115
presentation presented seconds=5814 nanoseconds=414842000 refresh=16666666 sequence=0 flags=7
frame callback=1116
presentation presented seconds=5814 nanoseconds=431525000 refresh=16666666 sequence=0 flags=7
frame callback=1117
presentation presented seconds=5814 nanoseconds=448188000 refresh=16666666 sequence=0 flags=7
frame callback=1118
presentation presented seconds=5814 nanoseconds=464858000 refresh=16666666 sequence=0 flags=7
frame callback=1119
presentation presented seconds=5814 nanoseconds=481524000 refresh=16666666 sequence=0 flags=7
frame callback=1120
presentation presented seconds=5814 nanoseconds=498177000 refresh=16666666 sequence=0 flags=7
frame callback=1121
presentation presented seconds=5814 nanoseconds=514847000 refresh=16666666 sequence=0 flags=7
frame callback=1122
presentation presented seconds=5814 nanoseconds=531535000 refresh=16666666 sequence=0 flags=7
frame callback=1123
presentation presented seconds=5814 nanoseconds=548176000 refresh=16666666 sequence=0 flags=7
frame callback=1124
presentation presented seconds=5814 nanoseconds=564858000 refresh=16666666 sequence=0 flags=7
frame callback=1125
presentation presented seconds=5814 nanoseconds=581527000 refresh=16666666 sequence=0 flags=7
frame callback=1126
presentation presented seconds=5814 nanoseconds=598234000 refresh=16666666 sequence=0 flags=7
frame callback=1127
presentation presented seconds=5814 nanoseconds=614872000 refresh=16666666 sequence=0 flags=7
frame callback=1128
presentation presented seconds=5814 nanoseconds=631514000 refresh=16666666 sequence=0 flags=7
frame callback=1129
presentation presented seconds=5814 nanoseconds=648177000 refresh=16666666 sequence=0 flags=7
frame callback=1130
presentation presented seconds=5814 nanoseconds=664866000 refresh=16666666 sequence=0 flags=7
frame callback=1131
presentation presented seconds=5814 nanoseconds=681527000 refresh=16666666 sequence=0 flags=7
frame callback=1132
presentation presented seconds=5814 nanoseconds=698183000 refresh=16666666 sequence=0 flags=7
frame callback=1133
presentation presented seconds=5814 nanoseconds=714860000 refresh=16666666 sequence=0 flags=7
frame callback=1134
presentation presented seconds=5814 nanoseconds=731527000 refresh=16666666 sequence=0 flags=7
frame callback=1135
presentation presented seconds=5814 nanoseconds=748180000 refresh=16666666 sequence=0 flags=7
frame callback=1136
presentation presented seconds=5814 nanoseconds=764846000 refresh=16666666 sequence=0 flags=7
frame callback=1137
presentation presented seconds=5814 nanoseconds=781531000 refresh=16666666 sequence=0 flags=7
frame callback=1138
presentation presented seconds=5814 nanoseconds=798192000 refresh=16666666 sequence=0 flags=7
frame callback=1139
presentation presented seconds=5814 nanoseconds=814869000 refresh=16666666 sequence=0 flags=7
frame callback=1140
animation frame=1140
presentation presented seconds=5814 nanoseconds=831529000 refresh=16666666 sequence=0 flags=7
frame callback=1141
presentation presented seconds=5814 nanoseconds=848181000 refresh=16666666 sequence=0 flags=7
frame callback=1142
presentation presented seconds=5814 nanoseconds=864850000 refresh=16666666 sequence=0 flags=7
frame callback=1143
presentation presented seconds=5814 nanoseconds=881529000 refresh=16666666 sequence=0 flags=7
frame callback=1144
presentation presented seconds=5814 nanoseconds=898183000 refresh=16666666 sequence=0 flags=7
frame callback=1145
presentation presented seconds=5814 nanoseconds=914850000 refresh=16666666 sequence=0 flags=7
frame callback=1146
presentation presented seconds=5814 nanoseconds=931532000 refresh=16666666 sequence=0 flags=7
frame callback=1147
presentation presented seconds=5814 nanoseconds=948185000 refresh=16666666 sequence=0 flags=7
frame callback=1148
presentation presented seconds=5814 nanoseconds=964876000 refresh=16666666 sequence=0 flags=7
frame callback=1149
presentation presented seconds=5814 nanoseconds=981542000 refresh=16666666 sequence=0 flags=7
frame callback=1150
presentation presented seconds=5814 nanoseconds=998185000 refresh=16666666 sequence=0 flags=7
frame callback=1151
presentation presented seconds=5815 nanoseconds=14851000 refresh=16666666 sequence=0 flags=7
frame callback=1152
presentation presented seconds=5815 nanoseconds=31533000 refresh=16666666 sequence=0 flags=7
frame callback=1153
presentation presented seconds=5815 nanoseconds=48184000 refresh=16666666 sequence=0 flags=7
frame callback=1154
presentation presented seconds=5815 nanoseconds=64878000 refresh=16666666 sequence=0 flags=7
frame callback=1155
presentation presented seconds=5815 nanoseconds=81534000 refresh=16666666 sequence=0 flags=7
frame callback=1156
presentation presented seconds=5815 nanoseconds=98181000 refresh=16666666 sequence=0 flags=7
frame callback=1157
presentation presented seconds=5815 nanoseconds=114854000 refresh=16666666 sequence=0 flags=7
frame callback=1158
presentation presented seconds=5815 nanoseconds=131536000 refresh=16666666 sequence=0 flags=7
frame callback=1159
presentation presented seconds=5815 nanoseconds=148187000 refresh=16666666 sequence=0 flags=7
frame callback=1160
presentation presented seconds=5815 nanoseconds=164856000 refresh=16666666 sequence=0 flags=7
frame callback=1161
presentation presented seconds=5815 nanoseconds=181538000 refresh=16666666 sequence=0 flags=7
frame callback=1162
presentation presented seconds=5815 nanoseconds=198198000 refresh=16666666 sequence=0 flags=7
frame callback=1163
presentation presented seconds=5815 nanoseconds=214870000 refresh=16666666 sequence=0 flags=7
frame callback=1164
presentation presented seconds=5815 nanoseconds=231539000 refresh=16666666 sequence=0 flags=7
frame callback=1165
presentation presented seconds=5815 nanoseconds=248180000 refresh=16666666 sequence=0 flags=7
frame callback=1166
presentation presented seconds=5815 nanoseconds=264872000 refresh=16666666 sequence=0 flags=7
frame callback=1167
presentation presented seconds=5815 nanoseconds=281537000 refresh=16666666 sequence=0 flags=7
frame callback=1168
presentation presented seconds=5815 nanoseconds=298251000 refresh=16666666 sequence=0 flags=7
frame callback=1169
presentation presented seconds=5815 nanoseconds=314856000 refresh=16666666 sequence=0 flags=7
frame callback=1170
animation frame=1170
presentation presented seconds=5815 nanoseconds=331553000 refresh=16666666 sequence=0 flags=7
frame callback=1171
presentation presented seconds=5815 nanoseconds=348192000 refresh=16666666 sequence=0 flags=7
frame callback=1172
presentation presented seconds=5815 nanoseconds=364858000 refresh=16666666 sequence=0 flags=7
frame callback=1173
presentation presented seconds=5815 nanoseconds=381539000 refresh=16666666 sequence=0 flags=7
frame callback=1174
presentation presented seconds=5815 nanoseconds=398282000 refresh=16666666 sequence=0 flags=7
frame callback=1175
presentation presented seconds=5815 nanoseconds=414889000 refresh=16666666 sequence=0 flags=7
frame callback=1176
presentation presented seconds=5815 nanoseconds=431539000 refresh=16666666 sequence=0 flags=7
frame callback=1177
presentation presented seconds=5815 nanoseconds=448189000 refresh=16666666 sequence=0 flags=7
frame callback=1178
presentation presented seconds=5815 nanoseconds=464878000 refresh=16666666 sequence=0 flags=7
frame callback=1179
presentation presented seconds=5815 nanoseconds=481530000 refresh=16666666 sequence=0 flags=7
frame callback=1180
presentation presented seconds=5815 nanoseconds=498292000 refresh=16666666 sequence=0 flags=7
frame callback=1181
presentation presented seconds=5815 nanoseconds=514861000 refresh=16666666 sequence=0 flags=7
frame callback=1182
presentation presented seconds=5815 nanoseconds=531543000 refresh=16666666 sequence=0 flags=7
frame callback=1183
presentation presented seconds=5815 nanoseconds=548198000 refresh=16666666 sequence=0 flags=7
frame callback=1184
presentation presented seconds=5815 nanoseconds=564880000 refresh=16666666 sequence=0 flags=7
frame callback=1185
presentation presented seconds=5815 nanoseconds=581550000 refresh=16666666 sequence=0 flags=7
frame callback=1186
presentation presented seconds=5815 nanoseconds=598931000 refresh=16666666 sequence=0 flags=7
frame callback=1187
presentation presented seconds=5815 nanoseconds=614865000 refresh=16666666 sequence=0 flags=7
frame callback=1188
presentation presented seconds=5815 nanoseconds=631545000 refresh=16666666 sequence=0 flags=7
frame callback=1189
presentation presented seconds=5815 nanoseconds=648199000 refresh=16666666 sequence=0 flags=7
frame callback=1190
presentation presented seconds=5815 nanoseconds=664882000 refresh=16666666 sequence=0 flags=7
frame callback=1191
presentation presented seconds=5815 nanoseconds=681560000 refresh=16666666 sequence=0 flags=7
frame callback=1192
presentation presented seconds=5815 nanoseconds=698199000 refresh=16666666 sequence=0 flags=7
frame callback=1193
presentation presented seconds=5815 nanoseconds=714866000 refresh=16666666 sequence=0 flags=7
frame callback=1194
presentation presented seconds=5815 nanoseconds=731549000 refresh=16666666 sequence=0 flags=7
frame callback=1195
presentation presented seconds=5815 nanoseconds=748200000 refresh=16666666 sequence=0 flags=7
frame callback=1196
presentation presented seconds=5815 nanoseconds=764894000 refresh=16666666 sequence=0 flags=7
frame callback=1197
presentation presented seconds=5815 nanoseconds=781546000 refresh=16666666 sequence=0 flags=7
frame callback=1198
presentation presented seconds=5815 nanoseconds=798200000 refresh=16666666 sequence=0 flags=7
frame callback=1199
presentation presented seconds=5815 nanoseconds=814868000 refresh=16666666 sequence=0 flags=7
frame callback=1200
animation frame=1200
presentation presented seconds=5815 nanoseconds=831535000 refresh=16666666 sequence=0 flags=7
frame callback=1201
presentation presented seconds=5815 nanoseconds=848225000 refresh=16666666 sequence=0 flags=7
frame callback=1202
presentation presented seconds=5815 nanoseconds=864882000 refresh=16666666 sequence=0 flags=7
frame callback=1203
presentation presented seconds=5815 nanoseconds=881552000 refresh=16666666 sequence=0 flags=7
frame callback=1204
presentation presented seconds=5815 nanoseconds=898206000 refresh=16666666 sequence=0 flags=7
frame callback=1205
presentation presented seconds=5815 nanoseconds=914868000 refresh=16666666 sequence=0 flags=7
frame callback=1206
presentation presented seconds=5815 nanoseconds=931551000 refresh=16666666 sequence=0 flags=7
frame callback=1207
presentation presented seconds=5815 nanoseconds=948194000 refresh=16666666 sequence=0 flags=7
frame callback=1208
presentation presented seconds=5815 nanoseconds=964868000 refresh=16666666 sequence=0 flags=7
frame callback=1209
presentation presented seconds=5815 nanoseconds=981551000 refresh=16666666 sequence=0 flags=7
frame callback=1210
presentation presented seconds=5815 nanoseconds=998201000 refresh=16666666 sequence=0 flags=7
frame callback=1211
presentation presented seconds=5816 nanoseconds=14875000 refresh=16666666 sequence=0 flags=7
frame callback=1212
presentation presented seconds=5816 nanoseconds=31563000 refresh=16666666 sequence=0 flags=7
frame callback=1213
presentation presented seconds=5816 nanoseconds=48201000 refresh=16666666 sequence=0 flags=7
frame callback=1214
presentation presented seconds=5816 nanoseconds=64890000 refresh=16666666 sequence=0 flags=7
frame callback=1215
presentation presented seconds=5816 nanoseconds=81540000 refresh=16666666 sequence=0 flags=7
frame callback=1216
presentation presented seconds=5816 nanoseconds=98205000 refresh=16666666 sequence=0 flags=7
frame callback=1217
presentation presented seconds=5816 nanoseconds=114873000 refresh=16666666 sequence=0 flags=7
frame callback=1218
presentation presented seconds=5816 nanoseconds=131552000 refresh=16666666 sequence=0 flags=7
frame callback=1219
presentation presented seconds=5816 nanoseconds=148204000 refresh=16666666 sequence=0 flags=7
frame callback=1220
presentation presented seconds=5816 nanoseconds=164891000 refresh=16666666 sequence=0 flags=7
frame callback=1221
presentation presented seconds=5816 nanoseconds=181556000 refresh=16666666 sequence=0 flags=7
frame callback=1222
presentation presented seconds=5816 nanoseconds=198208000 refresh=16666666 sequence=0 flags=7
frame callback=1223
presentation presented seconds=5816 nanoseconds=214872000 refresh=16666666 sequence=0 flags=7
frame callback=1224
presentation presented seconds=5816 nanoseconds=231554000 refresh=16666666 sequence=0 flags=7
frame callback=1225
presentation presented seconds=5816 nanoseconds=248207000 refresh=16666666 sequence=0 flags=7
frame callback=1226
presentation presented seconds=5816 nanoseconds=264890000 refresh=16666666 sequence=0 flags=7
frame callback=1227
presentation presented seconds=5816 nanoseconds=281539000 refresh=16666666 sequence=0 flags=7
frame callback=1228
presentation presented seconds=5816 nanoseconds=298217000 refresh=16666666 sequence=0 flags=7
frame callback=1229
presentation presented seconds=5816 nanoseconds=314874000 refresh=16666666 sequence=0 flags=7
frame callback=1230
animation frame=1230
presentation presented seconds=5816 nanoseconds=331557000 refresh=16666666 sequence=0 flags=7
frame callback=1231
presentation presented seconds=5816 nanoseconds=348208000 refresh=16666666 sequence=0 flags=7
frame callback=1232
presentation presented seconds=5816 nanoseconds=364892000 refresh=16666666 sequence=0 flags=7
frame callback=1233
presentation presented seconds=5816 nanoseconds=381568000 refresh=16666666 sequence=0 flags=7
frame callback=1234
presentation presented seconds=5816 nanoseconds=398211000 refresh=16666666 sequence=0 flags=7
frame callback=1235
presentation presented seconds=5816 nanoseconds=414885000 refresh=16666666 sequence=0 flags=7
frame callback=1236
presentation presented seconds=5816 nanoseconds=431545000 refresh=16666666 sequence=0 flags=7
frame callback=1237
presentation presented seconds=5816 nanoseconds=448227000 refresh=16666666 sequence=0 flags=7
frame callback=1238
presentation presented seconds=5816 nanoseconds=464901000 refresh=16666666 sequence=0 flags=7
frame callback=1239
presentation presented seconds=5816 nanoseconds=481558000 refresh=16666666 sequence=0 flags=7
frame callback=1240
presentation presented seconds=5816 nanoseconds=498209000 refresh=16666666 sequence=0 flags=7
frame callback=1241
presentation presented seconds=5816 nanoseconds=514876000 refresh=16666666 sequence=0 flags=7
frame callback=1242
presentation presented seconds=5816 nanoseconds=531547000 refresh=16666666 sequence=0 flags=7
frame callback=1243
presentation presented seconds=5816 nanoseconds=548220000 refresh=16666666 sequence=0 flags=7
frame callback=1244
presentation presented seconds=5816 nanoseconds=564878000 refresh=16666666 sequence=0 flags=7
frame callback=1245
presentation presented seconds=5816 nanoseconds=581561000 refresh=16666666 sequence=0 flags=7
frame callback=1246
presentation presented seconds=5816 nanoseconds=598212000 refresh=16666666 sequence=0 flags=7
frame callback=1247
presentation presented seconds=5816 nanoseconds=614883000 refresh=16666666 sequence=0 flags=7
frame callback=1248
presentation presented seconds=5816 nanoseconds=631571000 refresh=16666666 sequence=0 flags=7
frame callback=1249
presentation presented seconds=5816 nanoseconds=648220000 refresh=16666666 sequence=0 flags=7
frame callback=1250
presentation presented seconds=5816 nanoseconds=664895000 refresh=16666666 sequence=0 flags=7
frame callback=1251
presentation presented seconds=5816 nanoseconds=681548000 refresh=16666666 sequence=0 flags=7
frame callback=1252
presentation presented seconds=5816 nanoseconds=698215000 refresh=16666666 sequence=0 flags=7
frame callback=1253
presentation presented seconds=5816 nanoseconds=714883000 refresh=16666666 sequence=0 flags=7
frame callback=1254
presentation presented seconds=5816 nanoseconds=731572000 refresh=16666666 sequence=0 flags=7
frame callback=1255
presentation presented seconds=5816 nanoseconds=748218000 refresh=16666666 sequence=0 flags=7
frame callback=1256
presentation presented seconds=5816 nanoseconds=764900000 refresh=16666666 sequence=0 flags=7
frame callback=1257
presentation presented seconds=5816 nanoseconds=781564000 refresh=16666666 sequence=0 flags=7
frame callback=1258
presentation presented seconds=5816 nanoseconds=798216000 refresh=16666666 sequence=0 flags=7
frame callback=1259
presentation presented seconds=5816 nanoseconds=814897000 refresh=16666666 sequence=0 flags=7
frame callback=1260
animation frame=1260
presentation presented seconds=5816 nanoseconds=831568000 refresh=16666666 sequence=0 flags=7
frame callback=1261
presentation presented seconds=5816 nanoseconds=848218000 refresh=16666666 sequence=0 flags=7
frame callback=1262
presentation presented seconds=5816 nanoseconds=864904000 refresh=16666666 sequence=0 flags=7
frame callback=1263
presentation presented seconds=5816 nanoseconds=881567000 refresh=16666666 sequence=0 flags=7
frame callback=1264
presentation presented seconds=5816 nanoseconds=898219000 refresh=16666666 sequence=0 flags=7
frame callback=1265
presentation presented seconds=5816 nanoseconds=914886000 refresh=16666666 sequence=0 flags=7
frame callback=1266
presentation presented seconds=5816 nanoseconds=931565000 refresh=16666666 sequence=0 flags=7
frame callback=1267
presentation presented seconds=5816 nanoseconds=948235000 refresh=16666666 sequence=0 flags=7
frame callback=1268
presentation presented seconds=5816 nanoseconds=964899000 refresh=16666666 sequence=0 flags=7
frame callback=1269
presentation presented seconds=5816 nanoseconds=981575000 refresh=16666666 sequence=0 flags=7
frame callback=1270
presentation presented seconds=5816 nanoseconds=998232000 refresh=16666666 sequence=0 flags=7
frame callback=1271
presentation presented seconds=5817 nanoseconds=14887000 refresh=16666666 sequence=0 flags=7
frame callback=1272
presentation presented seconds=5817 nanoseconds=31556000 refresh=16666666 sequence=0 flags=7
frame callback=1273
presentation presented seconds=5817 nanoseconds=48219000 refresh=16666666 sequence=0 flags=7
frame callback=1274
presentation presented seconds=5817 nanoseconds=64902000 refresh=16666666 sequence=0 flags=7
frame callback=1275
presentation presented seconds=5817 nanoseconds=81582000 refresh=16666666 sequence=0 flags=7
frame callback=1276
presentation presented seconds=5817 nanoseconds=98221000 refresh=16666666 sequence=0 flags=7
frame callback=1277
presentation presented seconds=5817 nanoseconds=114889000 refresh=16666666 sequence=0 flags=7
frame callback=1278
presentation presented seconds=5817 nanoseconds=131570000 refresh=16666666 sequence=0 flags=7
frame callback=1279
presentation presented seconds=5817 nanoseconds=148222000 refresh=16666666 sequence=0 flags=7
frame callback=1280
presentation presented seconds=5817 nanoseconds=164900000 refresh=16666666 sequence=0 flags=7
frame callback=1281
presentation presented seconds=5817 nanoseconds=181572000 refresh=16666666 sequence=0 flags=7
frame callback=1282
presentation presented seconds=5817 nanoseconds=198221000 refresh=16666666 sequence=0 flags=7
frame callback=1283
presentation presented seconds=5817 nanoseconds=214890000 refresh=16666666 sequence=0 flags=7
frame callback=1284
presentation presented seconds=5817 nanoseconds=231572000 refresh=16666666 sequence=0 flags=7
frame callback=1285
presentation presented seconds=5817 nanoseconds=248240000 refresh=16666666 sequence=0 flags=7
frame callback=1286
presentation presented seconds=5817 nanoseconds=264904000 refresh=16666666 sequence=0 flags=7
frame callback=1287
presentation presented seconds=5817 nanoseconds=281566000 refresh=16666666 sequence=0 flags=7
frame callback=1288
presentation presented seconds=5817 nanoseconds=298736000 refresh=16666666 sequence=0 flags=7
frame callback=1289
presentation presented seconds=5817 nanoseconds=314894000 refresh=16666666 sequence=0 flags=7
frame callback=1290
animation frame=1290
presentation presented seconds=5817 nanoseconds=331586000 refresh=16666666 sequence=0 flags=7
frame callback=1291
presentation presented seconds=5817 nanoseconds=348250000 refresh=16666666 sequence=0 flags=7
frame callback=1292
presentation presented seconds=5817 nanoseconds=364907000 refresh=16666666 sequence=0 flags=7
frame callback=1293
presentation presented seconds=5817 nanoseconds=381576000 refresh=16666666 sequence=0 flags=7
frame callback=1294
presentation presented seconds=5817 nanoseconds=398226000 refresh=16666666 sequence=0 flags=7
frame callback=1295
presentation presented seconds=5817 nanoseconds=414892000 refresh=16666666 sequence=0 flags=7
frame callback=1296
presentation presented seconds=5817 nanoseconds=431586000 refresh=16666666 sequence=0 flags=7
frame callback=1297
presentation presented seconds=5817 nanoseconds=448241000 refresh=16666666 sequence=0 flags=7
frame callback=1298
presentation presented seconds=5817 nanoseconds=464909000 refresh=16666666 sequence=0 flags=7
frame callback=1299
presentation presented seconds=5817 nanoseconds=481574000 refresh=16666666 sequence=0 flags=7
frame callback=1300
presentation presented seconds=5817 nanoseconds=498228000 refresh=16666666 sequence=0 flags=7
frame callback=1301
presentation presented seconds=5817 nanoseconds=514896000 refresh=16666666 sequence=0 flags=7
frame callback=1302
presentation presented seconds=5817 nanoseconds=531577000 refresh=16666666 sequence=0 flags=7
frame callback=1303
presentation presented seconds=5817 nanoseconds=548247000 refresh=16666666 sequence=0 flags=7
frame callback=1304
presentation presented seconds=5817 nanoseconds=564911000 refresh=16666666 sequence=0 flags=7
frame callback=1305
presentation presented seconds=5817 nanoseconds=581580000 refresh=16666666 sequence=0 flags=7
frame callback=1306
presentation presented seconds=5817 nanoseconds=598241000 refresh=16666666 sequence=0 flags=7
frame callback=1307
presentation presented seconds=5817 nanoseconds=614892000 refresh=16666666 sequence=0 flags=7
frame callback=1308
presentation presented seconds=5817 nanoseconds=631566000 refresh=16666666 sequence=0 flags=7
frame callback=1309
presentation presented seconds=5817 nanoseconds=648249000 refresh=16666666 sequence=0 flags=7
frame callback=1310
presentation presented seconds=5817 nanoseconds=664915000 refresh=16666666 sequence=0 flags=7
frame callback=1311
presentation presented seconds=5817 nanoseconds=681593000 refresh=16666666 sequence=0 flags=7
frame callback=1312
presentation presented seconds=5817 nanoseconds=698231000 refresh=16666666 sequence=0 flags=7
frame callback=1313
presentation presented seconds=5817 nanoseconds=714899000 refresh=16666666 sequence=0 flags=7
frame callback=1314
presentation presented seconds=5817 nanoseconds=731579000 refresh=16666666 sequence=0 flags=7
frame callback=1315
presentation presented seconds=5817 nanoseconds=748230000 refresh=16666666 sequence=0 flags=7
frame callback=1316
presentation presented seconds=5817 nanoseconds=764901000 refresh=16666666 sequence=0 flags=7
frame callback=1317
presentation presented seconds=5817 nanoseconds=781590000 refresh=16666666 sequence=0 flags=7
frame callback=1318
presentation presented seconds=5817 nanoseconds=798233000 refresh=16666666 sequence=0 flags=7
frame callback=1319
presentation presented seconds=5817 nanoseconds=814900000 refresh=16666666 sequence=0 flags=7
frame callback=1320
animation frame=1320
presentation presented seconds=5817 nanoseconds=831585000 refresh=16666666 sequence=0 flags=7
frame callback=1321
presentation presented seconds=5817 nanoseconds=848249000 refresh=16666666 sequence=0 flags=7
frame callback=1322
presentation presented seconds=5817 nanoseconds=864917000 refresh=16666666 sequence=0 flags=7
frame callback=1323
presentation presented seconds=5817 nanoseconds=881570000 refresh=16666666 sequence=0 flags=7
frame callback=1324
presentation presented seconds=5817 nanoseconds=898235000 refresh=16666666 sequence=0 flags=7
frame callback=1325
presentation presented seconds=5817 nanoseconds=914903000 refresh=16666666 sequence=0 flags=7
frame callback=1326
presentation presented seconds=5817 nanoseconds=931584000 refresh=16666666 sequence=0 flags=7
frame callback=1327
presentation presented seconds=5817 nanoseconds=948251000 refresh=16666666 sequence=0 flags=7
frame callback=1328
presentation presented seconds=5817 nanoseconds=964902000 refresh=16666666 sequence=0 flags=7
frame callback=1329
presentation presented seconds=5817 nanoseconds=981583000 refresh=16666666 sequence=0 flags=7
frame callback=1330
presentation presented seconds=5817 nanoseconds=998235000 refresh=16666666 sequence=0 flags=7
frame callback=1331
presentation presented seconds=5818 nanoseconds=14911000 refresh=16666666 sequence=0 flags=7
frame callback=1332
presentation presented seconds=5818 nanoseconds=31595000 refresh=16666666 sequence=0 flags=7
frame callback=1333
presentation presented seconds=5818 nanoseconds=48263000 refresh=16666666 sequence=0 flags=7
frame callback=1334
presentation presented seconds=5818 nanoseconds=64905000 refresh=16666666 sequence=0 flags=7
frame callback=1335
presentation presented seconds=5818 nanoseconds=81588000 refresh=16666666 sequence=0 flags=7
frame callback=1336
presentation presented seconds=5818 nanoseconds=98238000 refresh=16666666 sequence=0 flags=7
frame callback=1337
presentation presented seconds=5818 nanoseconds=114907000 refresh=16666666 sequence=0 flags=7
frame callback=1338
presentation presented seconds=5818 nanoseconds=131599000 refresh=16666666 sequence=0 flags=7
frame callback=1339
presentation presented seconds=5818 nanoseconds=148254000 refresh=16666666 sequence=0 flags=7
frame callback=1340
presentation presented seconds=5818 nanoseconds=164906000 refresh=16666666 sequence=0 flags=7
frame callback=1341
presentation presented seconds=5818 nanoseconds=181589000 refresh=16666666 sequence=0 flags=7
frame callback=1342
presentation presented seconds=5818 nanoseconds=198240000 refresh=16666666 sequence=0 flags=7
frame callback=1343
presentation presented seconds=5818 nanoseconds=214921000 refresh=16666666 sequence=0 flags=7
frame callback=1344
presentation presented seconds=5818 nanoseconds=231574000 refresh=16666666 sequence=0 flags=7
frame callback=1345
presentation presented seconds=5818 nanoseconds=248241000 refresh=16666666 sequence=0 flags=7
frame callback=1346
presentation presented seconds=5818 nanoseconds=264910000 refresh=16666666 sequence=0 flags=7
frame callback=1347
presentation presented seconds=5818 nanoseconds=281592000 refresh=16666666 sequence=0 flags=7
frame callback=1348
presentation presented seconds=5818 nanoseconds=298251000 refresh=16666666 sequence=0 flags=7
frame callback=1349
presentation presented seconds=5818 nanoseconds=314913000 refresh=16666666 sequence=0 flags=7
frame callback=1350
animation frame=1350
presentation presented seconds=5818 nanoseconds=331574000 refresh=16666666 sequence=0 flags=7
frame callback=1351
presentation presented seconds=5818 nanoseconds=348242000 refresh=16666666 sequence=0 flags=7
frame callback=1352
presentation presented seconds=5818 nanoseconds=364908000 refresh=16666666 sequence=0 flags=7
frame callback=1353
presentation presented seconds=5818 nanoseconds=381594000 refresh=16666666 sequence=0 flags=7
frame callback=1354
presentation presented seconds=5818 nanoseconds=398242000 refresh=16666666 sequence=0 flags=7
frame callback=1355
presentation presented seconds=5818 nanoseconds=414914000 refresh=16666666 sequence=0 flags=7
frame callback=1356
presentation presented seconds=5818 nanoseconds=431591000 refresh=16666666 sequence=0 flags=7
frame callback=1357
presentation presented seconds=5818 nanoseconds=448258000 refresh=16666666 sequence=0 flags=7
frame callback=1358
presentation presented seconds=5818 nanoseconds=464912000 refresh=16666666 sequence=0 flags=7
frame callback=1359
presentation presented seconds=5818 nanoseconds=481587000 refresh=16666666 sequence=0 flags=7
frame callback=1360
presentation presented seconds=5818 nanoseconds=498247000 refresh=16666666 sequence=0 flags=7
frame callback=1361
presentation presented seconds=5818 nanoseconds=514916000 refresh=16666666 sequence=0 flags=7
frame callback=1362
presentation presented seconds=5818 nanoseconds=531592000 refresh=16666666 sequence=0 flags=7
frame callback=1363
presentation presented seconds=5818 nanoseconds=548264000 refresh=16666666 sequence=0 flags=7
frame callback=1364
presentation presented seconds=5818 nanoseconds=564913000 refresh=16666666 sequence=0 flags=7
frame callback=1365
presentation presented seconds=5818 nanoseconds=581595000 refresh=16666666 sequence=0 flags=7
frame callback=1366
presentation presented seconds=5818 nanoseconds=598249000 refresh=16666666 sequence=0 flags=7
frame callback=1367
presentation presented seconds=5818 nanoseconds=614914000 refresh=16666666 sequence=0 flags=7
frame callback=1368
presentation presented seconds=5818 nanoseconds=631595000 refresh=16666666 sequence=0 flags=7
frame callback=1369
presentation presented seconds=5818 nanoseconds=648266000 refresh=16666666 sequence=0 flags=7
frame callback=1370
presentation presented seconds=5818 nanoseconds=664916000 refresh=16666666 sequence=0 flags=7
frame callback=1371
presentation presented seconds=5818 nanoseconds=681594000 refresh=16666666 sequence=0 flags=7
frame callback=1372
presentation presented seconds=5818 nanoseconds=698250000 refresh=16666666 sequence=0 flags=7
frame callback=1373
presentation presented seconds=5818 nanoseconds=714918000 refresh=16666666 sequence=0 flags=7
frame callback=1374
presentation presented seconds=5818 nanoseconds=731600000 refresh=16666666 sequence=0 flags=7
frame callback=1375
presentation presented seconds=5818 nanoseconds=748259000 refresh=16666666 sequence=0 flags=7
frame callback=1376
presentation presented seconds=5818 nanoseconds=764917000 refresh=16666666 sequence=0 flags=7
frame callback=1377
presentation presented seconds=5818 nanoseconds=781597000 refresh=16666666 sequence=0 flags=7
frame callback=1378
presentation presented seconds=5818 nanoseconds=798251000 refresh=16666666 sequence=0 flags=7
frame callback=1379
presentation presented seconds=5818 nanoseconds=814919000 refresh=16666666 sequence=0 flags=7
frame callback=1380
animation frame=1380
presentation presented seconds=5818 nanoseconds=831597000 refresh=16666666 sequence=0 flags=7
frame callback=1381
presentation presented seconds=5818 nanoseconds=848270000 refresh=16666666 sequence=0 flags=7
frame callback=1382
presentation presented seconds=5818 nanoseconds=864919000 refresh=16666666 sequence=0 flags=7
frame callback=1383
presentation presented seconds=5818 nanoseconds=881599000 refresh=16666666 sequence=0 flags=7
frame callback=1384
presentation presented seconds=5818 nanoseconds=898254000 refresh=16666666 sequence=0 flags=7
frame callback=1385
presentation presented seconds=5818 nanoseconds=914932000 refresh=16666666 sequence=0 flags=7
frame callback=1386
presentation presented seconds=5818 nanoseconds=931600000 refresh=16666666 sequence=0 flags=7
frame callback=1387
presentation presented seconds=5818 nanoseconds=948253000 refresh=16666666 sequence=0 flags=7
frame callback=1388
presentation presented seconds=5818 nanoseconds=964921000 refresh=16666666 sequence=0 flags=7
frame callback=1389
presentation presented seconds=5818 nanoseconds=981601000 refresh=16666666 sequence=0 flags=7
frame callback=1390
presentation presented seconds=5818 nanoseconds=998264000 refresh=16666666 sequence=0 flags=7
frame callback=1391
presentation presented seconds=5819 nanoseconds=14921000 refresh=16666666 sequence=0 flags=7
frame callback=1392
presentation presented seconds=5819 nanoseconds=31602000 refresh=16666666 sequence=0 flags=7
frame callback=1393
presentation presented seconds=5819 nanoseconds=48270000 refresh=16666666 sequence=0 flags=7
frame callback=1394
presentation presented seconds=5819 nanoseconds=64929000 refresh=16666666 sequence=0 flags=7
frame callback=1395
presentation presented seconds=5819 nanoseconds=81591000 refresh=16666666 sequence=0 flags=7
frame callback=1396
presentation presented seconds=5819 nanoseconds=98253000 refresh=16666666 sequence=0 flags=7
frame callback=1397
presentation presented seconds=5819 nanoseconds=114926000 refresh=16666666 sequence=0 flags=7
frame callback=1398
presentation presented seconds=5819 nanoseconds=131605000 refresh=16666666 sequence=0 flags=7
frame callback=1399
presentation presented seconds=5819 nanoseconds=148270000 refresh=16666666 sequence=0 flags=7
frame callback=1400
presentation presented seconds=5819 nanoseconds=164925000 refresh=16666666 sequence=0 flags=7
frame callback=1401
presentation presented seconds=5819 nanoseconds=181616000 refresh=16666666 sequence=0 flags=7
frame callback=1402
presentation presented seconds=5819 nanoseconds=198258000 refresh=16666666 sequence=0 flags=7
frame callback=1403
presentation presented seconds=5819 nanoseconds=214925000 refresh=16666666 sequence=0 flags=7
frame callback=1404
presentation presented seconds=5819 nanoseconds=231608000 refresh=16666666 sequence=0 flags=7
frame callback=1405
presentation presented seconds=5819 nanoseconds=248274000 refresh=16666666 sequence=0 flags=7
frame callback=1406
presentation presented seconds=5819 nanoseconds=264933000 refresh=16666666 sequence=0 flags=7
frame callback=1407
presentation presented seconds=5819 nanoseconds=281607000 refresh=16666666 sequence=0 flags=7
frame callback=1408
presentation presented seconds=5819 nanoseconds=298259000 refresh=16666666 sequence=0 flags=7
frame callback=1409
presentation presented seconds=5819 nanoseconds=314928000 refresh=16666666 sequence=0 flags=7
frame callback=1410
animation frame=1410
presentation presented seconds=5819 nanoseconds=331593000 refresh=16666666 sequence=0 flags=7
frame callback=1411
presentation presented seconds=5819 nanoseconds=348275000 refresh=16666666 sequence=0 flags=7
frame callback=1412
presentation presented seconds=5819 nanoseconds=364917000 refresh=16666666 sequence=0 flags=7
frame callback=1413
presentation presented seconds=5819 nanoseconds=381589000 refresh=16666666 sequence=0 flags=7
frame callback=1414
presentation presented seconds=5819 nanoseconds=398250000 refresh=16666666 sequence=0 flags=7
frame callback=1415
presentation presented seconds=5819 nanoseconds=414922000 refresh=16666666 sequence=0 flags=7
frame callback=1416
presentation presented seconds=5819 nanoseconds=431598000 refresh=16666666 sequence=0 flags=7
frame callback=1417
presentation presented seconds=5819 nanoseconds=448275000 refresh=16666666 sequence=0 flags=7
frame callback=1418
presentation presented seconds=5819 nanoseconds=464929000 refresh=16666666 sequence=0 flags=7
frame callback=1419
presentation presented seconds=5819 nanoseconds=481610000 refresh=16666666 sequence=0 flags=7
frame callback=1420
presentation presented seconds=5819 nanoseconds=498263000 refresh=16666666 sequence=0 flags=7
frame callback=1421
presentation presented seconds=5819 nanoseconds=514931000 refresh=16666666 sequence=0 flags=7
frame callback=1422
presentation presented seconds=5819 nanoseconds=531614000 refresh=16666666 sequence=0 flags=7
frame callback=1423
presentation presented seconds=5819 nanoseconds=548260000 refresh=16666666 sequence=0 flags=7
frame callback=1424
presentation presented seconds=5819 nanoseconds=564931000 refresh=16666666 sequence=0 flags=7
frame callback=1425
presentation presented seconds=5819 nanoseconds=581611000 refresh=16666666 sequence=0 flags=7
frame callback=1426
presentation presented seconds=5819 nanoseconds=598263000 refresh=16666666 sequence=0 flags=7
frame callback=1427
presentation presented seconds=5819 nanoseconds=614936000 refresh=16666666 sequence=0 flags=7
frame callback=1428
presentation presented seconds=5819 nanoseconds=631612000 refresh=16666666 sequence=0 flags=7
frame callback=1429
presentation presented seconds=5819 nanoseconds=648263000 refresh=16666666 sequence=0 flags=7
frame callback=1430
presentation presented seconds=5819 nanoseconds=664933000 refresh=16666666 sequence=0 flags=7
frame callback=1431
presentation presented seconds=5819 nanoseconds=681601000 refresh=16666666 sequence=0 flags=7
frame callback=1432
presentation presented seconds=5819 nanoseconds=698269000 refresh=16666666 sequence=0 flags=7
frame callback=1433
presentation presented seconds=5819 nanoseconds=714933000 refresh=16666666 sequence=0 flags=7
frame callback=1434
presentation presented seconds=5819 nanoseconds=731614000 refresh=16666666 sequence=0 flags=7
frame callback=1435
presentation presented seconds=5819 nanoseconds=748282000 refresh=16666666 sequence=0 flags=7
frame callback=1436
presentation presented seconds=5819 nanoseconds=764932000 refresh=16666666 sequence=0 flags=7
frame callback=1437
presentation presented seconds=5819 nanoseconds=781619000 refresh=16666666 sequence=0 flags=7
frame callback=1438
presentation presented seconds=5819 nanoseconds=798268000 refresh=16666666 sequence=0 flags=7
frame callback=1439
presentation presented seconds=5819 nanoseconds=814935000 refresh=16666666 sequence=0 flags=7
frame callback=1440
animation frame=1440
presentation presented seconds=5819 nanoseconds=831615000 refresh=16666666 sequence=0 flags=7
frame callback=1441
presentation presented seconds=5819 nanoseconds=848285000 refresh=16666666 sequence=0 flags=7
frame callback=1442
presentation presented seconds=5819 nanoseconds=864937000 refresh=16666666 sequence=0 flags=7
frame callback=1443
presentation presented seconds=5819 nanoseconds=881617000 refresh=16666666 sequence=0 flags=7
frame callback=1444
presentation presented seconds=5819 nanoseconds=898273000 refresh=16666666 sequence=0 flags=7
frame callback=1445
presentation presented seconds=5819 nanoseconds=914936000 refresh=16666666 sequence=0 flags=7
frame callback=1446
presentation presented seconds=5819 nanoseconds=931622000 refresh=16666666 sequence=0 flags=7
frame callback=1447
presentation presented seconds=5819 nanoseconds=948286000 refresh=16666666 sequence=0 flags=7
frame callback=1448
presentation presented seconds=5819 nanoseconds=964937000 refresh=16666666 sequence=0 flags=7
frame callback=1449
presentation presented seconds=5819 nanoseconds=981618000 refresh=16666666 sequence=0 flags=7
frame callback=1450
presentation presented seconds=5819 nanoseconds=998269000 refresh=16666666 sequence=0 flags=7
frame callback=1451
presentation presented seconds=5820 nanoseconds=14950000 refresh=16666666 sequence=0 flags=7
frame callback=1452
presentation presented seconds=5820 nanoseconds=31602000 refresh=16666666 sequence=0 flags=7
frame callback=1453
presentation presented seconds=5820 nanoseconds=48271000 refresh=16666666 sequence=0 flags=7
frame callback=1454
presentation presented seconds=5820 nanoseconds=64939000 refresh=16666666 sequence=0 flags=7
frame callback=1455
presentation presented seconds=5820 nanoseconds=81622000 refresh=16666666 sequence=0 flags=7
frame callback=1456
presentation presented seconds=5820 nanoseconds=98270000 refresh=16666666 sequence=0 flags=7
frame callback=1457
presentation presented seconds=5820 nanoseconds=115110000 refresh=16666666 sequence=0 flags=7
frame callback=1458
presentation presented seconds=5820 nanoseconds=131621000 refresh=16666666 sequence=0 flags=7
frame callback=1459
presentation presented seconds=5820 nanoseconds=148274000 refresh=16666666 sequence=0 flags=7
frame callback=1460
presentation presented seconds=5820 nanoseconds=164944000 refresh=16666666 sequence=0 flags=7
frame callback=1461
presentation presented seconds=5820 nanoseconds=181621000 refresh=16666666 sequence=0 flags=7
frame callback=1462
presentation presented seconds=5820 nanoseconds=198274000 refresh=16666666 sequence=0 flags=7
frame callback=1463
presentation presented seconds=5820 nanoseconds=214941000 refresh=16666666 sequence=0 flags=7
frame callback=1464
presentation presented seconds=5820 nanoseconds=231618000 refresh=16666666 sequence=0 flags=7
frame callback=1465
presentation presented seconds=5820 nanoseconds=248291000 refresh=16666666 sequence=0 flags=7
frame callback=1466
presentation presented seconds=5820 nanoseconds=264946000 refresh=16666666 sequence=0 flags=7
frame callback=1467
presentation presented seconds=5820 nanoseconds=281603000 refresh=16666666 sequence=0 flags=7
frame callback=1468
presentation presented seconds=5820 nanoseconds=298279000 refresh=16666666 sequence=0 flags=7
frame callback=1469
presentation presented seconds=5820 nanoseconds=314953000 refresh=16666666 sequence=0 flags=7
frame callback=1470
animation frame=1470
presentation presented seconds=5820 nanoseconds=331609000 refresh=16666666 sequence=0 flags=7
frame callback=1471
presentation presented seconds=5820 nanoseconds=348298000 refresh=16666666 sequence=0 flags=7
frame callback=1472
presentation presented seconds=5820 nanoseconds=364947000 refresh=16666666 sequence=0 flags=7
frame callback=1473
presentation presented seconds=5820 nanoseconds=381624000 refresh=16666666 sequence=0 flags=7
frame callback=1474
presentation presented seconds=5820 nanoseconds=398278000 refresh=16666666 sequence=0 flags=7
frame callback=1475
presentation presented seconds=5820 nanoseconds=414946000 refresh=16666666 sequence=0 flags=7
frame callback=1476
presentation presented seconds=5820 nanoseconds=431624000 refresh=16666666 sequence=0 flags=7
frame callback=1477
presentation presented seconds=5820 nanoseconds=448294000 refresh=16666666 sequence=0 flags=7
frame callback=1478
presentation presented seconds=5820 nanoseconds=464950000 refresh=16666666 sequence=0 flags=7
frame callback=1479
presentation presented seconds=5820 nanoseconds=481628000 refresh=16666666 sequence=0 flags=7
frame callback=1480
presentation presented seconds=5820 nanoseconds=498281000 refresh=16666666 sequence=0 flags=7
frame callback=1481
presentation presented seconds=5820 nanoseconds=514945000 refresh=16666666 sequence=0 flags=7
frame callback=1482
presentation presented seconds=5820 nanoseconds=531614000 refresh=16666666 sequence=0 flags=7
frame callback=1483
presentation presented seconds=5820 nanoseconds=548293000 refresh=16666666 sequence=0 flags=7
frame callback=1484
presentation presented seconds=5820 nanoseconds=564950000 refresh=16666666 sequence=0 flags=7
frame callback=1485
presentation presented seconds=5820 nanoseconds=581627000 refresh=16666666 sequence=0 flags=7
frame callback=1486
presentation presented seconds=5820 nanoseconds=598284000 refresh=16666666 sequence=0 flags=7
frame callback=1487
presentation presented seconds=5820 nanoseconds=614953000 refresh=16666666 sequence=0 flags=7
frame callback=1488
presentation presented seconds=5820 nanoseconds=631632000 refresh=16666666 sequence=0 flags=7
frame callback=1489
presentation presented seconds=5820 nanoseconds=648283000 refresh=16666666 sequence=0 flags=7
frame callback=1490
presentation presented seconds=5820 nanoseconds=664948000 refresh=16666666 sequence=0 flags=7
frame callback=1491
presentation presented seconds=5820 nanoseconds=681631000 refresh=16666666 sequence=0 flags=7
frame callback=1492
presentation presented seconds=5820 nanoseconds=698284000 refresh=16666666 sequence=0 flags=7
frame callback=1493
presentation presented seconds=5820 nanoseconds=714951000 refresh=16666666 sequence=0 flags=7
frame callback=1494
presentation presented seconds=5820 nanoseconds=731632000 refresh=16666666 sequence=0 flags=7
frame callback=1495
presentation presented seconds=5820 nanoseconds=748282000 refresh=16666666 sequence=0 flags=7
frame callback=1496
presentation presented seconds=5820 nanoseconds=764958000 refresh=16666666 sequence=0 flags=7
frame callback=1497
presentation presented seconds=5820 nanoseconds=781630000 refresh=16666666 sequence=0 flags=7
frame callback=1498
presentation presented seconds=5820 nanoseconds=798284000 refresh=16666666 sequence=0 flags=7
frame callback=1499
presentation presented seconds=5820 nanoseconds=814955000 refresh=16666666 sequence=0 flags=7
frame callback=1500
animation frame=1500
presentation presented seconds=5820 nanoseconds=831633000 refresh=16666666 sequence=0 flags=7
frame callback=1501
presentation presented seconds=5820 nanoseconds=848298000 refresh=16666666 sequence=0 flags=7
frame callback=1502
presentation presented seconds=5820 nanoseconds=864953000 refresh=16666666 sequence=0 flags=7
frame callback=1503
presentation presented seconds=5820 nanoseconds=881635000 refresh=16666666 sequence=0 flags=7
frame callback=1504
presentation presented seconds=5820 nanoseconds=898286000 refresh=16666666 sequence=0 flags=7
frame callback=1505
presentation presented seconds=5820 nanoseconds=914955000 refresh=16666666 sequence=0 flags=7
frame callback=1506
presentation presented seconds=5820 nanoseconds=931635000 refresh=16666666 sequence=0 flags=7
frame callback=1507
presentation presented seconds=5820 nanoseconds=948284000 refresh=16666666 sequence=0 flags=7
frame callback=1508
presentation presented seconds=5820 nanoseconds=964953000 refresh=16666666 sequence=0 flags=7
frame callback=1509
presentation presented seconds=5820 nanoseconds=981635000 refresh=16666666 sequence=0 flags=7
frame callback=1510
presentation presented seconds=5820 nanoseconds=998289000 refresh=16666666 sequence=0 flags=7
frame callback=1511
presentation presented seconds=5821 nanoseconds=14956000 refresh=16666666 sequence=0 flags=7
frame callback=1512
presentation presented seconds=5821 nanoseconds=31636000 refresh=16666666 sequence=0 flags=7
frame callback=1513
presentation presented seconds=5821 nanoseconds=48303000 refresh=16666666 sequence=0 flags=7
frame callback=1514
presentation presented seconds=5821 nanoseconds=64957000 refresh=16666666 sequence=0 flags=7
frame callback=1515
presentation presented seconds=5821 nanoseconds=81642000 refresh=16666666 sequence=0 flags=7
frame callback=1516
presentation presented seconds=5821 nanoseconds=98300000 refresh=16666666 sequence=0 flags=7
frame callback=1517
presentation presented seconds=5821 nanoseconds=114959000 refresh=16666666 sequence=0 flags=7
frame callback=1518
presentation presented seconds=5821 nanoseconds=131642000 refresh=16666666 sequence=0 flags=7
frame callback=1519
presentation presented seconds=5821 nanoseconds=148305000 refresh=16666666 sequence=0 flags=7
frame callback=1520
presentation presented seconds=5821 nanoseconds=164960000 refresh=16666666 sequence=0 flags=7
frame callback=1521
presentation presented seconds=5821 nanoseconds=181643000 refresh=16666666 sequence=0 flags=7
frame callback=1522
presentation presented seconds=5821 nanoseconds=198293000 refresh=16666666 sequence=0 flags=7
frame callback=1523
presentation presented seconds=5821 nanoseconds=214960000 refresh=16666666 sequence=0 flags=7
frame callback=1524
presentation presented seconds=5821 nanoseconds=231626000 refresh=16666666 sequence=0 flags=7
frame callback=1525
presentation presented seconds=5821 nanoseconds=248293000 refresh=16666666 sequence=0 flags=7
frame callback=1526
presentation presented seconds=5821 nanoseconds=264960000 refresh=16666666 sequence=0 flags=7
frame callback=1527
presentation presented seconds=5821 nanoseconds=281641000 refresh=16666666 sequence=0 flags=7
frame callback=1528
presentation presented seconds=5821 nanoseconds=298291000 refresh=16666666 sequence=0 flags=7
frame callback=1529
presentation presented seconds=5821 nanoseconds=314961000 refresh=16666666 sequence=0 flags=7
frame callback=1530
animation frame=1530
presentation presented seconds=5821 nanoseconds=331629000 refresh=16666666 sequence=0 flags=7
frame callback=1531
presentation presented seconds=5821 nanoseconds=348293000 refresh=16666666 sequence=0 flags=7
frame callback=1532
presentation presented seconds=5821 nanoseconds=364961000 refresh=16666666 sequence=0 flags=7
frame callback=1533
presentation presented seconds=5821 nanoseconds=381641000 refresh=16666666 sequence=0 flags=7
frame callback=1534
presentation presented seconds=5821 nanoseconds=398293000 refresh=16666666 sequence=0 flags=7
frame callback=1535
presentation presented seconds=5821 nanoseconds=414960000 refresh=16666666 sequence=0 flags=7
frame callback=1536
presentation presented seconds=5821 nanoseconds=431646000 refresh=16666666 sequence=0 flags=7
frame callback=1537
presentation presented seconds=5821 nanoseconds=448310000 refresh=16666666 sequence=0 flags=7
frame callback=1538
presentation presented seconds=5821 nanoseconds=464965000 refresh=16666666 sequence=0 flags=7
frame callback=1539
presentation presented seconds=5821 nanoseconds=481628000 refresh=16666666 sequence=0 flags=7
frame callback=1540
presentation presented seconds=5821 nanoseconds=498298000 refresh=16666666 sequence=0 flags=7
frame callback=1541
presentation presented seconds=5821 nanoseconds=514968000 refresh=16666666 sequence=0 flags=7
frame callback=1542
presentation presented seconds=5821 nanoseconds=531650000 refresh=16666666 sequence=0 flags=7
frame callback=1543
presentation presented seconds=5821 nanoseconds=548310000 refresh=16666666 sequence=0 flags=7
frame callback=1544
presentation presented seconds=5821 nanoseconds=564964000 refresh=16666666 sequence=0 flags=7
frame callback=1545
presentation presented seconds=5821 nanoseconds=581644000 refresh=16666666 sequence=0 flags=7
frame callback=1546
presentation presented seconds=5821 nanoseconds=598297000 refresh=16666666 sequence=0 flags=7
frame callback=1547
presentation presented seconds=5821 nanoseconds=614966000 refresh=16666666 sequence=0 flags=7
frame callback=1548
presentation presented seconds=5821 nanoseconds=631651000 refresh=16666666 sequence=0 flags=7
frame callback=1549
presentation presented seconds=5821 nanoseconds=648298000 refresh=16666666 sequence=0 flags=7
frame callback=1550
presentation presented seconds=5821 nanoseconds=664971000 refresh=16666666 sequence=0 flags=7
frame callback=1551
presentation presented seconds=5821 nanoseconds=681650000 refresh=16666666 sequence=0 flags=7
frame callback=1552
presentation presented seconds=5821 nanoseconds=698299000 refresh=16666666 sequence=0 flags=7
frame callback=1553
presentation presented seconds=5821 nanoseconds=714967000 refresh=16666666 sequence=0 flags=7
frame callback=1554
presentation presented seconds=5821 nanoseconds=731653000 refresh=16666666 sequence=0 flags=7
frame callback=1555
presentation presented seconds=5821 nanoseconds=748316000 refresh=16666666 sequence=0 flags=7
frame callback=1556
presentation presented seconds=5821 nanoseconds=764967000 refresh=16666666 sequence=0 flags=7
frame callback=1557
presentation presented seconds=5821 nanoseconds=781650000 refresh=16666666 sequence=0 flags=7
frame callback=1558
presentation presented seconds=5821 nanoseconds=798302000 refresh=16666666 sequence=0 flags=7
frame callback=1559
presentation presented seconds=5821 nanoseconds=814971000 refresh=16666666 sequence=0 flags=7
frame callback=1560
animation frame=1560
presentation presented seconds=5821 nanoseconds=831636000 refresh=16666666 sequence=0 flags=7
frame callback=1561
presentation presented seconds=5821 nanoseconds=848301000 refresh=16666666 sequence=0 flags=7
frame callback=1562
presentation presented seconds=5821 nanoseconds=864969000 refresh=16666666 sequence=0 flags=7
frame callback=1563
presentation presented seconds=5821 nanoseconds=881650000 refresh=16666666 sequence=0 flags=7
frame callback=1564
presentation presented seconds=5821 nanoseconds=898303000 refresh=16666666 sequence=0 flags=7
frame callback=1565
presentation presented seconds=5821 nanoseconds=914971000 refresh=16666666 sequence=0 flags=7
frame callback=1566
presentation presented seconds=5821 nanoseconds=931654000 refresh=16666666 sequence=0 flags=7
frame callback=1567
presentation presented seconds=5821 nanoseconds=948303000 refresh=16666666 sequence=0 flags=7
frame callback=1568
presentation presented seconds=5821 nanoseconds=964972000 refresh=16666666 sequence=0 flags=7
frame callback=1569
presentation presented seconds=5821 nanoseconds=981651000 refresh=16666666 sequence=0 flags=7
frame callback=1570
presentation presented seconds=5821 nanoseconds=998305000 refresh=16666666 sequence=0 flags=7
frame callback=1571
presentation presented seconds=5822 nanoseconds=14974000 refresh=16666666 sequence=0 flags=7
frame callback=1572
presentation presented seconds=5822 nanoseconds=31658000 refresh=16666666 sequence=0 flags=7
frame callback=1573
presentation presented seconds=5822 nanoseconds=48323000 refresh=16666666 sequence=0 flags=7
frame callback=1574
presentation presented seconds=5822 nanoseconds=64971000 refresh=16666666 sequence=0 flags=7
frame callback=1575
presentation presented seconds=5822 nanoseconds=81639000 refresh=16666666 sequence=0 flags=7
frame callback=1576
presentation presented seconds=5822 nanoseconds=98307000 refresh=16666666 sequence=0 flags=7
frame callback=1577
presentation presented seconds=5822 nanoseconds=114975000 refresh=16666666 sequence=0 flags=7
frame callback=1578
presentation presented seconds=5822 nanoseconds=131640000 refresh=16666666 sequence=0 flags=7
frame callback=1579
presentation presented seconds=5822 nanoseconds=148320000 refresh=16666666 sequence=0 flags=7
frame callback=1580
presentation presented seconds=5822 nanoseconds=164974000 refresh=16666666 sequence=0 flags=7
frame callback=1581
presentation presented seconds=5822 nanoseconds=181655000 refresh=16666666 sequence=0 flags=7
frame callback=1582
presentation presented seconds=5822 nanoseconds=198306000 refresh=16666666 sequence=0 flags=7
frame callback=1583
presentation presented seconds=5822 nanoseconds=214977000 refresh=16666666 sequence=0 flags=7
frame callback=1584
presentation presented seconds=5822 nanoseconds=231663000 refresh=16666666 sequence=0 flags=7
frame callback=1585
presentation presented seconds=5822 nanoseconds=248328000 refresh=16666666 sequence=0 flags=7
frame callback=1586
presentation presented seconds=5822 nanoseconds=264977000 refresh=16666666 sequence=0 flags=7
frame callback=1587
presentation presented seconds=5822 nanoseconds=281659000 refresh=16666666 sequence=0 flags=7
frame callback=1588
presentation presented seconds=5822 nanoseconds=298313000 refresh=16666666 sequence=0 flags=7
frame callback=1589
presentation presented seconds=5822 nanoseconds=314978000 refresh=16666666 sequence=0 flags=7
frame callback=1590
animation frame=1590
presentation presented seconds=5822 nanoseconds=331644000 refresh=16666666 sequence=0 flags=7
frame callback=1591
presentation presented seconds=5822 nanoseconds=348310000 refresh=16666666 sequence=0 flags=7
frame callback=1592
presentation presented seconds=5822 nanoseconds=364979000 refresh=16666666 sequence=0 flags=7
frame callback=1593
presentation presented seconds=5822 nanoseconds=381660000 refresh=16666666 sequence=0 flags=7
frame callback=1594
presentation presented seconds=5822 nanoseconds=398304000 refresh=16666666 sequence=0 flags=7
frame callback=1595
presentation presented seconds=5822 nanoseconds=414981000 refresh=16666666 sequence=0 flags=7
frame callback=1596
presentation presented seconds=5822 nanoseconds=431647000 refresh=16666666 sequence=0 flags=7
frame callback=1597
presentation presented seconds=5822 nanoseconds=448313000 refresh=16666666 sequence=0 flags=7
frame callback=1598
presentation presented seconds=5822 nanoseconds=464979000 refresh=16666666 sequence=0 flags=7
frame callback=1599
presentation presented seconds=5822 nanoseconds=481663000 refresh=16666666 sequence=0 flags=7
frame callback=1600
presentation presented seconds=5822 nanoseconds=498313000 refresh=16666666 sequence=0 flags=7
frame callback=1601
presentation presented seconds=5822 nanoseconds=514982000 refresh=16666666 sequence=0 flags=7
frame callback=1602
presentation presented seconds=5822 nanoseconds=531664000 refresh=16666666 sequence=0 flags=7
frame callback=1603
presentation presented seconds=5822 nanoseconds=548314000 refresh=16666666 sequence=0 flags=7
frame callback=1604
presentation presented seconds=5822 nanoseconds=564986000 refresh=16666666 sequence=0 flags=7
frame callback=1605
presentation presented seconds=5822 nanoseconds=581662000 refresh=16666666 sequence=0 flags=7
frame callback=1606
presentation presented seconds=5822 nanoseconds=598317000 refresh=16666666 sequence=0 flags=7
frame callback=1607
presentation presented seconds=5822 nanoseconds=614984000 refresh=16666666 sequence=0 flags=7
frame callback=1608
presentation presented seconds=5822 nanoseconds=631665000 refresh=16666666 sequence=0 flags=7
frame callback=1609
presentation presented seconds=5822 nanoseconds=648317000 refresh=16666666 sequence=0 flags=7
frame callback=1610
presentation presented seconds=5822 nanoseconds=664989000 refresh=16666666 sequence=0 flags=7
frame callback=1611
presentation presented seconds=5822 nanoseconds=681652000 refresh=16666666 sequence=0 flags=7
frame callback=1612
presentation presented seconds=5822 nanoseconds=698317000 refresh=16666666 sequence=0 flags=7
frame callback=1613
presentation presented seconds=5822 nanoseconds=714985000 refresh=16666666 sequence=0 flags=7
frame callback=1614
presentation presented seconds=5822 nanoseconds=731661000 refresh=16666666 sequence=0 flags=7
frame callback=1615
presentation presented seconds=5822 nanoseconds=748317000 refresh=16666666 sequence=0 flags=7
frame callback=1616
presentation presented seconds=5822 nanoseconds=764987000 refresh=16666666 sequence=0 flags=7
frame callback=1617
presentation presented seconds=5822 nanoseconds=781652000 refresh=16666666 sequence=0 flags=7
frame callback=1618
presentation presented seconds=5822 nanoseconds=798318000 refresh=16666666 sequence=0 flags=7
frame callback=1619
presentation presented seconds=5822 nanoseconds=814999000 refresh=16666666 sequence=0 flags=7
frame callback=1620
animation frame=1620
presentation presented seconds=5822 nanoseconds=831652000 refresh=16666666 sequence=0 flags=7
frame callback=1621
presentation presented seconds=5822 nanoseconds=848337000 refresh=16666666 sequence=0 flags=7
frame callback=1622
presentation presented seconds=5822 nanoseconds=864987000 refresh=16666666 sequence=0 flags=7
frame callback=1623
presentation presented seconds=5822 nanoseconds=881656000 refresh=16666666 sequence=0 flags=7
frame callback=1624
presentation presented seconds=5822 nanoseconds=898329000 refresh=16666666 sequence=0 flags=7
frame callback=1625
presentation presented seconds=5822 nanoseconds=914987000 refresh=16666666 sequence=0 flags=7
frame callback=1626
presentation presented seconds=5822 nanoseconds=931652000 refresh=16666666 sequence=0 flags=7
frame callback=1627
presentation presented seconds=5822 nanoseconds=948317000 refresh=16666666 sequence=0 flags=7
frame callback=1628
presentation presented seconds=5822 nanoseconds=964989000 refresh=16666666 sequence=0 flags=7
frame callback=1629
presentation presented seconds=5822 nanoseconds=981664000 refresh=16666666 sequence=0 flags=7
frame callback=1630
presentation presented seconds=5822 nanoseconds=998322000 refresh=16666666 sequence=0 flags=7
frame callback=1631
presentation presented seconds=5823 nanoseconds=14988000 refresh=16666666 sequence=0 flags=7
frame callback=1632
presentation presented seconds=5823 nanoseconds=31655000 refresh=16666666 sequence=0 flags=7
frame callback=1633
presentation presented seconds=5823 nanoseconds=48323000 refresh=16666666 sequence=0 flags=7
frame callback=1634
presentation presented seconds=5823 nanoseconds=65012000 refresh=16666666 sequence=0 flags=7
frame callback=1635
presentation presented seconds=5823 nanoseconds=81648000 refresh=16666666 sequence=0 flags=7
frame callback=1636
presentation presented seconds=5823 nanoseconds=98323000 refresh=16666666 sequence=0 flags=7
frame callback=1637
presentation presented seconds=5823 nanoseconds=114991000 refresh=16666666 sequence=0 flags=7
frame callback=1638
presentation presented seconds=5823 nanoseconds=131658000 refresh=16666666 sequence=0 flags=7
frame callback=1639
presentation presented seconds=5823 nanoseconds=148327000 refresh=16666666 sequence=0 flags=7
frame callback=1640
presentation presented seconds=5823 nanoseconds=165013000 refresh=16666666 sequence=0 flags=7
frame callback=1641
presentation presented seconds=5823 nanoseconds=181658000 refresh=16666666 sequence=0 flags=7
frame callback=1642
presentation presented seconds=5823 nanoseconds=198324000 refresh=16666666 sequence=0 flags=7
frame callback=1643
presentation presented seconds=5823 nanoseconds=214996000 refresh=16666666 sequence=0 flags=7
frame callback=1644
presentation presented seconds=5823 nanoseconds=231670000 refresh=16666666 sequence=0 flags=7
frame callback=1645
presentation presented seconds=5823 nanoseconds=248337000 refresh=16666666 sequence=0 flags=7
frame callback=1646
presentation presented seconds=5823 nanoseconds=264994000 refresh=16666666 sequence=0 flags=7
frame callback=1647
presentation presented seconds=5823 nanoseconds=281659000 refresh=16666666 sequence=0 flags=7
frame callback=1648
presentation presented seconds=5823 nanoseconds=298325000 refresh=16666666 sequence=0 flags=7
frame callback=1649
presentation presented seconds=5823 nanoseconds=314996000 refresh=16666666 sequence=0 flags=7
frame callback=1650
animation frame=1650
presentation presented seconds=5823 nanoseconds=331673000 refresh=16666666 sequence=0 flags=7
frame callback=1651
presentation presented seconds=5823 nanoseconds=348329000 refresh=16666666 sequence=0 flags=7
frame callback=1652
presentation presented seconds=5823 nanoseconds=364995000 refresh=16666666 sequence=0 flags=7
frame callback=1653
presentation presented seconds=5823 nanoseconds=381662000 refresh=16666666 sequence=0 flags=7
frame callback=1654
presentation presented seconds=5823 nanoseconds=398328000 refresh=16666666 sequence=0 flags=7
frame callback=1655
presentation presented seconds=5823 nanoseconds=415012000 refresh=16666666 sequence=0 flags=7
frame callback=1656
presentation presented seconds=5823 nanoseconds=431653000 refresh=16666666 sequence=0 flags=7
frame callback=1657
presentation presented seconds=5823 nanoseconds=448326000 refresh=16666666 sequence=0 flags=7
frame callback=1658
presentation presented seconds=5823 nanoseconds=464995000 refresh=16666666 sequence=0 flags=7
frame callback=1659
presentation presented seconds=5823 nanoseconds=481663000 refresh=16666666 sequence=0 flags=7
frame callback=1660
presentation presented seconds=5823 nanoseconds=498340000 refresh=16666666 sequence=0 flags=7
frame callback=1661
presentation presented seconds=5823 nanoseconds=514996000 refresh=16666666 sequence=0 flags=7
frame callback=1662
presentation presented seconds=5823 nanoseconds=531665000 refresh=16666666 sequence=0 flags=7
frame callback=1663
presentation presented seconds=5823 nanoseconds=548332000 refresh=16666666 sequence=0 flags=7
frame callback=1664
presentation presented seconds=5823 nanoseconds=564999000 refresh=16666666 sequence=0 flags=7
frame callback=1665
presentation presented seconds=5823 nanoseconds=581675000 refresh=16666666 sequence=0 flags=7
frame callback=1666
presentation presented seconds=5823 nanoseconds=598331000 refresh=16666666 sequence=0 flags=7
frame callback=1667
presentation presented seconds=5823 nanoseconds=614998000 refresh=16666666 sequence=0 flags=7
frame callback=1668
presentation presented seconds=5823 nanoseconds=631668000 refresh=16666666 sequence=0 flags=7
frame callback=1669
presentation presented seconds=5823 nanoseconds=648331000 refresh=16666666 sequence=0 flags=7
frame callback=1670
presentation presented seconds=5823 nanoseconds=665018000 refresh=16666666 sequence=0 flags=7
frame callback=1671
presentation presented seconds=5823 nanoseconds=681665000 refresh=16666666 sequence=0 flags=7
frame callback=1672
presentation presented seconds=5823 nanoseconds=698336000 refresh=16666666 sequence=0 flags=7
frame callback=1673
presentation presented seconds=5823 nanoseconds=714999000 refresh=16666666 sequence=0 flags=7
frame callback=1674
presentation presented seconds=5823 nanoseconds=731666000 refresh=16666666 sequence=0 flags=7
frame callback=1675
presentation presented seconds=5823 nanoseconds=748343000 refresh=16666666 sequence=0 flags=7
frame callback=1676
presentation presented seconds=5823 nanoseconds=765019000 refresh=16666666 sequence=0 flags=7
frame callback=1677
presentation presented seconds=5823 nanoseconds=781668000 refresh=16666666 sequence=0 flags=7
frame callback=1678
presentation presented seconds=5823 nanoseconds=798337000 refresh=16666666 sequence=0 flags=7
frame callback=1679
presentation presented seconds=5823 nanoseconds=815011000 refresh=16666666 sequence=0 flags=7
frame callback=1680
animation frame=1680
presentation presented seconds=5823 nanoseconds=831673000 refresh=16666666 sequence=0 flags=7
frame callback=1681
presentation presented seconds=5823 nanoseconds=848363000 refresh=16666666 sequence=0 flags=7
frame callback=1682
presentation presented seconds=5823 nanoseconds=865011000 refresh=16666666 sequence=0 flags=7
frame callback=1683
presentation presented seconds=5823 nanoseconds=881670000 refresh=16666666 sequence=0 flags=7
frame callback=1684
presentation presented seconds=5823 nanoseconds=898339000 refresh=16666666 sequence=0 flags=7
frame callback=1685
presentation presented seconds=5823 nanoseconds=915011000 refresh=16666666 sequence=0 flags=7
frame callback=1686
presentation presented seconds=5823 nanoseconds=931683000 refresh=16666666 sequence=0 flags=7
frame callback=1687
presentation presented seconds=5823 nanoseconds=948339000 refresh=16666666 sequence=0 flags=7
frame callback=1688
presentation presented seconds=5823 nanoseconds=965014000 refresh=16666666 sequence=0 flags=7
frame callback=1689
presentation presented seconds=5823 nanoseconds=981673000 refresh=16666666 sequence=0 flags=7
frame callback=1690
presentation presented seconds=5823 nanoseconds=998338000 refresh=16666666 sequence=0 flags=7
frame callback=1691
presentation presented seconds=5824 nanoseconds=15018000 refresh=16666666 sequence=0 flags=7
frame callback=1692
presentation presented seconds=5824 nanoseconds=31673000 refresh=16666666 sequence=0 flags=7
frame callback=1693
presentation presented seconds=5824 nanoseconds=48356000 refresh=16666666 sequence=0 flags=7
frame callback=1694
presentation presented seconds=5824 nanoseconds=65016000 refresh=16666666 sequence=0 flags=7
frame callback=1695
presentation presented seconds=5824 nanoseconds=81674000 refresh=16666666 sequence=0 flags=7
frame callback=1696
presentation presented seconds=5824 nanoseconds=98348000 refresh=16666666 sequence=0 flags=7
frame callback=1697
presentation presented seconds=5824 nanoseconds=115014000 refresh=16666666 sequence=0 flags=7
frame callback=1698
presentation presented seconds=5824 nanoseconds=131676000 refresh=16666666 sequence=0 flags=7
frame callback=1699
presentation presented seconds=5824 nanoseconds=148341000 refresh=16666666 sequence=0 flags=7
frame callback=1700
presentation presented seconds=5824 nanoseconds=165013000 refresh=16666666 sequence=0 flags=7
frame callback=1701
presentation presented seconds=5824 nanoseconds=181688000 refresh=16666666 sequence=0 flags=7
frame callback=1702
presentation presented seconds=5824 nanoseconds=198341000 refresh=16666666 sequence=0 flags=7
frame callback=1703
presentation presented seconds=5824 nanoseconds=215016000 refresh=16666666 sequence=0 flags=7
frame callback=1704
presentation presented seconds=5824 nanoseconds=231677000 refresh=16666666 sequence=0 flags=7
frame callback=1705
presentation presented seconds=5824 nanoseconds=248346000 refresh=16666666 sequence=0 flags=7
frame callback=1706
presentation presented seconds=5824 nanoseconds=265020000 refresh=16666666 sequence=0 flags=7
frame callback=1707
presentation presented seconds=5824 nanoseconds=281672000 refresh=16666666 sequence=0 flags=7
frame callback=1708
presentation presented seconds=5824 nanoseconds=298342000 refresh=16666666 sequence=0 flags=7
frame callback=1709
presentation presented seconds=5824 nanoseconds=315014000 refresh=16666666 sequence=0 flags=7
frame callback=1710
animation frame=1710
presentation presented seconds=5824 nanoseconds=331686000 refresh=16666666 sequence=0 flags=7
frame callback=1711
presentation presented seconds=5824 nanoseconds=348347000 refresh=16666666 sequence=0 flags=7
frame callback=1712
presentation presented seconds=5824 nanoseconds=365020000 refresh=16666666 sequence=0 flags=7
frame callback=1713
presentation presented seconds=5824 nanoseconds=381678000 refresh=16666666 sequence=0 flags=7
frame callback=1714
presentation presented seconds=5824 nanoseconds=398345000 refresh=16666666 sequence=0 flags=7
frame callback=1715
presentation presented seconds=5824 nanoseconds=415016000 refresh=16666666 sequence=0 flags=7
frame callback=1716
presentation presented seconds=5824 nanoseconds=431683000 refresh=16666666 sequence=0 flags=7
frame callback=1717
presentation presented seconds=5824 nanoseconds=448348000 refresh=16666666 sequence=0 flags=7
frame callback=1718
presentation presented seconds=5824 nanoseconds=465019000 refresh=16666666 sequence=0 flags=7
frame callback=1719
presentation presented seconds=5824 nanoseconds=481680000 refresh=16666666 sequence=0 flags=7
frame callback=1720
presentation presented seconds=5824 nanoseconds=498346000 refresh=16666666 sequence=0 flags=7
frame callback=1721
presentation presented seconds=5824 nanoseconds=515015000 refresh=16666666 sequence=0 flags=7
frame callback=1722
presentation presented seconds=5824 nanoseconds=531691000 refresh=16666666 sequence=0 flags=7
frame callback=1723
presentation presented seconds=5824 nanoseconds=548345000 refresh=16666666 sequence=0 flags=7
frame callback=1724
presentation presented seconds=5824 nanoseconds=565018000 refresh=16666666 sequence=0 flags=7
frame callback=1725
presentation presented seconds=5824 nanoseconds=581680000 refresh=16666666 sequence=0 flags=7
frame callback=1726
presentation presented seconds=5824 nanoseconds=598349000 refresh=16666666 sequence=0 flags=7
frame callback=1727
presentation presented seconds=5824 nanoseconds=615028000 refresh=16666666 sequence=0 flags=7
frame callback=1728
presentation presented seconds=5824 nanoseconds=631681000 refresh=16666666 sequence=0 flags=7
frame callback=1729
presentation presented seconds=5824 nanoseconds=648351000 refresh=16666666 sequence=0 flags=7
frame callback=1730
presentation presented seconds=5824 nanoseconds=665018000 refresh=16666666 sequence=0 flags=7
frame callback=1731
presentation presented seconds=5824 nanoseconds=681700000 refresh=16666666 sequence=0 flags=7
frame callback=1732
presentation presented seconds=5824 nanoseconds=698352000 refresh=16666666 sequence=0 flags=7
frame callback=1733
presentation presented seconds=5824 nanoseconds=715020000 refresh=16666666 sequence=0 flags=7
frame callback=1734
presentation presented seconds=5824 nanoseconds=731685000 refresh=16666666 sequence=0 flags=7
frame callback=1735
presentation presented seconds=5824 nanoseconds=748352000 refresh=16666666 sequence=0 flags=7
frame callback=1736
presentation presented seconds=5824 nanoseconds=765024000 refresh=16666666 sequence=0 flags=7
frame callback=1737
presentation presented seconds=5824 nanoseconds=781714000 refresh=16666666 sequence=0 flags=7
frame callback=1738
presentation presented seconds=5824 nanoseconds=798353000 refresh=16666666 sequence=0 flags=7
frame callback=1739
presentation presented seconds=5824 nanoseconds=815025000 refresh=16666666 sequence=0 flags=7
frame callback=1740
animation frame=1740
presentation presented seconds=5824 nanoseconds=831685000 refresh=16666666 sequence=0 flags=7
frame callback=1741
presentation presented seconds=5824 nanoseconds=848354000 refresh=16666666 sequence=0 flags=7
frame callback=1742
presentation presented seconds=5824 nanoseconds=865030000 refresh=16666666 sequence=0 flags=7
frame callback=1743
presentation presented seconds=5824 nanoseconds=881690000 refresh=16666666 sequence=0 flags=7
frame callback=1744
presentation presented seconds=5824 nanoseconds=898354000 refresh=16666666 sequence=0 flags=7
frame callback=1745
presentation presented seconds=5824 nanoseconds=915021000 refresh=16666666 sequence=0 flags=7
frame callback=1746
presentation presented seconds=5824 nanoseconds=931688000 refresh=16666666 sequence=0 flags=7
frame callback=1747
presentation presented seconds=5824 nanoseconds=948367000 refresh=16666666 sequence=0 flags=7
frame callback=1748
presentation presented seconds=5824 nanoseconds=965023000 refresh=16666666 sequence=0 flags=7
frame callback=1749
presentation presented seconds=5824 nanoseconds=981689000 refresh=16666666 sequence=0 flags=7
frame callback=1750
presentation presented seconds=5824 nanoseconds=998357000 refresh=16666666 sequence=0 flags=7
frame callback=1751
presentation presented seconds=5825 nanoseconds=15024000 refresh=16666666 sequence=0 flags=7
frame callback=1752
presentation presented seconds=5825 nanoseconds=31702000 refresh=16666666 sequence=0 flags=7
frame callback=1753
presentation presented seconds=5825 nanoseconds=48345000 refresh=16666666 sequence=0 flags=7
frame callback=1754
presentation presented seconds=5825 nanoseconds=65022000 refresh=16666666 sequence=0 flags=7
frame callback=1755
presentation presented seconds=5825 nanoseconds=81690000 refresh=16666666 sequence=0 flags=7
frame callback=1756
presentation presented seconds=5825 nanoseconds=98357000 refresh=16666666 sequence=0 flags=7
frame callback=1757
presentation presented seconds=5825 nanoseconds=115027000 refresh=16666666 sequence=0 flags=7
frame callback=1758
presentation presented seconds=5825 nanoseconds=131702000 refresh=16666666 sequence=0 flags=7
frame callback=1759
presentation presented seconds=5825 nanoseconds=148357000 refresh=16666666 sequence=0 flags=7
frame callback=1760
presentation presented seconds=5825 nanoseconds=165025000 refresh=16666666 sequence=0 flags=7
frame callback=1761
presentation presented seconds=5825 nanoseconds=181691000 refresh=16666666 sequence=0 flags=7
frame callback=1762
presentation presented seconds=5825 nanoseconds=198361000 refresh=16666666 sequence=0 flags=7
frame callback=1763
presentation presented seconds=5825 nanoseconds=215036000 refresh=16666666 sequence=0 flags=7
frame callback=1764
presentation presented seconds=5825 nanoseconds=231713000 refresh=16666666 sequence=0 flags=7
frame callback=1765
presentation presented seconds=5825 nanoseconds=248359000 refresh=16666666 sequence=0 flags=7
frame callback=1766
presentation presented seconds=5825 nanoseconds=265027000 refresh=16666666 sequence=0 flags=7
frame callback=1767
presentation presented seconds=5825 nanoseconds=281696000 refresh=16666666 sequence=0 flags=7
frame callback=1768
presentation presented seconds=5825 nanoseconds=298362000 refresh=16666666 sequence=0 flags=7
frame callback=1769
presentation presented seconds=5825 nanoseconds=315026000 refresh=16666666 sequence=0 flags=7
frame callback=1770
animation frame=1770
presentation presented seconds=5825 nanoseconds=331694000 refresh=16666666 sequence=0 flags=7
frame callback=1771
presentation presented seconds=5825 nanoseconds=348361000 refresh=16666666 sequence=0 flags=7
frame callback=1772
presentation presented seconds=5825 nanoseconds=365028000 refresh=16666666 sequence=0 flags=7
frame callback=1773
presentation presented seconds=5825 nanoseconds=381698000 refresh=16666666 sequence=0 flags=7
frame callback=1774
presentation presented seconds=5825 nanoseconds=398365000 refresh=16666666 sequence=0 flags=7
frame callback=1775
presentation presented seconds=5825 nanoseconds=415031000 refresh=16666666 sequence=0 flags=7
frame callback=1776
presentation presented seconds=5825 nanoseconds=431697000 refresh=16666666 sequence=0 flags=7
frame callback=1777
presentation presented seconds=5825 nanoseconds=448367000 refresh=16666666 sequence=0 flags=7
frame callback=1778
presentation presented seconds=5825 nanoseconds=465032000 refresh=16666666 sequence=0 flags=7
frame callback=1779
presentation presented seconds=5825 nanoseconds=481712000 refresh=16666666 sequence=0 flags=7
frame callback=1780
presentation presented seconds=5825 nanoseconds=498365000 refresh=16666666 sequence=0 flags=7
frame callback=1781
presentation presented seconds=5825 nanoseconds=515031000 refresh=16666666 sequence=0 flags=7
frame callback=1782
presentation presented seconds=5825 nanoseconds=531702000 refresh=16666666 sequence=0 flags=7
frame callback=1783
presentation presented seconds=5825 nanoseconds=548367000 refresh=16666666 sequence=0 flags=7
frame callback=1784
presentation presented seconds=5825 nanoseconds=565036000 refresh=16666666 sequence=0 flags=7
frame callback=1785
presentation presented seconds=5825 nanoseconds=581700000 refresh=16666666 sequence=0 flags=7
frame callback=1786
