fps,frametime,elapsed
348.82,2.86681,20001100847
245.888,4.06689,20005168028
312.219,3.20288,20008372103
272.642,3.66781,20012039950
361.991,2.7625,20014802898
238.972,4.1846,20018988128
356.318,2.80648,20021794419
243.611,4.1049,20025901032
364.691,2.74205,20028644570
236.289,4.23211,20032875273
397.025,2.51874,20035393674
223.338,4.47752,20039872106
427.317,2.34018,20042212253
218.22,4.58253,20046795344
415.584,2.40625,20049201799
223.58,4.47267,20053676572
390.838,2.55861,20056235025
229.427,4.35868,20060593607
401.644,2.48976,20063083500
224.041,4.46347,20067547744
348.218,2.87176,20070419689
242.891,4.11707,20074537958
446.742,2.23843,20076775639
212.647,4.70263,20081479147
380.493,2.62817,20084107627
229.348,4.36019,20088469715
482.882,2.0709,20090539733
202.444,4.93963,20095480898
659.301,1.51676,20096996792
185.371,5.39458,20102393772
693.942,1.44104,20103834280
282.933,3.5344,20107369331
286.486,3.49057,20110860821
185.397,5.39383,20116256853
664.421,1.50507,20117761139
279.329,3.58001,20121341443
326.132,3.06624,20124407955
230.043,4.34701,20128758360
390.56,2.56043,20131316278
285.567,3.5018,20134819679
291.978,3.42492,20138244557
291.504,3.43049,20141675017
260.965,3.83193,20145507445
324.475,3.0819,20148590344
299.244,3.34175,20151932066
289.329,3.45627,20155389968
257.442,3.88437,20159274385
354.519,2.82072,20162094770
304.721,3.28169,20165376865
283.951,3.52174,20168899539
262.924,3.80338,20172703876
328.244,3.04651,20175750371
299.043,3.344,20179094114
298.553,3.34948,20182443784
300.297,3.33004,20185774628
251.361,3.97834,20189754194
360.269,2.7757,20192529672
290.199,3.44591,20195976235
280.025,3.57111,20199547653
272.747,3.6664,20203214965
302.727,3.30331,20206518613
343.705,2.90947,20209428264
249.056,4.01516,20213443847
365.394,2.73677,20216180727
236.184,4.23399,20220416410
398.221,2.51117,20222927137
223.792,4.46843,20227396423
426.627,2.34397,20229740893
217.499,4.59771,20234339535
447.932,2.23248,20236571762
214.22,4.6681,20241240625
466.198,2.14501,20243385713
206.865,4.83408,20248220572
381.217,2.62317,20250844659
236.747,4.22391,20255069890
505.166,1.97955,20257049230
197.947,5.05185,20262101977
431.975,2.31495,20264416693
216.185,4.62566,20269043670
575.824,1.73664,20270779776
192.829,5.18594,20275967826
478.932,2.08798,20278055228
206.495,4.84272,20282899099
618.787,1.61606,20284514170
294.229,3.39871,20287913626
296.698,3.37043,20291285569
251.446,3.977,20295262265
357.734,2.79537,20298058614
277.98,3.59738,20301655796
288.303,3.46857,20305125184
249.496,4.00808,20309134482
361.861,2.76349,20311898304
292.712,3.41633,20315315501
308.475,3.24175,20318557734
292.388,3.42012,20321978825
253.094,3.95111,20325930686
330.481,3.02589,20328955857
262.056,3.81597,20332774456
305.341,3.27502,20336049208
250.976,3.98445,20340033649
358.8,2.78707,20342821523
285.212,3.50616,20346328254
275.465,3.63022,20349960389
264.402,3.78212,20353744708
318.427,3.14043,20356884734
333.402,2.99939,20359883634
297.184,3.36491,20363248897
289.594,3.45311,20366702472
256.028,3.90582,20370609134
364.672,2.74219,20373350935
279.5,3.57781,20376928744
298.531,3.34974,20380279660
242.032,4.13168,20384411345
328.578,3.04342,20387454794
291.352,3.43228,20390888104
296.087,3.37738,20394266028
246.88,4.05056,20398317992
381.087,2.62407,20400941799
301.503,3.31671,20404258325
270.808,3.69266,20407951474
302.662,3.30402,20411256465
243.975,4.09877,20415356215
328.353,3.0455,20418401699
284.116,3.51969,20421921481
290.566,3.44156,20425363123
263.365,3.79701,20429160660
359.998,2.77779,20431939343
269.078,3.71639,20435655508
314.979,3.17482,20438830604
253.867,3.93907,20442770269
341.107,2.93163,20445702490
261.945,3.81759,20449521290
296.088,3.37737,20452898909
276.76,3.61324,20456513058
274.687,3.64051,20460153143
304.496,3.28412,20463437699
330.537,3.02538,20466463799
253.931,3.93807,20470401918
300.029,3.33301,20473735493
276.71,3.61389,20477349456
360.991,2.77015,20480120021
239.2,4.1806,20484301138
378.044,2.64519,20486946667
231.948,4.31131,20491259366
416.249,2.40241,20493661112
219.705,4.55156,20498213557
403.119,2.48065,20500694058
225.254,4.43943,20505134748
400.763,2.49524,20507629648
222.952,4.48528,20512115797
424.512,2.35565,20514471393
219.566,4.55444,20519027721
460.348,2.17227,20521199057
210.898,4.74162,20525942970
485.943,2.05785,20528000027
204.263,4.89564,20532898416
450.345,2.22052,20535116775
213.677,4.67997,20539797675
533.132,1.87571,20541673233
196.062,5.10042,20546774553
493.615,2.02587,20548800318
203.733,4.90838,20553709697
565.537,1.76823,20555477685
291.664,3.4286,20558906740
261.389,3.82571,20562732944
206.724,4.83738,20567571376
620.397,1.61187,20569184112
241.118,4.14734,20573333667
317.608,3.14853,20576483516
200.699,4.98259,20581467784
451.18,2.21641,20583683993
211.808,4.72125,20588407082
530.745,1.88415,20590290339
196.955,5.0773,20595370473
536.202,1.86497,20597235498
197.832,5.05478,20602293193
441.957,2.26266,20604555432
280.65,3.56316,20608120905
256.94,3.89196,20612013144
236.14,4.23478,20616251978
377.727,2.64742,20618900379
234.858,4.25789,20623161138
395.626,2.52764,20625687872
230.723,4.3342,20630023499
625.634,1.59838,20631621443
254.395,3.93089,20635553145
269.445,3.71133,20639265179
211.225,4.73429,20643999601
910.491,1.09831,20645097541
299.791,3.33566,20648433780
297.876,3.3571,20651791512
235.73,4.24215,20656034172
367.194,2.72336,20658757966
300.646,3.32617,20662084508
299.551,3.33833,20665422601
261.203,3.82843,20669251970
326.019,3.0673,20672319735
278.901,3.58551,20675906125
300.357,3.32937,20679235771
246.883,4.05051,20683286464
303.352,3.2965,20686588812
298.282,3.35253,20689936442
305.733,3.27083,20693207292
274.913,3.63752,20696845966
252.98,3.95288,20700799290
363.384,2.75191,20703551578
290.294,3.44478,20706996803
286.448,3.49104,20710488597
245.381,4.07529,20714564159
377.573,2.64849,20717213303
285.294,3.50515,20720718663
299.32,3.3409,20724059769
253.848,3.93937,20727999549
364.074,2.74669,20730746412
279.797,3.57402,20734320872
296.829,3.36894,20737690500
279.794,3.57405,20741264646
264.662,3.7784,20745044245
316.15,3.16306,20748207280
310.185,3.22389,20751431932
265.168,3.7712,20755203355
282.755,3.53663,20758740367
296.587,3.37169,20762112119
336.343,2.97316,20765086504
257.968,3.87645,20768963080
333.673,2.99695,20771960308
246.933,4.04969,20776011403
397.031,2.5187,20778529905
228.226,4.38162,20782912401
420.849,2.37615,20785288286
220.657,4.53193,20789821614
453.465,2.20524,20792026651
211.779,4.72191,20796749640
399.339,2.50414,20799253530
226.197,4.42092,20803676328
426.326,2.34562,20806021331
215.652,4.63711,20810659965
487.73,2.05032,20812709887
206.611,4.84002,20817552034
389.712,2.566,20820117155
225.278,4.43897,20824558985
502.201,1.99124,20826549443
201.453,4.96392,20831514124
345.246,2.89649,20834411644
244.736,4.08603,20838496966
585.582,1.7077,20840204617
293.756,3.40418,20843609461
289.009,3.4601,20847072443
221.386,4.51699,20851595690
368.808,2.71144,20854306102
201.064,4.97355,20859279789
648.54,1.54192,20860821633
237.12,4.21727,20865039343
380.298,2.62952,20867668738
288.329,3.46827,20871138213
288.964,3.46063,20874600573
243.819,4.1014,20878701745
364.156,2.74608,20881448062
281.918,3.54713,20884995651
300.918,3.32316,20888318950
291.624,3.42907,20891748059
251.018,3.98378,20895732463
337.278,2.96491,20898697581
300.956,3.32275,20902021791
266.352,3.75444,20905776630
256.83,3.89362,20909671056
332.354,3.00884,20912680774
296.27,3.3753,20916057065
288.096,3.47107,20919528767
252.802,3.95566,20923484626
360.987,2.77018,20926255710
298.046,3.35519,20929610564
296.463,3.3731,20932984102
299.139,3.34293,20936327991
237.157,4.21661,20940545437
358.325,2.79076,20943337264
286.218,3.49383,20946831393
316.102,3.16354,20949995081
249.02,4.01574,20954012414
370.604,2.6983,20956710031
297.758,3.35843,20960069591
293.543,3.40665,20963476898
294.902,3.39096,20966868702
244.006,4.09825,20970967323
374.039,2.67352,20973641542
264.195,3.78508,20977426950
339.871,2.94229,20980369465
239.988,4.16687,20984537829
340.661,2.93547,20987472810
260.982,3.83169,20991305023
330.793,3.02304,20994328598
253.553,3.94395,20998273602
334.278,2.99152,21001264892
255.414,3.91521,21005180431
363.246,2.75295,21007933402
239.371,4.17762,21012112052
284.501,3.51492,21015627905
302.436,3.30648,21018934966
309.57,3.23029,21022165810
262.202,3.81386,21025979659
274.969,3.63678,21029617152
309.136,3.23482,21032852641
360.521,2.77376,21035627979
239.055,4.18313,21039810323
307.771,3.24917,21043060528
269.147,3.71544,21046776268
423.279,2.36251,21049138620
220.84,4.52816,21053668399
408.946,2.44531,21056113463
220.99,4.52509,21060640090
453.022,2.2074,21062846787
212.333,4.70958,21067557422
473.398,2.11239,21069669149
205.506,4.86604,21074536891
491.26,2.03558,21076571659
289.186,3.45798,21080031065
296.963,3.36742,21083397877
288.614,3.46484,21086863870
242.54,4.12302,21090987326
225.423,4.4361,21095425013
546.007,1.83148,21097255185
290.912,3.43746,21100693994
248.659,4.02157,21104715650
220.893,4.52709,21109243580
573.726,1.74299,21110986283
278.619,3.58913,21114576557
249.108,4.01433,21118595985
216.043,4.62871,21123221365
603.042,1.65826,21124878820
287.546,3.47771,21128358519
294.208,3.39895,21131757550
232.044,4.30953,21136068033
284.393,3.51626,21139586538
226.558,4.41388,21144002437
423.205,2.36292,21146364368
220.635,4.53237,21150898004
477.648,2.09359,21152992562
206.275,4.84791,21157843363
391.709,2.55292,21160397003
228.615,4.37417,21164772091
398.573,2.50895,21167280567
223.642,4.47143,21171754706
401.551,2.49034,21174244911
221.198,4.52084,21178766188
531.418,1.88176,21180648412
276.659,3.61456,21184263058
303.025,3.30005,21187563201
297.848,3.35742,21190921679
258.407,3.86986,21194791434
210.017,4.76152,21199553783
508.966,1.96477,21201518388
295.417,3.38504,21204903760
252.391,3.96211,21208868103
217.665,4.59421,21213462338
614.474,1.62741,21215090735
291.438,3.43126,21218522340
295.831,3.3803,21221902569
261.661,3.82173,21225724471
318.519,3.13953,21228864383
294.376,3.39702,21232262120
300.57,3.32701,21235588907
254.719,3.92589,21239515411
359.576,2.78106,21242296592
275.364,3.63156,21245928593
295.712,3.38167,21249310674
246.884,4.05048,21253362416
350.402,2.85387,21256216041
282.342,3.5418,21259758589
301.202,3.32003,21263079214
296.23,3.37576,21266455130
257.406,3.88492,21270340008
332.249,3.00979,21273350330
280.775,3.56157,21276912593
288.048,3.47165,21280384617
253.311,3.94772,21284333289
329.339,3.03639,21287370148
302.368,3.30722,21290677516
292.199,3.42233,21294100125
264.803,3.77639,21297876966
321.091,3.11439,21300991931
305.479,3.27354,21304265462
297.587,3.36037,21307626410
272.913,3.66417,21311290935
251.698,3.97301,21315267115
337.049,2.96693,21318233125
306.246,3.26535,21321498199
276.008,3.62308,21325121660
258.396,3.87003,21328992279
323.492,3.09127,21332083646
258.866,3.863,21335948840
321.298,3.11238,21339060787
262.404,3.81091,21342873364
334.516,2.98939,21345862365
260.896,3.83295,21349697872
286.735,3.48754,21353185823
265.382,3.76815,21356954776
301.325,3.31868,21360272846
360.004,2.77775,21363050904
269.265,3.71381,21366765366
292.829,3.41496,21370180394
243.718,4.1031,21374283864
366.991,2.72486,21377008857
268.367,3.72624,21380735650
299.782,3.33576,21384072725
258.193,3.87307,21387945677
330.511,3.02562,21390971392
278.495,3.59073,21394562460
301.096,3.3212,21397884373
279.968,3.57183,21401456776
265.432,3.76745,21405224384
327.862,3.05006,21408274622
279.936,3.57224,21411848022
287.767,3.47503,21415323957
246.319,4.05978,21419384053
363.479,2.75119,21422135170
297.775,3.35824,21425494525
268.179,3.72885,21429224597
255.125,3.91965,21433144333
329.609,3.0339,21436178405
302.602,3.30467,21439483333
273.389,3.65779,21443141679
302.033,3.3109,21446453378
246.665,4.05407,21450508602
359.349,2.78281,21453291929
277.711,3.60087,21456892798
288.545,3.46567,21460359192
255.235,3.91795,21464278059
363.603,2.75026,21467028709
269.911,3.70492,21470733261
305.941,3.2686,21474002578
247.461,4.04104,21478043907
325.484,3.07235,21481117100
291.509,3.43042,21484547766
291.496,3.43058,21487978759
292.007,3.42458,21491403984
253.985,3.93724,21495341371
345.47,2.89461,21498235923
286.909,3.48542,21501721676
292.179,3.42255,21505144456
250.575,3.99082,21509135889
316.647,3.15809,21512294212
298.505,3.35002,21515646371
289.819,3.45043,21519095739
259.932,3.84716,21522944088
317.984,3.14481,21526088316
304.298,3.28625,21529375083
277.208,3.60741,21532983226
301.119,3.32095,21536306180
238.5,4.19288,21540497848
338.743,2.95209,21543450318
282.844,3.53552,21546986653
297.25,3.36417,21550351477
247.574,4.03919,21554391677
373.63,2.67645,21557067989
272.702,3.667,21560735197
322.658,3.09925,21563834815
243.554,4.10586,21567941884
332.003,3.01202,21570953843
276.439,3.61743,21574572259
309.735,3.22856,21577800422
266.525,3.75199,21581553670
289.313,3.45647,21585010906
287.133,3.4827,21588493601
342.976,2.91565,21591409708
247.243,4.0446,21595454540
306.208,3.26575,21598720698
273.646,3.65436,21602375950
327.948,3.04927,21605425555
254.835,3.9241,21609350344
306.413,3.26357,21612613621
270.598,3.69552,21616310487
350.985,2.84913,21619159239
247.922,4.03352,21623193355
380.151,2.63053,21625823750
227.067,4.40398,21630229490
374.319,2.67151,21632900794
236.597,4.2266,21637127663
352.391,2.83776,21639966831
220.762,4.52976,21644499410
278.778,3.58708,21648087605
330.461,3.02607,21651115168
288.77,3.46296,21654578324
232.482,4.30142,21658882382
355.821,2.8104,21661693654
322.755,3.09833,21664791131
278.681,3.58833,21668381952
283.514,3.52716,21671909989
240.8,4.15282,21676064722
340.313,2.93847,21679004619
312.852,3.1964,21682201218
222.903,4.48626,21686689141
264.917,3.77477,21690465483
439.403,2.27581,21692741194
324.729,3.07949,21695821227
269.573,3.70957,21699533841
242.878,4.1173,21703651058
349.227,2.86347,21706514041
328.819,3.04119,21709555312
255.49,3.91406,21713470218
343.576,2.91056,21716380610
243.253,4.11094,21720493876
354.082,2.8242,21723318316
250.264,3.99578,21727316257
323.124,3.09479,21730416798
257.019,3.89076,21734302936
373.433,2.67786,21736980884
235.491,4.24644,21741228033
417.896,2.39294,21743620844
219.152,4.56304,21748185024
351.474,2.84516,21751031147
245.409,4.07483,21755107169
387.199,2.58265,21757689903
226.956,4.40614,21762096039
374.606,2.66947,21764766107
230.535,4.33773,21769104742
521.32,1.91821,21771022633
296.851,3.36869,21774392168
244.864,4.0839,21778477210
225.154,4.4414,21782920149
537.602,1.86011,21784779805
197.086,5.07394,21789854975
602.469,1.65984,21791514354
187.092,5.34497,21796860954
620.122,1.61258,21798473042
189.656,5.27271,21803747123
664.801,1.50421,21805251845
182.357,5.48376,21810737839
756.091,1.32259,21812060099
175.875,5.68584,21817748943
426.13,2.3467,21820097332
221.489,4.51489,21824612168
610.232,1.63872,21826251022
189.904,5.26583,21831518095
649.405,1.53987,21833057018
183.354,5.45394,21838512799
535.08,1.86888,21840381404
197.516,5.06289,21845445526
627.073,1.59471,21847040114
183.14,5.46032,21852503535
372.29,2.68608,21855190979
240.78,4.15317,21859344437
604.736,1.65361,21860996803
189.617,5.27379,21866272950
486.678,2.05475,21868327954
205.745,4.8604,21873189029
675.033,1.48141,21874670610
184.791,5.41153,21880083756
611.854,1.63438,21881717775
186.27,5.36855,21887088091
717.357,1.39401,21888481313
179.103,5.58338,21894065870
820.262,1.21912,21895284465
176.373,5.66979,21900956377
797.241,1.25433,21902209595
174.43,5.73297,21907943545
800.868,1.24864,21909191933
171.228,5.84015,21915040453
592.561,1.68759,21916725389
195.963,5.10301,21921830270
822.143,1.21633,21923047468
151.357,6.60688,21929661743
164.446,6.08102,21935739236
478.222,2.09108,21937832738
208.021,4.80722,21942640472
838.65,1.19239,21943829234
161.246,6.20171,21950039355
691.167,1.44683,21951483450
197.345,5.06727,21956551577
702.566,1.42335,21957974080
176.581,5.66312,21963641134
770.856,1.29726,21964938856
171.847,5.81913,21970769776
678.213,1.47446,21972238656
192.746,5.18818,21977428097
451.019,2.2172,21979648715
191.954,5.20959,21984859583
488.967,2.04513,21986905256
231.599,4.3178,21991222471
807.993,1.23763,21992459233
172.365,5.80165,21998266881
768.294,1.30158,21999567823
176.151,5.67694,22005251134
719.96,1.38897,22006635983
176.921,5.65224,22012292244
650.561,1.53714,22013827266
189.04,5.28988,22019119003
773.766,1.29238,22020410186
177.526,5.63298,22026045246
754.098,1.32609,22027371305
180.071,5.55337,22032927389
721.325,1.38634,22034312299
180.351,5.54474,22039861090
759.387,1.31685,22041175532
176.161,5.67661,22046858812
779.531,1.28282,22048139726
177.672,5.62835,22053770796
729.88,1.37009,22055138967
180.108,5.55222,22060692295
798.556,1.25226,22061944153
176.506,5.66553,22067611477
662.846,1.50865,22069120161
183.893,5.43794,22074559559
701.802,1.4249,22075984181
180.4,5.54323,22081529314
664.242,1.50548,22083034367
181.356,5.51401,22088548858
746.455,1.33967,22089889489
176.897,5.65301,22095542828
779.812,1.28236,22096825123
178.111,5.61448,22102440948
800.376,1.24941,22103689495
174.615,5.72689,22109418348
823.104,1.21491,22110632833
175.487,5.69843,22116333546
788.289,1.26857,22117611289
178.029,5.61705,22123220564
762.169,1.31204,22124532433
177.118,5.64596,22130180055
757.43,1.32025,22131499826
175.923,5.68432,22137185765
794.565,1.25855,22138444545
177.681,5.62805,22144073079
702.403,1.42368,22145497407
182.224,5.48775,22150986332
679.067,1.47261,22152458054
181.436,5.51158,22157970714
703.129,1.42221,22159393579
181.704,5.50346,22164897592
730.936,1.36811,22166265277
179.672,5.56569,22171832480
725.739,1.37791,22173210300
179.454,5.57247,22178782913
753.164,1.32773,22180110486
176.485,5.6662,22185778172
777.157,1.28674,22187064483
180.181,5.54999,22192616187
718.723,1.39136,22194007203
177.154,5.64479,22199653013
773.231,1.29327,22200946666
178.767,5.59389,22206541590
661.997,1.51058,22208051366
183.77,5.4416,22213493871
716.59,1.3955,22214890276
180.013,5.55516,22220446711
683.406,1.46326,22221909440
181.306,5.51554,22227426130
809.203,1.23578,22228661915
175.714,5.69108,22234353440
725.578,1.37821,22235732483
180.657,5.53536,22241268647
789.859,1.26605,22242534723
175.512,5.6976,22248234829
664.225,1.50551,22249739061
181.725,5.50283,22255243265
737.017,1.35682,22256599706
180.674,5.53484,22262135514
770.208,1.29835,22263433713
176.978,5.65043,22269085572
845.813,1.18229,22270267792
171.362,5.83561,22276105881
814.809,1.22728,22277332794
175.123,5.71028,22283045607
571.463,1.74989,22284794168
195.203,5.12287,22289919269
850.021,1.17644,22291094096
171.491,5.8312,22296928539
741.795,1.34808,22298275227
182.955,5.46582,22303743765
775.289,1.28984,22305033920
173.878,5.75117,22310785909
772.81,1.29398,22312079275
177.571,5.63154,22317712982
803.677,1.24428,22318956103
173.949,5.74882,22324705799
611.982,1.63403,22326339975
190.99,5.23588,22331577544
827.436,1.20855,22332785625
172.072,5.8115,22338600992
721.446,1.38611,22339985260
184.51,5.41975,22345407025
746.105,1.34029,22346746844
174.68,5.72474,22352474360
724.04,1.38114,22353854840
181.003,5.52476,22359381069
808.012,1.2376,22360617891
174.762,5.72208,22366342171
812.957,1.23008,22367570558
175.033,5.7132,22373285295
761.03,1.31401,22374598519
179.744,5.56348,22380164364
732.967,1.36432,22381528356
180.36,5.54447,22387073462
748.773,1.33552,22388408357
174.813,5.72041,22394129772
776.933,1.28711,22395416714
178.683,5.5965,22401015163
774.314,1.29147,22402306545
175.678,5.69224,22407999391
751.803,1.33014,22409329415
180.767,5.53199,22414863575
684.83,1.46022,22416323100
180.584,5.5376,22421862171
731.18,1.36765,22423230002
182.108,5.49126,22428723087
685.607,1.45856,22430180505
179.8,5.56173,22435742816
763.446,1.30985,22437052589
178.535,5.60113,22442654949
709.493,1.40946,22444065143
180.914,5.52749,22449594028
697.694,1.43329,22451026045
179.695,5.56498,22456592529
699.451,1.42969,22458022369
181.446,5.51128,22463534061
890.398,1.12309,22464657049
830.87,1.20356,22465861143
215.77,4.63455,22470496454
530.774,1.88404,22472380271
201.127,4.97198,22477354494
500.673,1.99731,22479351065
197.823,5.05504,22484407340
501.696,1.99324,22486400935
202.299,4.94319,22491344998
541.355,1.84722,22493191535
198.81,5.02993,22498222846
387.429,2.58112,22500803581
229.407,4.35906,22505164145
481.846,2.07535,22507239254
207.92,4.80953,22512049855
356.388,2.80593,22514857464
240.542,4.15727,22519013940
524.475,1.90667,22520920528
198.587,5.03557,22525957052
427.101,2.34137,22528299158
213.362,4.68688,22532986630
570.169,1.75387,22534740177
195.625,5.11183,22539852525
534.234,1.87184,22541726786
192.497,5.19487,22546920557
615.499,1.6247,22548544952
192.037,5.20734,22553753383
571.162,1.75082,22555504236
189.856,5.26714,22560772361
580.397,1.72296,22562494756
195.57,5.11326,22567616802
594.301,1.68265,22569299473
188.374,5.30858,22574614392
709.851,1.40875,22576021983
181.243,5.51745,22581540780
744.379,1.3434,22582883749
177.242,5.642,22588527515
499.619,2.00153,22590528629
201.265,4.96858,22595498089
921.847,1.08478,22596582115
170.908,5.85112,22602434670
662.061,1.51043,22603944634
182.288,5.48582,22609431486
825.611,1.21122,22610642882
174.791,5.72111,22616365871
787.534,1.26979,22617635585
177.335,5.63903,22623274715
769.577,1.29941,22624574039
178.652,5.59747,22630172447
710.852,1.40676,22631579018
177.591,5.6309,22637211791
768.453,1.30132,22638512244
179.657,5.56616,22644080218
739.094,1.35301,22645432452
178.104,5.61471,22651048980
800.389,1.24939,22652298026
177.741,5.62617,22657925118
513.96,1.94568,22659871177
197.804,5.05552,22664927118
764.902,1.30736,22666234501
177.392,5.63722,22671873446
718.783,1.39124,22673263555
179.231,5.57939,22678844851
684.416,1.4611,22680306073
185.147,5.40112,22685708243
868.272,1.15171,22686858939
335.752,2.97839,22689838218
259.928,3.84722,22693685761
326.948,3.05859,22696744517
295.206,3.38747,22700132327
294.809,3.39203,22703525512
270.345,3.69897,22707226608
224.271,4.45889,22711686479
359.567,2.78113,22714468207
283.986,3.5213,22717991161
286.076,3.49557,22721487441
220.042,4.54458,22726035732
389.488,2.56747,22728601945
171.333,5.8366,22734439713
733.4,1.36351,22735805231
184.038,5.43367,22741241900
769.944,1.2988,22742538657
177.525,5.63301,22748174689
621.345,1.60941,22749784595
185.88,5.3798,22755167643
681.713,1.46689,22756634552
184.559,5.41833,22762054534
730.071,1.36973,22763422888
177.984,5.61849,22769045608
473.468,2.11208,22771156219
209.815,4.7661,22775923024
788.729,1.26786,22777190334
172.839,5.78573,22782977812
726.322,1.3768,22784354128
178.589,5.59946,22789955926
710.209,1.40804,22791362349
182.252,5.4869,22796850925
686.989,1.45563,22798305769
182.816,5.46997,22803777856
703.386,1.42169,22805198299
179.834,5.5607,22810760737
726.436,1.37658,22812136900
180.934,5.52687,22817666165
542.239,1.84421,22819509613
194.743,5.13497,22824645848
745.122,1.34206,22825987308
178.586,5.59955,22831589440
684.48,1.46096,22833049185
180.677,5.53474,22838587720
748.727,1.3356,22839921399
182.117,5.49098,22845414620
561.419,1.7812,22847195563
188.821,5.29602,22852494037
819.466,1.22031,22853713334
176.056,5.68002,22859395507
641.378,1.55914,22860953501
185.603,5.38785,22866343369
777.429,1.28629,22867628071
178.292,5.60877,22873238977
733.394,1.36352,22874601502
180.126,5.55167,22880154708
743.162,1.3456,22881499779
179.137,5.58231,22887083467
493.964,2.02444,22889108007
201.086,4.97299,22894082083
791.597,1.26327,22895344561
175.502,5.69794,22901043410
520.287,1.92201,22902965272
199.934,5.00166,22907968762
787.271,1.27021,22909238479
178.19,5.61199,22914852114
501.339,1.99466,22916847092
198.46,5.03881,22921888220
764.584,1.3079,22923195593
180.205,5.54925,22928746159
516.202,1.93723,22930683409
197.43,5.06509,22935751338
766.533,1.30457,22937054181
178.811,5.59248,22942648059
514.974,1.94185,22944589440
198.656,5.03382,22949625415
766.758,1.30419,22950928783
176.933,5.65185,22956581541
753.434,1.32726,22957908540
177.77,5.62526,22963535888
525.537,1.90282,22965437974
198,5.05052,22970489537
734.832,1.36085,22971850186
181.467,5.51063,22977362366
705.712,1.41701,22978779213
181.775,5.50131,22984282108
735.302,1.35998,22985641144
179.69,5.56514,22991208242
464.425,2.1532,22993361120
204.631,4.88684,22998249823
792.685,1.26154,22999510642
174.951,5.71587,23005227351
515.937,1.93822,23007165512
202.485,4.93865,23012105688
762.265,1.31188,23013417503
176.99,5.65003,23019068605
506.513,1.97428,23021042936
199.483,5.01295,23026057661
779.973,1.28209,23027338852
488.8,2.04583,23029385390
281.247,3.5556,23032941965
292.51,3.41868,23036360915
264.026,3.78751,23040148605
345.996,2.8902,23043041037
263.113,3.80065,23046840248
323.166,3.09438,23049935115
259.445,3.85437,23053789962
323.279,3.09331,23056883715
262.764,3.8057,23060689940
329.122,3.03839,23063728661
256.109,3.90459,23067634260
294.133,3.39983,23071034640
281.359,3.55418,23074589724
325.665,3.07064,23077661115
257.01,3.8909,23081551889
291.723,3.42791,23084980921
284.38,3.51643,23088497775
340.568,2.93627,23091434556
246.282,4.06039,23095495843
313.283,3.192,23098688826
266.177,3.7569,23102446259
410.971,2.43326,23104879195
223.528,4.47371,23109355232
415.386,2.4074,23111761525
220.978,4.52533,23116288214
396.25,2.52366,23118811666
223.327,4.47775,23123290440
389.969,2.5643,23125854452
229.856,4.35055,23130206860
387.238,2.58239,23132789045
234.828,4.25844,23137049798
294.214,3.39888,23140450320
236.325,4.23147,23144682436
454.198,2.20168,23146883711
245.424,4.07458,23150959997
362.299,2.76015,23153720209
239.657,4.17263,23157895575
273.788,3.65247,23161547459
304.888,3.27989,23164829384
342.464,2.92001,23167749510
222.334,4.49774,23172249044
310.901,3.21646,23175465631
307.544,3.25156,23178716669
420.944,2.37561,23181092279
215.942,4.63087,23185723835
379.585,2.63445,23188359491
234.151,4.27074,23192631086
440.783,2.26869,23194898617
212.397,4.70816,23199607318
488.109,2.04872,23201656242
204.829,4.88213,23206539293
462.306,2.16307,23208702698
205.822,4.85857,23213562243
536.224,1.86489,23215426693
198.646,5.03409,23220462504
499.726,2.0011,23222463605
203.419,4.91596,23227381072
472.603,2.11594,23229496777
205.058,4.87667,23234373510
496.146,2.01553,23236389575
206.717,4.83754,23241227268
497.487,2.0101,23243237390
202.11,4.9478,23248186011
413.862,2.41626,23250602632
217.703,4.5934,23255196500
609.006,1.64202,23256838676
188.727,5.29867,23262138104
471.715,2.11993,23264258402
207.425,4.82101,23269079439
709.821,1.40881,23270488371
179.998,5.5556,23276045812
522.791,1.91281,23277958663
199.295,5.0177,23282976196
782.794,1.27748,23284253844
294.237,3.39862,23287653317
294.731,3.39292,23291046238
262.807,3.80507,23294851852
322.148,3.10416,23297956278
296.605,3.37149,23301328061
291.132,3.43487,23304763281
244.473,4.09043,23308855356
362.312,2.76005,23311615623
293.93,3.40217,23315017864
280.87,3.56037,23318579255
290.373,3.44385,23322022902
260.94,3.8323,23325855572
323.901,3.08736,23328943052
299.818,3.33535,23332278579
280.577,3.56409,23335846526
244.887,4.08352,23339929889
381.463,2.62149,23342551881
293.606,3.40593,23345958122
282.592,3.53868,23349498271
234.234,4.26923,23353768198
368.288,2.71527,23356486167
290.554,3.44171,23359928220
313.265,3.19218,23363120107
282.321,3.54207,23366662214
250.151,3.99758,23370660573
352.142,2.83976,23373500968
291.994,3.42473,23376927034
295.345,3.38587,23380312188
246.68,4.05384,23384366572
354.072,2.82428,23387190921
302,3.31126,23390503024
272.135,3.67464,23394177941
256.429,3.89972,23398077916
322.963,3.09633,23401174279
301.122,3.32091,23404495913
290.056,3.44761,23407943388
300.23,3.33078,23411274554
258.569,3.86744,23415143778
317.152,3.15306,23418297537
278.44,3.59144,23421889605
302.139,3.30974,23425199499
256.959,3.89168,23429091638
353.24,2.83093,23431922999
260.279,3.84203,23435765381
351.018,2.84886,23438614977
248.096,4.03069,23442646563
292.982,3.41318,23446060672
283.831,3.52322,23449584186
369.523,2.7062,23452290023
235.94,4.23837,23456529942
334.132,2.99283,23459522878
250.746,3.9881,23463511639
393.613,2.54057,23466051885
228.753,4.37152,23470424200
348.092,2.8728,23473297273
245.652,4.07079,23477369100
390.446,2.56117,23479929660
226.325,4.41842,23484348897
440.899,2.26809,23486616738
216.075,4.62803,23491247201
423.156,2.3632,23493609952
215.357,4.64345,23498253375
461.523,2.16674,23500420051
208.517,4.79576,23505217160
450.577,2.21937,23507436475
211.655,4.72467,23512162158
494.436,2.02251,23514184318
204.783,4.88321,23519068072
555.292,1.80086,23520868652
195.82,5.10672,23525976461
589.926,1.69513,23527671250
189.402,5.27979,23532951527
515.42,1.94017,23534892333
202.111,4.94776,23539841186
679.182,1.47236,23541313542
288.877,3.46168,23544777179
255.567,3.91287,23548689234
197.245,5.06984,23553759453
712.58,1.40335,23555162814
315.694,3.16762,23558330828
294.395,3.3968,23561728475
255.451,3.91465,23565643947
357.281,2.79892,23568443107
296.517,3.37248,23571815860
290.929,3.43726,23575253153
253.271,3.94833,23579202908
365.803,2.73371,23581935864
292.328,3.42081,23585357502
300.23,3.33078,23588688111
281.197,3.55623,23592245302
252.487,3.9606,23596206469
363.114,2.75396,23598960738
275.128,3.63467,23602595040
295.777,3.38093,23605976612
262.51,3.80938,23609786977
322.913,3.09681,23612884332
279.648,3.57592,23616460573
297.052,3.36641,23619828163
244.498,4.09001,23623919633
363.855,2.74834,23626667452
290.272,3.44505,23630113462
295.403,3.38521,23633498660
278.988,3.58438,23637083682
269.948,3.70442,23640788735
310.518,3.22042,23644009211
313.251,3.19233,23647202560
266.592,3.75106,23650954391
273.385,3.65784,23654612705
294.827,3.39182,23658004917
307.688,3.25004,23661254615
276.373,3.6183,23664874041
268.55,3.7237,23668598007
317.857,3.14607,23671745119
328.368,3.04536,23674792002
255.035,3.92102,23678713264
346.989,2.88194,23681594727
244.825,4.08456,23685680559
379.528,2.63485,23688315516
233.25,4.28724,23692603770
373.844,2.67491,23695278001
232.486,4.30134,23699580156
385.556,2.59366,23702173650
230.998,4.32904,23706503620
359.732,2.77985,23709283605
237.97,4.2022,23713486562
394.542,2.53458,23716021536
227.319,4.3991,23720421792
418.898,2.38722,23722807916
217.524,4.5972,23727407361
363.295,2.75258,23730159451
241.645,4.13831,23734298274
472.532,2.11626,23736414579
204.689,4.88546,23741301100
419.108,2.38602,23743687543
219.839,4.54878,23748236916
580.34,1.72313,23749968397
192.365,5.19845,23755168180
645.164,1.54999,23756717953
251.084,3.98273,23760702508
353.582,2.8282,23763530826
287.034,3.4839,23767014872
299.423,3.33976,23770354864
216.601,4.61678,23774975882
345.774,2.89206,23777868202
197.951,5.05176,23782923280
587.844,1.70113,23784626461
245.039,4.08099,23788706832
367.426,2.72164,23791428406
288.283,3.46881,23794899415
291.661,3.42864,23798329243
254.865,3.92365,23802254303
253.247,3.94871,23806202837
223.238,4.47953,23810684093
643.898,1.55304,23812236122
278.995,3.58429,23815823743
197.677,5.05877,23820884421
261.918,3.81799,23824703896
561.414,1.78122,23826484206
197.687,5.0585,23831543175
426.336,2.34557,23833888893
213.23,4.68977,23838582401
696.966,1.43479,23840014719
356.553,2.80464,23842819708
296.75,3.36984,23846189593
238.275,4.19683,23850388832
313.405,3.19076,23853580085
283.577,3.52638,23857107946
298.057,3.35506,23860462799
257.429,3.88456,23864348633
382.952,2.61129,23866958910
285.491,3.50274,23870462827
295.984,3.37856,23873841900
244.065,4.09727,23877939487
361.598,2.7655,23880705632
281.827,3.54828,23884254332
295.571,3.38328,23887637855
290.96,3.43689,23891075391
242.909,4.11677,23895192761
358.477,2.78958,23897983247
292.188,3.42245,23901405483
294.45,3.39616,23904802627
254.055,3.93616,23908739415
330.209,3.02838,23911767670
297.792,3.35805,23915125991
297.328,3.36329,23918489730
293.173,3.41095,23921901149
248.12,4.03031,23925932860
341.529,2.92801,23928860628
304.351,3.28569,23932147795
276.899,3.61142,23935759122
253.409,3.94619,23939706564
336.079,2.97549,23942681507
285.165,3.50674,23946189691
293.339,3.40902,23949598237
264.044,3.78725,23953386648
312.642,3.19855,23956584796
309.371,3.23236,23959817480
265.671,3.76406,23963582492
335.735,2.97854,23966561835
232.816,4.29523,23970858130
389.068,2.57025,23973428657
247.017,4.04831,23977477353
350.807,2.85057,23980327634
243.228,4.11137,23984440077
377.192,2.65117,23987092032
234.883,4.25743,23991350198
386.591,2.58671,23993936849
233.315,4.28606,23998223980
384.225,2.60264,24000826398
230.132,4.34533,24005172581
398.56,2.50903,24007681541
224.876,4.4469,24012129205
352.271,2.83872,24014968086
241.566,4.13965,24019109336
456.78,2.18924,24021297889
209.348,4.77674,24026075410
375.587,2.6625,24028738476
235.384,4.24837,24032987621
491.761,2.03351,24035020978
204.263,4.89564,24039918019
520.99,1.91942,24041837193
257.815,3.87875,24045718749
324.236,3.08418,24048801016
200.677,4.98313,24053785097
580.938,1.72135,24055506157
257.272,3.88694,24059394978
349.676,2.85979,24062254245
274.568,3.64209,24065896618
294.843,3.39164,24069288481
235.64,4.24376,24073533219
359.584,2.78099,24076314075
277.671,3.60139,24079915764
298.185,3.35362,24083269539
287.715,3.47567,24086747016
245.671,4.07048,24090818764
211.571,4.72654,24095545458
614.644,1.62696,24097172167
293.332,3.40911,24100581810
250.983,3.98434,24104568152
208.561,4.79476,24109362743
624.534,1.60119,24110963237
291.256,3.43341,24114398516
242.748,4.1195,24118518878
207.125,4.82801,24123346749
628.645,1.59072,24124937926
188.122,5.3157,24130255311
632.946,1.57991,24131834593
187.747,5.32631,24137162257
628.635,1.59075,24138752640
185.536,5.38978,24144143170
650.335,1.53767,24145680986
183.577,5.44732,24151128589
770.791,1.29737,24152426081
179.916,5.55815,24157984889
742.293,1.34718,24159331843
176.637,5.66131,24164994039
753.696,1.32679,24166321206
182.606,5.47628,24171798772
830.779,1.20369,24173001775
172.523,5.79633,24178799595
660.633,1.5137,24180312491
184.602,5.41707,24185730408
724.299,1.38065,24187111300
179.687,5.56523,24192677987
755.383,1.32383,24194001496
175.812,5.68789,24199690826
788.333,1.2685,24200958842
178.871,5.59063,24206551498
541.591,1.84641,24208397292
193.326,5.17262,24213572136
818.651,1.22152,24214792443
174.662,5.72535,24220520076
837.943,1.1934,24221712832
173.427,5.76612,24227480492
769.466,1.2996,24228779636
178.582,5.59967,24234380411
820.456,1.21883,24235600255
174.461,5.73195,24241332637
815.592,1.2261,24242558201
175.687,5.69193,24248251378
752.954,1.3281,24249579539
176.369,5.66992,24255250663
765.855,1.30573,24256556248
177.097,5.64661,24262204054
744.725,1.34278,24263547011
181.456,5.51097,24269059737
751.262,1.33109,24270389871
175.198,5.70783,24276099793
786.123,1.27207,24277370540
178.209,5.61139,24282983412
774.142,1.29175,24284274457
177.636,5.62948,24289905693
784.82,1.27418,24291179040
177.134,5.64544,24296826583
754.118,1.32605,24298151550
178.68,5.59659,24303749599
788.152,1.26879,24305018373
174.784,5.72135,24310740763
729.296,1.37119,24312111295
179.532,5.57004,24317682707
753.647,1.32688,24319009570
176.641,5.6612,24324672067
789.949,1.26591,24325937392
177.73,5.62651,24331565475
769.006,1.30038,24332865128
174.034,5.746,24338616856
788.778,1.26778,24339880764
177.861,5.62237,24345504368
796.31,1.25579,24346759863
175.922,5.68433,24352446715
767.178,1.30348,24353749719
178.303,5.60843,24359360023
695.696,1.43741,24360797107
179.768,5.56272,24366361178
801.738,1.24729,24367607847
176.157,5.67676,24373286010
705.259,1.41792,24374702971
182.201,5.48845,24380193046
784.212,1.27517,24381467372
177.287,5.64056,24387109240
743.231,1.34548,24388454570
176.275,5.67295,24394129301
743.935,1.3442,24395472242
178.131,5.61383,24401089041
808.29,1.23718,24402325642
175.786,5.68872,24408015165
738.894,1.35337,24409367562
182.735,5.4724,24414841394
772.266,1.29489,24416135854
172.919,5.78306,24421920699
738.777,1.35359,24423273241
179.976,5.55629,24428830969
755.846,1.32302,24430153495
178.256,5.60989,24435765523
699.66,1.42927,24437193513
182.815,5.47,24442665027
741.405,1.34879,24444013231
176.632,5.6615,24449677114
723.503,1.38216,24451057894
180.178,5.55007,24456608571
763.828,1.3092,24457917793
178.033,5.61693,24463536388
531.072,1.88298,24465418941
198.821,5.02964,24470450033
728.053,1.37353,24471823201
178.294,5.60871,24477433452
743.345,1.34527,24478778042
177.651,5.62902,24484408045
734.342,1.36176,24485769759
179.45,5.5726,24491343099
727.355,1.37484,24492718408
180.228,5.54851,24498268642
782.526,1.27791,24499545998
175.538,5.69678,24505245713
759.893,1.31597,24506560082
177.827,5.62346,24512185154
727.022,1.37547,24513559709
181.304,5.51559,24519076428
773.915,1.29213,24520368423
177.932,5.62012,24525990300
522.968,1.91216,24527901477
197.498,5.06333,24532967192
829.74,1.2052,24534172154
175.343,5.70311,24539876189
693.226,1.44253,24541318775
180.493,5.54037,24546862765
722.132,1.38479,24548244433
180.765,5.53205,24553778227
696.809,1.43511,24555212879
182.932,5.46651,24560680061
773.586,1.29268,24561973082
175.964,5.68299,24567657559
529.608,1.88819,24569545160
196.98,5.07665,24574622953
740.776,1.34994,24575972454
177.906,5.62095,24581594164
537.63,1.86002,24583454132
196.699,5.0839,24588539972
793.224,1.26068,24589799931
173.51,5.76334,24595564593
712.624,1.40326,24596967027
186.637,5.35798,24602327056
698.039,1.43259,24603758743
176.431,5.66794,24609427510
788.453,1.26831,24610695573
174.811,5.72046,24616418366
747.06,1.33858,24617756077
180.115,5.552,24623309358
741.304,1.34897,24624657656
178.524,5.60148,24630261539
516.169,1.93735,24632198297
201.703,4.95779,24637156205
745.006,1.34227,24638498301
176.988,5.65009,24644149570
517.863,1.93101,24646080291
200.694,4.9827,24651063482
768.471,1.30129,24652364987
176.4,5.66894,24658034616
743.599,1.34481,24659380343
180.646,5.5357,24664918210
700.433,1.42769,24666345508
180.35,5.54479,24671890182
684.587,1.46073,24673351665
181.466,5.51067,24678862681
700.546,1.42746,24680289954
182.172,5.48931,24685780347
562.187,1.77877,24687561823
193.105,5.17853,24692740284
817.63,1.22305,24693963643
178.919,5.58913,24699554302
519.473,1.92503,24701478888
195.028,5.12746,24706608663
757.136,1.32077,24707928626
178.282,5.60911,24713538028
540.328,1.85073,24715388785
193.726,5.16194,24720552209
785.884,1.27245,24721825230
178.604,5.59897,24727424672
514.465,1.94377,24729369030
200.239,4.99404,24734365450
793.816,1.25974,24735624053
175.574,5.69559,24741320188
521.544,1.91738,24743237594
199.516,5.01212,24748251025
760.302,1.31527,24749566229
177.869,5.6221,24755188998
520.671,1.9206,24757109594
198.514,5.03742,24762148638
750.533,1.33239,24763481149
179.022,5.58592,24769067702
509.259,1.96364,24771031673
201.62,4.95982,24775992695
764.306,1.30838,24777300934
176.834,5.65501,24782957675
533.809,1.87333,24784830391
197.688,5.05849,24789890750
698.664,1.4313,24791321259
181.691,5.50385,24796826627
664.349,1.50523,24798330591
180.71,5.53374,24803865546
702.822,1.42284,24805287966
183.015,5.46402,24810754502
725.352,1.37864,24812132355
179.527,5.5702,24817704789
710.22,1.40802,24819112298
179.689,5.56518,24824677699
548.322,1.82375,24826501840
196.989,5.07644,24831579083
739.575,1.35213,24832931351
177.312,5.63979,24838575286
732.909,1.36442,24839938388
181.36,5.51389,24845453673
652.785,1.5319,24846986609
180.654,5.53543,24852527414
604.406,1.65452,24854180876
188.013,5.31877,24859500799
788.263,1.26861,24860769717
181.183,5.51928,24866292931
455.897,2.19348,24868485078
209.675,4.76929,24873256015
767.31,1.30325,24874559288
176.028,5.6809,24880243751
754.789,1.32487,24881567411
178.537,5.60108,24887170375
381.266,2.62284,24889795178
228.852,4.36963,24894165686
821.713,1.21697,24895381861
178.463,5.60341,24900985832
412.864,2.4221,24903568604
216.418,4.6207,24908034619
783.53,1.27628,24909308876
180.384,5.54373,24914853833
692.304,1.44445,24916298617
179.157,5.58169,24921881428
718.534,1.39172,24923272291
178.374,5.60619,24928880342
754.976,1.32455,24930204414
181.336,5.51464,24935720628
705.59,1.41725,24937138193
181.016,5.52436,24942662602
711.551,1.40538,24944068006
180.202,5.54934,24949618756
559.918,1.78597,24951404233
192.719,5.18891,24956593686
762.741,1.31106,24957904990
176.277,5.67289,24963579787
715.598,1.39743,24964976830
179.291,5.57754,24970555208
732.488,1.36521,24971920169
180.796,5.5311,24977452512
757.234,1.3206,24978773139
179.207,5.58013,24984354391
756.444,1.32197,24985675776
175.559,5.69608,24991373936
774.529,1.29111,24992663699
177.233,5.64229,24998306604
563.383,1.77499,25000082010
197.258,5.0695,25005154056
787.506,1.26983,25006422465
832.5,1.2012,25007623567
222.979,4.48472,25012109720
539.57,1.85333,25013963276
193.699,5.16266,25019127556
594.119,1.68316,25020810343
189.619,5.27372,25026085010
597.726,1.67301,25027758234
193.225,5.17531,25032935139
389.464,2.56763,25035502961
226.318,4.41856,25039921738
599.657,1.66762,25041588903
189.634,5.2733,25046864941
446.841,2.23793,25049102005
212.801,4.69923,25053801575
551.264,1.81401,25055615244
195.345,5.11915,25060734845
413.012,2.42124,25063157175
222.581,4.49275,25067650240
506.322,1.97503,25069624844
200.066,4.99836,25074624307
464.013,2.15511,25076779378
208.893,4.78713,25081567683
486.48,2.05558,25083623318
202.976,4.92668,25088551372
488.678,2.04634,25090597874
204.28,4.89524,25095494267
628.173,1.59192,25097086109
186.973,5.34837,25102435951
572.77,1.7459,25104180531
191.013,5.23525,25109417677
585.911,1.70674,25111123378
190.868,5.23923,25116364288
485.62,2.05922,25118423677
206.09,4.85226,25123276816
369.028,2.70982,25125987127
235.666,4.24329,25130231306
424.496,2.35573,25132587777
220.721,4.5306,25137121010
275.176,3.63404,25140754836
303.701,3.29271,25144049916
290.707,3.43988,25147489457
287.977,3.4725,25150962864
229.663,4.35421,25155318576
376.6,2.65534,25157975350
319.869,3.12628,25161101263
246.405,4.05836,25165161487
268.563,3.72353,25168886116
341.449,2.92869,25171816832
325.421,3.07294,25174889239
250.983,3.98433,25178873460
374.66,2.66909,25181543097
235.956,4.23807,25185781609
374.205,2.67233,25188454080
235.197,4.25175,25192706652
381.466,2.62146,25195327839
232.047,4.30946,25199638095
380.573,2.62762,25202266529
231.72,4.31555,25206581833
423.88,2.35916,25208941653
217.062,4.60697,25213548949
384.27,2.60234,25216151388
229.553,4.35629,25220509335
390.425,2.56131,25223070394
228.161,4.38287,25227454019
323.517,3.09103,25230544873
258.091,3.8746,25234420017
386.45,2.58765,25237007963
234.356,4.26702,25241276291
319.529,3.12961,25244405603
258.868,3.86297,25248269381
386.772,2.5855,25250854804
227.381,4.39791,25255254014
349.321,2.86269,25258117042
245.373,4.07543,25262193129
425.694,2.34911,25264542496
219.956,4.54636,25269089845
393.893,2.53876,25271628062
225.827,4.42817,25276058284
407.455,2.45426,25278512092
222.199,4.50047,25283013717
395.851,2.5262,25285539575
226.354,4.41786,25289958307
408.751,2.44648,25292404607
223.51,4.47406,25296879238
384.085,2.60359,25299483587
229.875,4.35018,25303834454
392.93,2.54498,25306379098
229.026,4.36631,25310745895
381.446,2.6216,25313367786
233.229,4.28764,25317656327
292.835,3.4149,25321071874
281.314,3.55474,25324627165
368.93,2.71054,25327337645
235.022,4.25492,25331593327
299.487,3.33904,25334933478
274.026,3.64929,25338584018
327.805,3.05059,25341634464
260.148,3.84397,25345478849
277.627,3.60196,25349081923
296.661,3.37085,25352452859
297.913,3.35668,25355810352
273.357,3.65822,25359469329
263.934,3.78883,25363260620
320.712,3.11807,25366377681
322.107,3.10456,25369482025
263.001,3.80226,25373284741
315.769,3.16687,25376452853
242.702,4.12028,25380573720
363.801,2.74875,25383323372
262.456,3.81016,25387133478
299.619,3.33757,25390472087
247.212,4.04512,25394517860
342.649,2.91844,25397437394
272.137,3.67462,25401112017
289.1,3.45902,25404570989
254.621,3.9274,25408499289
351.447,2.84538,25411344463
278.166,3.59497,25414940574
275.102,3.63502,25418575779
292.583,3.41783,25421994208
238.41,4.19446,25426189336
354.242,2.82293,25429012220
287.005,3.48426,25432497373
288.704,3.46376,25435961632
241.374,4.14294,25440105600
339.846,2.94251,25443047741
279.262,3.58087,25446629707
310.569,3.2199,25449849579
237.891,4.2036,25454053614
357.125,2.80014,25456853668
286.502,3.49037,25460344457
296.237,3.37567,25463720446
239.735,4.17128,25467892965
335.404,2.98148,25470873995
302.681,3.30381,25474178816
287.415,3.47928,25477657856
283.726,3.52452,25481183072
242.967,4.11578,25485299276
353.518,2.82871,25488128670
291.98,3.4249,25491553314
292.788,3.41544,25494969269
245.625,4.07124,25499041408
332.648,3.00618,25502048700
284.624,3.51341,25505562532
288.389,3.46754,25509030834
231.056,4.32795,25513359897
400.039,2.49976,25515859559
284.025,3.52082,25519380490
285.611,3.50127,25522882820
284.507,3.51485,25526397454
242.632,4.12146,25530520211
337.76,2.96069,25533482027
295.343,3.3859,25536868092
283.542,3.52681,25540394489
243.026,4.11479,25544509974
330.574,3.02504,25547536810
283.088,3.53247,25551068068
273.599,3.65498,25554723945
255.946,3.90708,25558631583
346.165,2.8888,25561520621
283.958,3.52165,25565043415
276.208,3.62046,25568663424
285.85,3.49834,25572162628
249.025,4.01567,25576178144
343.643,2.91,25579088749
285.275,3.50539,25582594424
281.463,3.55286,25586148386
245.254,4.0774,25590226130
188.166,5.31447,25595541729
734.25,1.36193,25596903704
330.315,3.02742,25599931195
253.34,3.94727,25603879243
342.869,2.91656,25606796525
291.752,3.42757,25610224016
276.255,3.61984,25613845352
254.625,3.92734,25617772426
332.427,3.00818,25620781739
293.537,3.40672,25624189339
271.126,3.68832,25627878203
286.93,3.48517,25631363749
245.668,4.07054,25635435659
339.686,2.9439,25638380022
291.999,3.42466,25641805719
288.443,3.46689,25645273480
243.447,4.10767,25649383096
373.528,2.67717,25652058766
280.224,3.56858,25655629081
276.427,3.61759,25659246562
247.267,4.04422,25663291772
343.532,2.91094,25666202330
293.662,3.40528,25669607994
289.464,3.45466,25673063471
289.233,3.45743,25676520527
250.869,3.98614,25680507476
188.861,5.29491,25685803609
677.631,1.47573,25687278670
302.007,3.31118,25690590807
245.485,4.07357,25694665391
200.244,4.99392,25699659763
686.475,1.45672,25701115985
301.253,3.31947,25704435852
261.296,3.82708,25708263500
309.638,3.22958,25711494054
289.549,3.45365,25714948272
283.326,3.5295,25718477863
280.294,3.56768,25722045680
259.585,3.8523,25725899215
347.006,2.88179,25728781103
287.619,3.47683,25732257750
288.48,3.46644,25735724943
247.886,4.03412,25739759879
341.22,2.93066,25742690511
276.098,3.6219,25746314007
292.885,3.41431,25749727805
241.947,4.13313,25753861846
341.525,2.92805,25756790296
288.068,3.4714,25760262341
288.65,3.4644,25763727028
247.04,4.04793,25767776337
347.047,2.88145,25770658140
289.428,3.45509,25774113255
284.001,3.52112,25777634640
286.806,3.48668,25781122591
242,4.13223,25785254662
212.246,4.7115,25789966896
565.062,1.76972,25791736349
196.944,5.07757,25796814809
413.622,2.41767,25799232407
217.822,4.5909,25803824228
578.841,1.72759,25805551860
281.495,3.55246,25809104530
241.857,4.13468,25813241316
228.002,4.38592,25817627452
443.07,2.25698,25819883930
211.716,4.7233,25824607885
490.376,2.03925,25826651763
202.522,4.93774,25831585810
490.987,2.03671,25833623319
203.948,4.90322,25838529170
380.673,2.62692,25841156641
230.862,4.3316,25845488755
476.276,2.09962,25847587724
205.24,4.87233,25852462490
424.263,2.35703,25854818970
215.586,4.63851,25859459337
481.083,2.07864,25861537603
205.234,4.87249,25866411203
477.015,2.09637,25868507623
209.631,4.7703,25873278686
352.852,2.83405,25876112852
246.146,4.06263,25880176577
421.055,2.37499,25882552151
216.913,4.61014,25887162831
339.836,2.94259,25890105959
250.105,3.99832,25894105687
424.397,2.35628,25896461084
219.638,4.55294,25901015023
338.036,2.95827,25903974534
248.444,4.02505,25907999768
383.461,2.60783,25910608672
233.154,4.28902,25914900699
216.504,4.61884,25919522804
424.663,2.35481,25921876744
305.021,3.27847,25925155542
275.058,3.63559,25928792379
288.575,3.46531,25932259557
256.283,3.90194,25936161742
350.896,2.84985,25939011839
263.533,3.79459,25942809899
287.847,3.47407,25946283808
254.107,3.93535,25950221476
331.786,3.01399,25953236130
269.086,3.71628,25956953661
289.035,3.45978,25960415911
212.766,4.69999,25965118478
412.83,2.42231,25967541369
298.618,3.34876,25970890813
339.064,2.94929,25973840065
266.147,3.75732,25977598934
251.239,3.98027,25981580141
353.499,2.82887,25984408456
306.783,3.25964,25987668838
269.696,3.70787,25991376879
280.547,3.56447,25994941628
304.36,3.28559,25998228566
300.817,3.32428,26001556034
272.65,3.66771,26005221922
273.474,3.65665,26008879596
299.108,3.34328,26012222176
349.394,2.8621,26015084513
249.688,4.00501,26019090853
337.762,2.96066,26022051765
253.38,3.94664,26025999689
348.798,2.86699,26028867016
241.006,4.14928,26033017248
348.662,2.86811,26035884877
246.579,4.0555,26039941469
336.486,2.97189,26042913972
252.238,3.9645,26046878153
261.495,3.82416,26050706626
238.006,4.20157,26054907925
356.335,2.80635,26057713789
292.51,3.41869,26061132308
264.375,3.7825,26064921796
210.243,4.75639,26069676237
198.565,5.03613,26074719824
502.461,1.9902,26076705200
206.523,4.84207,26081549634
519.326,1.92557,26083475589
197.79,5.05587,26088532437
732.965,1.36432,26089896419
415.366,2.40752,26092304669
292.084,3.42368,26095729524
245.351,4.07579,26099806824
324.749,3.0793,26102887153
297.966,3.35609,26106242891
283.506,3.52726,26109770598
231.563,4.31847,26114091228
375.796,2.66102,26116753343
302.698,3.30362,26120058166
284.201,3.51864,26123576629
267.639,3.73637,26127314980
275.082,3.63528,26130952193
395.415,2.52899,26133480706
237.831,4.20466,26137686817
350.178,2.85569,26140543221
246.936,4.04964,26144593930
377.831,2.64668,26147241501
266.81,3.74799,26150990161
316.563,3.15893,26154148771
249.992,4.00013,26158150939
358.974,2.78572,26160936455
253.625,3.94283,26164881560
318.23,3.14238,26168023998
263.326,3.79757,26171823175
264.879,3.77531,26175599576
315.287,3.17171,26178771935
318.848,3.13629,26181907387
262.339,3.81186,26185720777
263.031,3.80183,26189523819
317.374,3.15086,26192675908
323.144,3.09459,26195770915
261.589,3.82279,26199594840
275.007,3.63627,26203231555
301.661,3.31497,26206547571
281.9,3.54735,26210096063
297.082,3.36607,26213463106
329.579,3.03418,26216497896
228.664,4.37322,26220872649
392.475,2.54793,26223420984
252.246,3.96439,26227385944
336.255,2.97393,26230359818
239.009,4.18394,26234545053
357.702,2.79562,26237342044
237.66,4.20769,26241551973
347.28,2.87952,26244431691
251.253,3.98006,26248412487
376.899,2.65323,26251066250
245.798,4.06838,26255135233
357.483,2.79734,26257932626
240.476,4.15841,26262092561
274.885,3.63788,26265731095
305.122,3.27738,26269009501
364.98,2.73988,26271748921
231.145,4.32629,26276078262
271.266,3.68642,26279763719
318.053,3.14413,26282908879
356.85,2.8023,26285711388
240.458,4.15873,26289872398
273.353,3.65827,26293530359
304.341,3.28579,26296816611
346.373,2.88706,26299704171
245.976,4.06544,26303771265
362.615,2.75775,26306529268
238.683,4.18966,26310720642
377.085,2.65192,26313373699
232.579,4.29962,26317674368
347.626,2.87665,26320550687
228.829,4.37008,26324923328
334.386,2.99056,26327914960
275.377,3.63138,26331546851
321.913,3.10643,26334657042
245.743,4.0693,26338724161
277.445,3.60432,26342329677
323.92,3.08719,26345416725
332.375,3.00865,26348425981
252.006,3.96816,26352395296
250.276,3.99558,26356392277
337.674,2.96143,26359355464
341.445,2.92873,26362283609
249.753,4.00396,26366289409
293.654,3.40537,26369695271
284.343,3.51688,26373213419
319.708,3.12785,26376342561
259.327,3.85614,26380202055
268.567,3.72346,26383925808
314.429,3.18037,26387105928
338.253,2.95637,26390063148
248.349,4.02659,26394091414
375.013,2.66658,26396757910
234.255,4.26884,26401029211
350.607,2.8522,26403881645
236.974,4.21986,26408105093
344.687,2.90119,26411006098
257.581,3.88227,26414888354
452.744,2.20875,26417097643
211.044,4.73834,26421838212
441.163,2.26674,26424104264
214.17,4.66918,26428775569
486.275,2.05645,26430832443
202.859,4.92954,26435763528
517.295,1.93313,26437696145
201.14,4.97166,26442670028
409.435,2.44239,26445112884
221.485,4.51497,26449627812
472.506,2.11638,26451745775
209.174,4.7807,26456526688
333.739,2.99635,26459522909
252.658,3.95792,26463482221
405.726,2.46472,26465948067
219.748,4.55067,26470499318
325.109,3.07589,26473576432
264.172,3.78541,26477362240
477.922,2.09239,26479454199
204.201,4.89713,26484352317
423.742,2.35993,26486712279
217.786,4.59166,26491306125
451.331,2.21567,26493521319
209.92,4.76373,26498286395
399.972,2.50017,26500786112
228.689,4.37276,26505160129
315.38,3.17078,26508332557
262.029,3.81637,26512149553
424.415,2.35619,26514506446
216.147,4.62647,26519133600
465.979,2.14602,26521279101
210.961,4.7402,26526019990
467.064,2.14103,26528162060
205.191,4.87352,26533035164
364.132,2.74625,26535782627
241.008,4.14925,26539931737
514.037,1.94538,26541877228
195.716,5.10945,26546987180
433.526,2.30667,26549294875
221.209,4.52061,26553817448
599.577,1.66784,26555483532
188.914,5.2934,26560778069
435.159,2.29801,26563076859
216.802,4.6125,26567690682
615.168,1.62557,26569316176
187.997,5.31924,26574638089
553.332,1.80723,26576444382
194.191,5.14958,26581596965
546.58,1.82956,26583426006
194.885,5.13123,26588558159
672.775,1.48638,26590044054
182.366,5.48348,26595528328
749.292,1.33459,26596862391
179.604,5.56781,26602431730
773.415,1.29297,26603723862
176.374,5.66976,26609395620
576.493,1.73462,26611130119
191.482,5.22242,26616352970
805.277,1.24181,26617594805
175.099,5.71106,26623307404
552.041,1.81146,26625119191
194.655,5.13731,26630257223
750.83,1.33186,26631588745
179.501,5.57101,26637161032
514.156,1.94494,26639106041
197.324,5.06782,26644174573
789.195,1.26711,26645441309
177.948,5.61961,26651062338
586.257,1.70574,26652767603
188.957,5.29221,26658060908
885.904,1.12879,26659189421
174.908,5.71731,26664907699
754.151,1.32599,26666234071
175.297,5.70459,26671940220
711.517,1.40545,26673344653
180.694,5.53423,26678880992
749.997,1.33334,26680214057
178.979,5.58726,26685803014
739.945,1.35145,26687154439
179.664,5.56594,26692721316
544.775,1.83562,26694556294
194.802,5.13342,26699690289
803.166,1.24507,26700935138
176.103,5.67848,26706615863
560.304,1.78474,26708399735
193.715,5.16222,26713564074
754.078,1.32612,26714889917
178.376,5.60612,26720497115
764.931,1.30731,26721804175
178.047,5.6165,26727422310
722.195,1.38467,26728806531
179.117,5.58294,26734391320
852.214,1.17341,26735563692
389.136,2.5698,26738134338
296.291,3.37506,26741510375
251.475,3.97654,26745486863
353.153,2.83164,26748318516
298.397,3.35123,26751670704
282.276,3.54263,26755213369
263.984,3.78812,26759002397
312.753,3.19742,26762200061
322.492,3.10085,26765301485
261.59,3.82278,26769124196
328.049,3.04833,26772173905
257.382,3.88527,26776059365
333.17,3.00147,26779061490
251.757,3.97208,26783033992
349.345,2.8625,26785896675
246.907,4.05011,26789947816
358.848,2.7867,26792734878
238.214,4.19791,26796932648
414.876,2.41036,26799344075
223.495,4.47436,26803818857
427.44,2.33951,26806159062
214.089,4.67096,26810830765
460.532,2.1714,26813001970
210.376,4.7534,26817756404
359.937,2.77827,26820535250
243.215,4.11159,26824647069
505.378,1.97872,26826625712
201.629,4.95961,26831586196
429.907,2.32609,26833912467
213.606,4.68152,26838597052
464.531,2.15271,26840750096
207.945,4.80896,26845559796
363.798,2.74878,26848309752
239.72,4.17154,26852480994
447.217,2.23605,26854718391
209.351,4.77666,26859496921
410.465,2.43626,26861933139
223.24,4.47948,26866415991
443.464,2.25498,26868669261
216.307,4.62306,26873292713
438.139,2.28238,26875574980
212.822,4.69877,26880275367
460.535,2.17139,26882446083
211.798,4.72147,26887169185
461.99,2.16455,26889333400
205.489,4.86643,26894201482
477.841,2.09275,26896293319
206.942,4.83226,26901127832
471.446,2.12114,26903249654
208.583,4.79426,26908044926
361.391,2.76709,26910811833
245.283,4.07693,26914889383
461.561,2.16656,26917055444
207.415,4.82126,26921878692
373.268,2.67904,26924558370
230.359,4.34105,26928899922
565.041,1.76978,26930669857
196.486,5.08943,26935761053
438.07,2.28274,26938043393
212.005,4.71688,26942760981
679.521,1.47162,26944232121
183.689,5.444,26949677268
695.482,1.43785,26951115893
179.363,5.57528,26956691796
735.68,1.35929,26958051387
181.124,5.52108,26963573134
715.339,1.39794,26964971384
179.043,5.58525,26970558080
676.197,1.47886,26972036255
184.227,5.4281,26977464947
724.883,1.37953,26978844440
181.724,5.50285,26984349852
478.297,2.09075,26986441244
202.434,4.93987,26991383956
590.407,1.69375,26993077808
192.402,5.19746,26998277665
448.171,2.23129,27000508715
212.153,4.71358,27005223969
682.642,1.4649,27006687834
179.155,5.58176,27012272204
456.067,2.19266,27014464077
214.93,4.65269,27019120860
647.611,1.54414,27020667222
184.873,5.4091,27026074616
790.069,1.26571,27027338605
224.664,4.45109,27031792057
391.76,2.55258,27034344593
178.866,5.59079,27039938384
731.322,1.36739,27041303897
179.723,5.56411,27046871251
488.949,2.0452,27048915255
201.205,4.97006,27053887386
902.591,1.10792,27054993280
286.558,3.4897,27058483860
367.067,2.7243,27061208597
274.734,3.63989,27064848420
293.883,3.40271,27068251649
300.817,3.32428,27071576047
261.715,3.82096,27075397377
316.341,3.16114,27078559041
297.892,3.35692,27081916283
299.118,3.34316,27085259707
245.129,4.07948,27089341512
355.9,2.80978,27092150920
287.509,3.47815,27095630480
297.036,3.36659,27098997058
245.198,4.07833,27103077455
350.636,2.85196,27105928558
282.158,3.54411,27109473278
282.202,3.54357,27113017837
287.56,3.47753,27116495960
246.982,4.04887,27120545163
354.731,2.81904,27123366131
303.292,3.29715,27126674197
276.138,3.62138,27130285148
239.572,4.17411,27134461358
308.643,3.23999,27137702187
282.495,3.53989,27141243355
275.739,3.62662,27144872226
253.707,3.94156,27148814500
429.115,2.33038,27151144404
259.187,3.85821,27155005172
300.53,3.32746,27158331273
280.809,3.56113,27161893088
245.495,4.0734,27165968641
329.449,3.03537,27169006458
267.539,3.73777,27172744084
339.086,2.94911,27175692410
269.522,3.71027,27179402948
365.78,2.73388,27182136859
272.945,3.66374,27185801475
296.004,3.37833,27189180635
235.376,4.24852,27193431747
357.394,2.79803,27196230413
293.311,3.40935,27199639754
305.698,3.2712,27202911354
270.091,3.70245,27206614981
244.806,4.08486,27210700569
353.364,2.82994,27213531270
288.505,3.46615,27216997635
279.865,3.57315,27220571724
263.069,3.80129,27224373075
319.356,3.1313,27227505817
296.061,3.37768,27230883496
280.105,3.57009,27234454807
242.757,4.11935,27238575450
348.049,2.87316,27241450153
291.407,3.43163,27244882792
288.588,3.46515,27248348714
278.633,3.58895,27251937464
250.575,3.99083,27255930394
332.238,3.00989,27258940001
281.806,3.54854,27262490096
273.701,3.65363,27266143753
244.803,4.08492,27270230818
305.094,3.27768,27273513160
273.343,3.65841,27277172434
324.095,3.08552,27280257979
244.306,4.09323,27284352851
174.799,5.72085,27290074992
517.595,1.93201,27292005604
202.871,4.92924,27296937061
679.827,1.47096,27298406239
181.591,5.50689,27303915204
533.783,1.87342,27305787854
197.585,5.06111,27310850668
738.803,1.35354,27312202639
178.819,5.59225,27317798739
528.525,1.89206,27319688965
201.383,4.96566,27324657321
702.492,1.4235,27326078861
179.392,5.5744,27331655227
531.669,1.88087,27333535035
195.755,5.10844,27338644165
709.98,1.40849,27340053327
182.047,5.4931,27345549625
691.608,1.44591,27346994604
178.738,5.59479,27352590818
527.585,1.89543,27354486331
199.422,5.0145,27359503965
470.139,2.12703,27361631679
201.016,4.97473,27366608339
821.839,1.21678,27367823328
177.322,5.63947,27373468544
604.934,1.65307,27375118980
190.692,5.24406,27380365582
782.313,1.27826,27381642275
178.113,5.61442,27387258300
669.557,1.49352,27388751184
184.241,5.42767,27394180924
528.823,1.89099,27396070764
198.323,5.04229,27401114990
701.834,1.42484,27402538942
178.633,5.59806,27408139256
687.341,1.45488,27409593319
186.462,5.36301,27414958097
577.452,1.73175,27416689846
190.018,5.26265,27421954085
709.131,1.41018,27423364303
184.13,5.43096,27428796173
655.669,1.52516,27430321571
182.153,5.4899,27435812980
674.814,1.48189,27437293898
182.096,5.49161,27442787017
632.372,1.58135,27444367441
187.426,5.33544,27449704700
621.699,1.6085,27451313191
187.081,5.34528,27456659553
744.143,1.34383,27458002777
333.392,2.99947,27461002799
251.856,3.97053,27464973811
178.509,5.60196,27470576234
553.642,1.80622,27472382633
194.887,5.13118,27477514992
692.304,1.44445,27478959519
183.252,5.45698,27484417465
554.212,1.80437,27486221617
195.807,5.10707,27491329548
703.796,1.42087,27492750624
179.283,5.57778,27498329643
560.77,1.78326,27500112620
194.198,5.14939,27505262572
698.264,1.43212,27506694697
182.402,5.48239,27512178722
563.219,1.77551,27513953320
189.657,5.27268,27519228042
716.311,1.39604,27520623622
183.248,5.45708,27526083114
670.412,1.49162,27527573755
179.53,5.57011,27533145886
690.376,1.44849,27534593207
182.655,5.47481,27540069635
692.386,1.44428,27541513267
186.796,5.35344,27546868313
546.938,1.82836,27548695801
193.407,5.17044,27553868529
706.422,1.41558,27555284952
181.571,5.50749,27560791521
550.773,1.81563,27562606932
194.278,5.14725,27567756061
716.557,1.39556,27569150449
179.437,5.573,27574724384
574.397,1.74096,27576465501
194.119,5.15148,27581618182
703.897,1.42066,27583038253
178.999,5.58663,27588626447
580.617,1.72231,27590348678
190.037,5.26212,27595612909
772.532,1.29444,27596905727
336.498,2.97178,27599878068
347.468,2.87796,27602756751
269.299,3.71334,27606470495
295.923,3.37925,27609850478
253.071,3.95147,27613802705
342.016,2.92384,27616726191
288.147,3.47046,27620197476
295.993,3.37845,27623575910
277.793,3.59981,27627177051
254.979,3.92189,27631098685
331.904,3.01292,27634112086
287.732,3.47546,27637587766
284.504,3.51488,27641103216
252.214,3.96488,27645068074
327.246,3.0558,27648124833
295.86,3.37998,27651505123
282.639,3.53809,27655043182
248.104,4.03057,27659075037
345.007,2.89849,27661973600
285.229,3.50596,27665479827
293.39,3.40843,27668888763
14.8439,67.3678,27736259050
1541.51,0.648713,27736906114
222.62,4.49196,27741401223
627.459,1.59373,27742993337
188.934,5.29286,27748289519
607.254,1.64676,27749935341
185.234,5.39857,27755336519
605.936,1.65034,27756986561
189.966,5.2641,27762254664
608.085,1.64451,27763896235
187.472,5.33414,27769232403
618.48,1.61687,27770847872
188.216,5.31306,27776161449
669.477,1.4937,27777655656
181.609,5.50634,27783164850
594.132,1.68313,27784848955
194.184,5.14974,27790000797
653.684,1.52979,27791529568
184.827,5.41045,27796942758
425.277,2.35141,27799294180
212.865,4.69781,27803996530
616.852,1.62113,27805615802
192.963,5.18234,27810799520
588.965,1.6979,27812497499
172.622,5.79302,27818292264
664.52,1.50485,27819797248
201.945,4.95184,27824753113
653.485,1.53026,27826281555
186.465,5.36294,27831646566
433.661,2.30595,27833952929
213.028,4.69422,27838650783
624.963,1.6001,27840250982
189.395,5.27996,27845532083
448.553,2.22939,27847761718
212.577,4.70418,27852468597
647.426,1.54458,27854012635
182.673,5.47426,27859491352
479.109,2.08721,27861580055
202.092,4.94823,27866529128
517.983,1.93056,27868462111
204.688,4.88548,27873348809
574.139,1.74174,27875088578
193.462,5.16898,27880262614
644.201,1.55231,27881812241
182.006,5.49434,27887311386
588.76,1.69849,27889011284
113.551,8.80662,27897820472
245.994,4.06513,27901889017
643.559,1.55386,27903441288
177.172,5.64424,27909087121
527.305,1.89644,27910984358
222.852,4.48728,27915473551
555.934,1.79878,27917270701
210.834,4.74306,27922020782
566.58,1.76497,27923781152
192.515,5.19439,27928977780
589.777,1.69555,27930671225
193.046,5.18012,27935852595
637.806,1.56788,27937420158
186.686,5.35659,27942778182
637.76,1.56799,27944345684
186.351,5.36621,27949712681
599.698,1.66751,27951380374
191.111,5.23255,27956614675
581.29,1.72031,27958334183
190.902,5.23829,27963574394
561.134,1.78211,27965355725
191.925,5.21037,27970567848
587.43,1.70233,27972270415
193.648,5.164,27977436785
569.94,1.75457,27979190047
189.545,5.2758,27984466990
572.604,1.74641,27986212571
194.989,5.12849,27991344038
613.084,1.6311,27992973401
185.922,5.37859,27998354130
540.999,1.84843,28000201997
195.016,5.12779,28005332678
567.293,1.76276,28007094959
191.421,5.22407,28012320725
649.521,1.5396,28013859123
186.922,5.34983,28019212409
619.321,1.61467,28020824725
187.759,5.32599,28026153212
589.219,1.69716,28027849739
189.906,5.26577,28033117293
543.658,1.83939,28034955551
200.874,4.97825,28039935475
619.412,1.61443,28041549074
501.521,1.99394,28043543847
275.388,3.63124,28047175832
257.599,3.882,28051058266
233.77,4.27771,28055453474
289.763,3.4511,28058791348
290.454,3.44289,28062235314
245.408,4.07485,28066310305
372.284,2.68612,28068998291
274.562,3.64216,28072640591
320.37,3.12139,28075763459
215.183,4.6472,28080412720
365.773,2.73394,28083148397
287.871,3.47378,28086622236
273.655,3.65423,28090277932
338.754,2.952,28093230868
199.556,5.01113,28098244149
230.929,4.33034,28102580138
536.578,1.86366,28104440621
201.909,4.95272,28109396033
510.274,1.95973,28111354407
199.646,5.00886,28116365957
610.307,1.63852,28118003420
363.149,2.75369,28120758230
259.699,3.85061,28124610006
379.797,2.63299,28127242785
293.829,3.40334,28130647526
290.147,3.44652,28134093929
293.282,3.40968,28137504878
246.107,4.06328,28141567965
348.663,2.8681,28144436977
287.97,3.47258,28147909673
296.273,3.37526,28151285039
250.826,3.98683,28155273384
362.318,2.76,28158033318
295.847,3.38013,28161413791
271.125,3.68834,28165102151
251.78,3.97173,28169074494
335.133,2.98389,28172059077
306.35,3.26424,28175323492
268.668,3.72207,28179046804
303.321,3.29684,28182343302
253.657,3.94233,28186287089
328.696,3.04232,28189330112
279.721,3.57499,28192905217
304.941,3.27932,28196184599
229.53,4.35673,28200542148
360.459,2.77424,28203316659
287.932,3.47304,28206790980
308.593,3.24051,28210031505
234.469,4.26496,28214296798
378.386,2.64281,28216940271
265.242,3.77014,28220711609
304.748,3.2814,28223993343
282.214,3.54341,28227537696
258.285,3.87169,28231409180
322.365,3.10207,28234512924
307.392,3.25317,28237766189
276.237,3.62008,28241386900
274.376,3.64463,28245032187
304.759,3.28128,28248314200
345.947,2.89062,28251204657
250.844,3.98655,28255193189
251.471,3.9766,28259170940
335.194,2.98335,28262154486
336.581,2.97105,28265125181
247.631,4.03826,28269165012
352.852,2.83405,28271998193
245.189,4.07848,28276078218
389.1,2.57003,28278648411
229.519,4.35694,28283006289
381.506,2.62119,28285627563
231.525,4.31919,28289947356
366.402,2.72924,28292680388
235.365,4.24871,28296926549
416.646,2.40012,28299326742
218.54,4.57582,28303903883
469.976,2.12777,28306031337
297.815,3.35779,28309389320
305.148,3.2771,28312667160
267.27,3.74153,28316408974
245.174,4.07874,28320489066
240.794,4.15292,28324642567
514.687,1.94293,28326586053
274.602,3.64163,28330228315
250.969,3.98456,28334213100
227.672,4.39228,28338606895
446.438,2.23995,28340846314
212.378,4.70858,28345557021
315.328,3.1713,28348729399
266.362,3.75429,28352483839
437.459,2.28593,28354770540
257.727,3.88007,28358652200
295.394,3.3853,28362038211
229.421,4.3588,28366397733
444.342,2.25052,28368648300
296.979,3.36725,28372016147
291.278,3.43314,28375449597
252.238,3.9645,28379414999
359.205,2.78392,28382199872
299.399,3.34002,28385540829
296.974,3.36729,28388908106
290.384,3.44372,28392352495
257.322,3.88619,28396239299
355.081,2.81626,28399056193
268.499,3.72441,28402781229
292.29,3.42126,28406203398
260.893,3.83299,28410036747
335.31,2.98232,28413019646
279.186,3.58184,28416601079
288.627,3.46468,28420066752
251.488,3.97634,28424044172
350.372,2.85411,28426898405
283.226,3.53075,28430429558
296.823,3.36901,28433799492
282.989,3.53371,28437333793
256.269,3.90215,28441236936
371.319,2.6931,28443930400
281.649,3.55052,28447481018
277.766,3.60015,28451081371
249.679,4.00515,28455088640
357.158,2.79988,28457888692
297.004,3.36696,28461256060
291.059,3.43573,28464692549
259.291,3.85668,28468549494
334.126,2.99289,28471543077
282.481,3.54006,28475083545
273.93,3.65057,28478735148
301.512,3.31662,28482051717
229.967,4.34845,28486401317
345.699,2.89269,28489294298
292.556,3.41815,28492713395
304.322,3.28599,28496000034
252.59,3.95898,28499959407
364.923,2.7403,28502699542
276.608,3.61522,28506315668
300.94,3.32292,28509638481
259.311,3.85637,28513495713
314.805,3.17657,28516672694
281.455,3.55297,28520227335
312.06,3.20451,28523432236
286.275,3.49314,28526925663
249.562,4.00703,28530933549
376.796,2.65395,28533587466
283.619,3.52586,28537114000
274.446,3.64371,28540758668
255.069,3.92051,28544683025
344.725,2.90087,28547580116
297.087,3.36601,28550947374
295.702,3.38179,28554329730
255.015,3.92133,28558253605
329.084,3.03874,28561290592
301.471,3.31707,28564607158
279.919,3.57246,28568180729
280.532,3.56465,28571745619
226.594,4.41318,28576159575
356.095,2.80824,28578968332
298.686,3.348,28582317170
283.732,3.52445,28585842582
248.87,4.01817,28589861318
371.236,2.69371,28592555687
276.047,3.62257,28596178004
302.753,3.30303,28599481391
220.226,4.54078,28604023454
395.504,2.52842,28606552368
300.321,3.32977,28609882574
307.483,3.25221,28613134668
274.524,3.64267,28616778721
248.693,4.02103,28620800627
350.803,2.8506,28623651065
300.281,3.33021,28626982463
280.46,3.56558,28630548154
249.75,4.00401,28634552809
356.272,2.80684,28637359666
305.704,3.27114,28640630962
287.165,3.48232,28644114506
309.126,3.23493,28647349122
236.489,4.22853,28651579358
363.572,2.75048,28654329832
272.33,3.67202,28658002332
296.176,3.37637,28661378580
254.633,3.92722,28665306206
340.596,2.93603,28668242608
270.871,3.69179,28671934916
310.166,3.22408,28675159378
234.122,4.27128,28679432411
374.304,2.67162,28682103355
274.075,3.64864,28685753483
319.709,3.12784,28688881509
256.044,3.90558,28692787548
295.255,3.3869,28696175071
282.287,3.5425,28699717588
364.452,2.74385,28702461821
260.512,3.83859,28706301432
260.622,3.83698,28710138456
290.941,3.43712,28713576356
323.644,3.08981,28716666445
289.897,3.4495,28720116691
216.667,4.61539,28724734958
351.852,2.84211,28727578500
318.733,3.13742,28730716623
265.959,3.75998,28734477525
325.662,3.07067,28737547472
248.165,4.02958,28741578130
374.928,2.66718,28744245561
277.237,3.60702,28747852742
288.183,3.47001,28751323533
250.759,3.98789,28755312786
364.306,2.74495,28758057044
296.942,3.36766,28761425215
281.103,3.55742,28764983737
264.484,3.78095,28768765310
335.334,2.9821,28771748077
276.339,3.61874,28775366796
303.454,3.29539,28778662726
299.489,3.33902,28782002338
236.992,4.21956,28786222849
331.705,3.01473,28789238066
276.127,3.62152,28792859958
301.39,3.31796,28796178239
223.596,4.47235,28800651409
313.213,3.19272,28803844675
314.272,3.18196,28807027027
261.897,3.8183,28810845219
293.637,3.40557,28814251477
286.41,3.49149,28817744226
303.668,3.29307,28821037750
270.867,3.69184,28824730547
332.141,3.01077,28827741537
254.891,3.92324,28831665034
360.816,2.7715,28834437277
238.733,4.18877,28838626911
390.504,2.5608,28841187799
216.158,4.62624,28845816336
149.376,6.69453,28852511787
403.212,2.48008,28854991523
224.974,4.44495,28859438400
383.647,2.60656,28862045286
228.372,4.37883,28866424016
389.876,2.56492,28868990771
228.439,4.37754,28873368678
396.902,2.51951,28875887883
227.736,4.39104,28880279892
412.716,2.42297,28882702826
221.313,4.51848,28887222488
407.308,2.45514,28889678000
222.051,4.50347,28894181683
404.801,2.47035,28896652408
225.119,4.44209,28901095945
395.581,2.52793,28903624629
223.586,4.47256,28908097996
421.524,2.37234,28910469545
218.483,4.57701,28915048111
627.922,1.59255,28916640866
187.474,5.33408,28921976655
589.389,1.69667,28923672553
189.788,5.26903,28928944100
584.234,1.71164,28930655678
192.276,5.20085,28935858186
568.203,1.75993,28937617935
192.047,5.20706,28942826393
566.468,1.76532,28944590913
196.525,5.08841,28949681453
509.531,1.96259,28951643453
197.572,5.06144,28956706990
591.307,1.69117,28958396718
191.202,5.23006,28963627627
586.124,1.70612,28965335150
191.21,5.22986,28970564791
521.992,1.91574,28972480978
198.6,5.03525,28977517382
593.385,1.68525,28979202842
190.212,5.25728,28984461151
590.716,1.69286,28986154620
596.097,1.67758,28987832259
280.927,3.55964,28991392610
380.451,2.62846,28994021656
232.141,4.30772,28998330621
446.952,2.23738,29000567354
211.339,4.73174,29005300930
488.74,2.04608,29007346832
205.577,4.86435,29012211578
521.953,1.91588,29014128007
197.478,5.06385,29019194028
142.86,6.99984,29026195635
144.431,6.9237,29033119147
608.592,1.64314,29034761750
611.756,1.63464,29036396295
278.433,3.59152,29039989521
143.721,6.95794,29046948867
144.341,6.92805,29053878003
141.939,7.04526,29060927547
146.433,6.82906,29067752867
143.435,6.9718,29074726171
144.348,6.92769,29081654218
142.927,6.99656,29088652559
144.354,6.9274,29095580578
144.021,6.94345,29102524829
144.672,6.9122,29109438661
143.293,6.97869,29116418146
144.36,6.92714,29123346542
140.849,7.0998,29130452265
145.208,6.88669,29137336896
145.198,6.88715,29144226171
144.21,6.93432,29151161098
130.709,7.65056,29158813819
592.316,1.68829,29160503493
221.89,4.50673,29165010977
143.326,6.97709,29171989581
139.427,7.1722,29179167038
144.967,6.89813,29186068125
148.123,6.75114,29192819288
144.178,6.93587,29199755449
145.022,6.8955,29206650793
143.27,6.97982,29213632637
143.607,6.96347,29220596112
143.801,6.95405,29227551733
144.712,6.91028,29234462843
144.321,6.92902,29241392292
143.391,6.97394,29248366464
143.929,6.94787,29255315281
143.653,6.96121,29262277323
144.665,6.91255,29269190950
144.278,6.93107,29276122311
143.573,6.96509,29283088876
143.674,6.96021,29290049166
145.249,6.88472,29296934167
143.242,6.98121,29303916882
144.09,6.94009,29310858054
144.669,6.91233,29317771526
143.824,6.95293,29324724848
143.338,6.97651,29331702732
144.214,6.93413,29338637087
141.309,7.07668,29345715888
145.522,6.87181,29352589918
144.62,6.91469,29359506883
144.216,6.93403,29366441236
143.914,6.94859,29373392513
144.543,6.91836,29380312279
142.755,7.00499,29387319281
127.32,7.85425,29395175376
167.285,5.97784,29401154264
142.241,7.03031,29408185319
146.499,6.826,29415013287
143.424,6.97234,29421987864
144.507,6.92009,29428908652
143.251,6.98077,29435891506
143.969,6.94593,29442838864
144.263,6.93181,29449771936
144.095,6.93988,29456712886
142.618,7.01173,29463724498
144.708,6.91048,29470635138
144.021,6.94343,29477578246
144.808,6.90569,29484485212
142.978,6.99406,29491479498
143.958,6.94646,29498425639
143.799,6.95414,29505380353
145.945,6.85192,29512233998
142.675,7.00893,29519244161
143.275,6.97956,29526224132
143.331,6.97686,29533201269
146.458,6.8279,29540030078
142.729,7.00627,29547036064
143.528,6.96729,29554004945
144.147,6.93738,29560943258
145.024,6.89541,29567837882
143.484,6.96944,29574807649
144.494,6.92068,29581729197
143.308,6.97798,29588707845
143.947,6.947,29595655815
143.279,6.97938,29602636221
144.669,6.91231,29609548523
143.6,6.96378,29616513326
144.019,6.94355,29623457274
143.923,6.94814,29630407019
144.221,6.93378,29637340647
143.612,6.96322,29644305090
144.278,6.93107,29651236837
144.726,6.9096,29658147419
143.499,6.96871,29665115610
146.035,6.84769,29671964163
142.489,7.01809,29678982559
143.732,6.95741,29685941708
142.736,7.00593,29692948581
146.223,6.83888,29699787932
143.916,6.94851,29706737508
143.244,6.98111,29713719032
144.637,6.91388,29720633528
143.033,6.99138,29727624773
144.867,6.90288,29734529044
144.006,6.94417,29741474069
146.768,6.81349,29748288991
141.903,7.04709,29755336786
143.549,6.96625,29762303509
145.699,6.86349,29769167742
140.555,7.11464,29776282703
146.923,6.80628,29783089671
141.859,7.04924,29790139576
146.64,6.8194,29796960845
142.895,6.99814,29803958352
144.531,6.91892,29810877956
142.748,7.00535,29817884430
145.658,6.86538,29824751105
144.389,6.92574,29831677419
143.172,6.98459,29838662415
142.613,7.012,29845679622
145.049,6.89422,29852573155
142.133,7.03569,29859609439
144.146,6.93739,29866548222
143.952,6.94678,29873496412
146.363,6.83231,29880328985
143.251,6.98075,29887309738
144.127,6.9383,29894248261
144.946,6.89912,29901148751
143.035,6.99128,29908139857
143.684,6.95969,29915100308
145.416,6.87683,29921977807
144.009,6.944,29928923429
144.94,6.89941,29935822459
143.262,6.9802,29942803941
145.404,6.8774,29949681969
143.048,6.99067,29956673251
142.526,7.01626,29963691878
143.844,6.95196,29970644556
145.923,6.85292,29977497389
142.438,7.02062,29984518709
143.517,6.96781,29991487397
143.261,6.98029,29998468716
145.234,6.88544,30005354320
143.48,6.9696,30012325443
143.167,6.98486,30019311103
144.333,6.9284,30026239815
144.837,6.90431,30033144859
145.15,6.88943,30040034292
142.588,7.01323,30047049854
145.587,6.86874,30053919261
142.998,6.99308,30060912755
143.785,6.95483,30067869666
144.342,6.92799,30074796165
145.121,6.89078,30081689365
143.264,6.98011,30088669984
143.279,6.97939,30095649374
144.744,6.90876,30102558696
143.67,6.96041,30109521955
143.272,6.97975,30116501472
144.53,6.91896,30123422135
144.167,6.93639,30130357923
144.019,6.94354,30137301752
144.263,6.93178,30144234635
143.827,6.9528,30151188314
143.596,6.96399,30158152557
145.306,6.88204,30165034523
143.165,6.98496,30172020807
144.337,6.92822,30178950250
142.484,7.01835,30185969153
146.362,6.83238,30192800836
142.332,7.02582,30199828054
145.322,6.88129,30206712959
143.68,6.95992,30213675439
143.465,6.97034,30220647113
145.327,6.88105,30227528867
141.888,7.04782,30234576538
146.343,6.83328,30241412626
140.119,7.13681,30248551931
146.95,6.80505,30255358278
145.555,6.87024,30262228310
141.787,7.05281,30269283032
145.426,6.87636,30276158650
143.478,6.96969,30283129398
144.456,6.9225,30290052823
143.773,6.9554,30297009060
145.334,6.88072,30303890236
586.964,1.70368,30305593578
191.424,5.22401,30310819403
597.8,1.6728,30312491657
186.613,5.35868,30317851399
597.231,1.67439,30319525487
189.128,5.28741,30324814231
144.846,6.90389,30331719698
143.48,6.96963,30338690440
144.396,6.9254,30345617683
142.601,7.01258,30352630813
144.602,6.91556,30359547472
142.235,7.03061,30366580869
145.235,6.8854,30373467445
145.314,6.88167,30380349045
477.909,2.09245,30382441749
207.243,4.82526,30387266884
616.675,1.6216,30388888966
187.692,5.32789,30394217661
611.831,1.63444,30395852457
186.366,5.36579,30401219553
146.856,6.80939,30408030735
479.781,2.08429,30410114732
204.954,4.87913,30414993855
633.991,1.57731,30416571851
183.346,5.45417,30422027499
643.543,1.5539,30423580705
188.92,5.29325,30428874507
561.308,1.78155,30430656400
192.016,5.20791,30435864569
580.99,1.7212,30437586670
190.626,5.24587,30442833512
587.181,1.70305,30444536523
189.026,5.29029,30449827196
612.193,1.63347,30451461117
191.146,5.2316,30456693763
583.831,1.71282,30458407186
191.492,5.22216,30463629525
566.329,1.76576,30465396790
192.789,5.18701,30470583327
589.307,1.69691,30472280497
190.111,5.26008,30477542416
570.245,1.75363,30479296958
189.99,5.26344,30484560652
585.923,1.70671,30486267688
192.254,5.20146,30491469578
570.888,1.75166,30493221564
191.576,5.21987,30498442869
580.418,1.7229,30500165044
193.759,5.16104,30505328150
580.144,1.72371,30507052347
189.247,5.28409,30512336781
579.718,1.72498,30514061916
191.573,5.21995,30519283050
581.745,1.71897,30521001787
190.218,5.25714,30526260103
618.276,1.6174,30527876928
190.436,5.25111,30533129253
603.057,1.65822,30534787858
190.204,5.25751,30540046241
613.544,1.62987,30541675814
188.112,5.31598,30546992330
589.646,1.69593,30548688253
193.357,5.17178,30553861602
565.268,1.76907,30555630967
188.628,5.30143,30560933273
587.017,1.70353,30562636929
189.583,5.27474,30567914724
574.05,1.74201,30569654606
196.199,5.09686,30574752437
578.965,1.72722,30576479444
189.656,5.27271,30581753824
556.197,1.79792,30583552078
195.074,5.12627,30588678984
580.843,1.72164,30590401122
193.471,5.16874,30595571516
571.077,1.75108,30597322154
190.913,5.23798,30602561981
568.738,1.75828,30604320106
195.323,5.11972,30609441230
563.274,1.77533,30611216693
191.087,5.23323,30616450736
573.626,1.74329,30618193844
190.75,5.24245,30623437598
602.457,1.65987,30625097252
191.417,5.2242,30630323539
591.02,1.69199,30632015153
189.814,5.26832,30637284160
597.423,1.67386,30638957424
190.895,5.23848,30644197874
575.457,1.73775,30645936083
194.413,5.14368,30651081032
579.786,1.72477,30652806059
188.12,5.31574,30658122871
594.242,1.68281,30659805261
190.457,5.25052,30665057726
584.571,1.71066,30666768067
191.211,5.22983,30671999434
574.945,1.7393,30673739477
193.659,5.16371,30678903821
571.516,1.74973,30680653012
190.472,5.25012,30685904754
587.253,1.70284,30687606824
190.232,5.25674,30692865190
587.299,1.70271,30694567135
195.562,5.11346,30699682002
548.824,1.82208,30701503835
193.918,5.15682,30706661750
579.023,1.72705,30708388894
189.316,5.28217,30713672188
559.96,1.78584,30715457468
193.969,5.15547,30720614831
558.795,1.78957,30722404316
193.147,5.17741,30727582698
589.287,1.69697,30729280296
192.109,5.20539,30734486378
569.503,1.75592,30736242152
192.082,5.2061,30741450213
578.262,1.72932,30743179850
190.935,5.23737,30748417705
580.967,1.72127,30750139472
191.102,5.23281,30755372925
571.348,1.75025,30757122987
193.508,5.16775,30762291824
591.045,1.69192,30763984363
190.061,5.26147,30769247557
555.211,1.80112,30771049155
194.592,5.13895,30776188384
590.177,1.69441,30777883282
188.589,5.30253,30783186668
577.957,1.73023,30784916986
193.712,5.16232,30790080042
611.857,1.63437,30791714105
186.849,5.35191,30797067737
597.142,1.67464,30798742343
190.75,5.24246,30803986626
571.186,1.75074,30805737114
192.77,5.18754,30810926166
582.338,1.71721,30812642687
192.249,5.20158,30817845298
555.686,1.79958,30819644485
192.31,5.19993,30824846322
579.188,1.72655,30826572090
193.981,5.15513,30831728387
568.3,1.75963,30833488652
193.22,5.17545,30838664789
587.182,1.70305,30840368030
189.324,5.28195,30845653104
571.986,1.74829,30847403931
191.285,5.2278,30852631348
576.48,1.73467,30854364895
193.312,5.17299,30859540100
552.31,1.81058,30861353100
190.259,5.25598,30866608861
604.265,1.6549,30868262896
194.753,5.13471,30873401670
591.426,1.69083,30875090266
188.959,5.29217,30880383354
583.267,1.71448,30882097356
192.713,5.18906,30887288393
595.847,1.67828,30888965607
188.389,5.30818,30894274702
587.359,1.70254,30895976838
189.762,5.26976,30901247754
596.188,1.67732,30902925929
190.236,5.25663,30908183309
592.065,1.689,30909871971
195.053,5.12682,30915001809
593.536,1.68482,30916686039
187.718,5.32715,30922013435
606.169,1.64971,30923663233
188.988,5.29135,30928956029
581.074,1.72095,30930676467
191.54,5.22085,30935898299
591.178,1.69154,30937589834
188.687,5.29977,30942891408
593.332,1.6854,30944575798
193.726,5.16194,30949739268
566.526,1.76514,30951503454
192.836,5.18575,30956690911
559.625,1.78691,30958477014
191.85,5.21241,30963690099
567.585,1.76185,30965451948
194.311,5.1464,30970600848
603.408,1.65725,30972256659
186.991,5.34784,30977605396
592.549,1.68762,30979292644
190.752,5.2424,30984536603
591.926,1.6894,30986225264
189.142,5.28702,30991513488
599.648,1.66765,30993180813
192.764,5.1877,30998370172
581.186,1.72062,31000090685
191.729,5.21571,31005307624
585.399,1.70824,31007015335
190.06,5.26151,31012277343
582.99,1.71529,31013992484
188.485,5.30545,31019299315
572.472,1.74681,31021045798
191.934,5.21012,31026257814
609.011,1.64201,31027899169
188.054,5.31762,31033217672
629.983,1.58735,31034804695
189.074,5.28892,31040096589
642.009,1.55761,31041653616
185.776,5.38283,31047037035
620.188,1.61241,31048648966
187.131,5.34385,31053994518
578.671,1.7281,31055722221
192.7,5.18943,31060912160
593.48,1.68498,31062597110
188.794,5.29678,31067894570
582.63,1.71635,31069613723
191.996,5.20843,31074820693
601.511,1.66248,31076482530
190.731,5.24298,31081727165
547.657,1.82596,31083552551
194.543,5.14024,31088694673
551.207,1.8142,31090509630
195.522,5.11452,31095624331
590.157,1.69446,31097319578
188.765,5.29761,31102617523
590.96,1.69216,31104311226
192.535,5.19387,31109506418
576.7,1.734,31111239913
189.369,5.2807,31116521247
554.161,1.80453,31118325642
196.407,5.09147,31123417708
572.864,1.74562,31125163897
190.395,5.25225,31130416731
590.308,1.69403,31132111429
191.47,5.22275,31137336645
600.161,1.66622,31139004072
191.086,5.23325,31144239129
483.005,2.07037,31146309722
205.909,4.85652,31151168908
608.763,1.64268,31152810358
184.459,5.42126,31158234962
634.624,1.57574,31159808933
191.165,5.23109,31165043874
612.776,1.63192,31166675939
186.01,5.37605,31172054979
585.783,1.70712,31173761571
193.126,5.17798,31178940062
600.672,1.6648,31180604540
189.159,5.28656,31185892043
588.411,1.69949,31187591894
192.229,5.20213,31192794249
556.806,1.79596,31194590348
192.888,5.18437,31199777108
593.18,1.68583,31201462415
192.492,5.19502,31206658352
581.962,1.71833,31208376561
189.735,5.27051,31213647854
590.573,1.69327,31215341009
192.384,5.19794,31220540989
586.017,1.70644,31222248076
188.998,5.29105,31227540366
573.97,1.74225,31229282437
192.005,5.20821,31234491782
583.321,1.71432,31236206096
191.36,5.22576,31241433165
580.364,1.72306,31243156988
190.534,5.2484,31248405597
584.672,1.71036,31250116654
192.272,5.20096,31255318357
586.239,1.70579,31257024799
190.083,5.26087,31262286398
577.261,1.73232,31264019120
190.46,5.25045,31269273047
590.234,1.69424,31270967264
192.134,5.2047,31276174812
579.246,1.72638,31277899985
189.363,5.28086,31283182836
604.745,1.65359,31284836646
191.884,5.21147,31290050462
585.856,1.7069,31291757985
187.322,5.33841,31297098342
628.949,1.58995,31298688601
188.651,5.3008,31303991228
606.105,1.64988,31305640922
190.783,5.24155,31310885774
583.568,1.7136,31312598372
189.164,5.28641,31317889830
505.317,1.97896,31319869067
205.298,4.87096,31324741111
604.451,1.65439,31326394971
186.543,5.3607,31331759827
585.471,1.70803,31333467107
190.991,5.23586,31338703953
578.231,1.72941,31340432878
192.514,5.19444,31345628716
553.32,1.80727,31347436941
195.211,5.12266,31352560314
589.169,1.69731,31354257273
188.61,5.30196,31359560814
585.267,1.70862,31361269638
189.988,5.26349,31366536403
545.871,1.83194,31368367260
192.279,5.20076,31373569106
603.173,1.6579,31375225672
193.68,5.16317,31380390741
576.226,1.73543,31382126664
192.453,5.19609,31387323348
585.288,1.70856,31389031426
190.84,5.23998,31394272319
583.651,1.71335,31395986800
191.069,5.23371,31401220728
601.563,1.66234,31402883816
189.834,5.26775,31408152050
555.035,1.80169,31409954034
196.712,5.08357,31415038480
596.253,1.67714,31416718951
186.068,5.37439,31422091240
622.019,1.60767,31423699530
187.937,5.32092,31429021269
615.879,1.6237,31430644395
189.235,5.28444,31435930407
582.102,1.71791,31437649072
193.383,5.17108,31442821465
581.136,1.72077,31444542158
189.092,5.28843,31449830908
574.551,1.74049,31451572351
194.506,5.14123,31456724228
569.248,1.7567,31458470969
191.265,5.22835,31463700960
561.255,1.78172,31465482648
193.801,5.15993,31470643784
567.74,1.76137,31472405168
191.328,5.22662,31477632839
601.285,1.6631,31479296500
189.607,5.27407,31484571173
599.269,1.6687,31486240106
192.082,5.20611,31491445997
594.861,1.68106,31493127168
186.391,5.36507,31498494145
599.279,1.66867,31500162427
191.619,5.2187,31505382824
611.393,1.63561,31507017561
186.671,5.35702,31512375019
646.678,1.54637,31513921928
187.93,5.32114,31519244378
559.06,1.78872,31521032982
192.513,5.19445,31526227585
535.701,1.86671,31528094599
198.711,5.03242,31533128546
602.727,1.65912,31534788365
186.439,5.36368,31540152920
636.4,1.57134,31541724421
187.2,5.34188,31547066654
627.486,1.59366,31548661059
186.835,5.35231,31554014787
602.747,1.65907,31555673922
188.4,5.30787,31560982947
612.164,1.63355,31562616349
192.072,5.20638,31567823970
598.353,1.67125,31569495269
186.809,5.35307,31574851496
593.021,1.68628,31576535452
193.423,5.17002,31581706922
544.807,1.83551,31583542729
192.694,5.18957,31588733145
575.601,1.73732,31590470893
192.885,5.18444,31595655547
563.172,1.77566,31597431025
195.538,5.1141,31602546666
614.257,1.62798,31604174515
186.501,5.36189,31609537237
583.592,1.71353,31611250773
191.555,5.22044,31616472909
594.476,1.68215,31618154269
187.469,5.33421,31623489552
606.473,1.64888,31625137889
191.133,5.23197,31630371208
582.739,1.71603,31632087646
189.213,5.28506,31637374430
628.256,1.59171,31638965336
189.718,5.27098,31644238062
586.786,1.7042,31645941308
188.362,5.30894,31651252024
600.337,1.66573,31652918271
188.305,5.31053,31658229165
585.486,1.70798,31659937166
194.858,5.13195,31665070688
611.007,1.63664,31666708266
188.5,5.30505,31672014631
613.094,1.63107,31673645555
187.816,5.32436,31678971740
599.728,1.66742,31680639291
190.603,5.2465,31685888409
606.982,1.6475,31687535314
188.18,5.31405,31692849576
582.88,1.71562,31694565561
188.824,5.29594,31699862480
604.702,1.65371,31701515603
191.246,5.22887,31706746099
586.031,1.7064,31708451945
191.345,5.22617,31713678625
560.058,1.78553,31715464362
193.051,5.17999,31720645539
588.667,1.69875,31722344889
191.872,5.2118,31727558726
588.606,1.69893,31729257725
188.775,5.29732,31734557336
605.013,1.65286,31736209695
187.767,5.32575,31741536293
614.662,1.62691,31743163811
187.973,5.31991,31748484197
607.917,1.64496,31750129262
190.444,5.2509,31755381751
597.918,1.67247,31757053830
190.362,5.25315,31762308065
575.147,1.73869,31764046831
190.518,5.24884,31769296841
584.413,1.71112,31771007765
191.017,5.23515,31776243651
592.696,1.68721,31777930748
191.313,5.22705,31783159751
588.798,1.69837,31784856915
192.978,5.18193,31790040960
589.74,1.69566,31791736469
191.71,5.21621,31796953255
582.936,1.71545,31798669131
190.129,5.25958,31803929472
619.322,1.61467,31805544176
185.583,5.38842,31810934037
599.355,1.66846,31812601970
192.484,5.19524,31817799040
609.723,1.64009,31819438158
187.963,5.3202,31824760678
565.332,1.76887,31826530002
193.06,5.17974,31831712035
589.035,1.69769,31833408484
189.151,5.28678,31838696190
571.375,1.75016,31840446234
194.018,5.15416,31845602752
613.901,1.62893,31847230787
185.319,5.39609,31852629458
585.335,1.70842,31854335944
191.377,5.22529,31859562926
563.797,1.77369,31861338246
193.234,5.17508,31866515750
553.649,1.8062,31868321840
191.741,5.21537,31873538509
590.829,1.69254,31875229870
195.501,5.11508,31880346778
545.478,1.83326,31882178969
196.175,5.09748,31887277839
569.728,1.75522,31889033757
190.227,5.25688,31894292631
595.197,1.68012,31895971724
191.956,5.20953,31901182617
595.082,1.68044,31902862928
189.752,5.27003,31908134333
575.817,1.73666,31909870728
191.828,5.21301,31915084524
605.874,1.65051,31916735873
188.716,5.29895,31922035744
602.859,1.65876,31923695439
189.167,5.28632,31928982772
595.067,1.68048,31930662900
188.833,5.29568,31935960759
595.042,1.68055,31937639918
193.944,5.15613,31942797159
588.856,1.69821,31944496021
188.925,5.29311,31949790002
557.466,1.79383,31951583625
193.692,5.16285,31956746969
570.687,1.75227,31958499507
192.308,5.19999,31963701263
582.717,1.7161,31965416741
192.011,5.20802,31970625896
563.696,1.77401,31972399700
190.954,5.23688,31977636959
605.618,1.6512,31979288692
191.068,5.23375,31984522279
572.119,1.74789,31986270203
189.553,5.27556,31991547547
573.528,1.7436,31993290829
194.792,5.13367,31998425409
560.967,1.78264,32000207791
191.551,5.22055,32005429598
602.621,1.65942,32007088379
189.818,5.26821,32012358254
600.824,1.66438,32014022004
192.111,5.20533,32019229310
595.485,1.6793,32020907473
186.966,5.34857,32026257866
595.718,1.67865,32027935707
191.257,5.22856,32033165833
642.483,1.55646,32034725947
186.886,5.35087,32040074267
598.949,1.66959,32041743884
189.093,5.28839,32047032809
615.447,1.62484,32048657153
188.593,5.30242,32053960760
471.466,2.12105,32056082317
210.058,4.76059,32060843197
598.445,1.671,32062514046
188.873,5.29457,32067809956
473.997,2.10972,32069920195
205.782,4.85951,32074781131
144.086,6.94031,32081731513
144.095,6.93989,32088662931
142.506,7.01723,32095680861
144.623,6.91452,32102596948
143.52,6.96768,32109564872
144.168,6.93636,32116502117
143.133,6.9865,32123490328
144.033,6.94286,32130434522
144.674,6.9121,32137347484
143.819,6.95317,32144301194
145.018,6.89571,32151197811
143.217,6.98243,32158179781
144.52,6.91944,32165101525
144.306,6.92971,32172031839
144.383,6.92605,32178957835
144.607,6.91528,32185873853
142.376,7.02366,32192898340
144.981,6.89746,32199796444
144.343,6.92796,32206733041
143.193,6.98357,32213709678
143.75,6.95654,32220666734
143.467,6.97026,32227637777
144.344,6.92788,32234566264
143.945,6.94711,32241513778
143.804,6.95389,32248468244
143.405,6.97326,32255443121
145.359,6.87953,32262322180
144.399,6.92525,32269249145
143.537,6.96685,32276217443
143.22,6.98227,32283200056
144.022,6.9434,32290143177
144.106,6.93933,32297083541
143.696,6.95914,32304043249
143.714,6.95824,32311001666
144.468,6.92197,32317925476
143.781,6.95503,32324880737
145.89,6.85448,32331737713
144.387,6.92585,32338664045
142.883,6.99876,32345664106
143.633,6.96221,32352628966
144.762,6.90791,32359537385
142.594,7.01293,32366551077
141.914,7.04651,32373605363
147.404,6.78407,32380386133
143.578,6.96483,32387353319
145.181,6.88795,32394240180
142.061,7.03925,32401281741
144.068,6.94116,32408223314
145.197,6.88721,32415110574
143.098,6.98821,32422099319
144.422,6.92414,32429024075
143.581,6.9647,32435990538
144.669,6.91235,32442903567
141.688,7.05775,32449962412
147.228,6.7922,32456754127
144.55,6.91803,32463672816
143.016,6.99222,32470666883
143.986,6.94511,32477611374
144.119,6.93872,32484550715
144.704,6.91067,32491462635
143.367,6.97509,32498438664
143.386,6.97419,32505413018
143.198,6.98336,32512396586
144.713,6.91025,32519307379
145.055,6.89395,32526203363
143.843,6.95201,32533156726
638.219,1.56686,32534722924
184.362,5.42411,32540147454
597.546,1.67351,32541820242
191.428,5.22389,32547044829
526.757,1.89841,32548944275
196.964,5.07707,32554022063
615.792,1.62392,32555646566
185.851,5.38065,32561028705
630.271,1.58662,32562614222
189.939,5.26486,32567880685
648.157,1.54284,32569423761
183.013,5.4641,32574889870
576.365,1.73501,32576623773
192.002,5.20827,32581835745
572.475,1.7468,32583579632
194.508,5.14117,32588722683
605.518,1.65148,32590374880
188.628,5.30143,32595677301
498.817,2.00474,32597681685
202.116,4.94765,32602629814
658.861,1.51777,32604147666
663.248,1.50773,32605655397
258.647,3.86628,32609522238
556.993,1.79535,32611318293
193.142,5.17755,32616498196
589.116,1.69746,32618194263
190.065,5.26137,32623463882
505.009,1.98016,32625437553
204.322,4.89424,32630332690
667.804,1.49744,32631830170
291.974,3.42497,32635256179
260.162,3.84375,32639099743
193.443,5.16948,32644269325
641.2,1.55958,32645829114
304.285,3.2864,32649117026
293.469,3.40751,32652524228
258.435,3.86945,32656394463
362.443,2.75905,32659154304
287.251,3.48128,32662635704
267.659,3.7361,32666372059
249.62,4.00609,32670378767
367.933,2.71789,32673097234
295.633,3.38257,32676480614
286.686,3.48814,32679968834
255.723,3.91048,32683880201
366.601,2.72776,32686607480
274.454,3.6436,32690252117
296.624,3.37128,32693623148
289.221,3.45756,32697081257
251.331,3.97881,32701060567
346.35,2.88725,32703948504
299.807,3.33548,32707283604
287.804,3.47459,32710759070
253.276,3.94827,32714707628
353.473,2.82907,32717537441
295.124,3.38841,32720926128
298.6,3.34896,32724276040
235.373,4.24857,32728525013
353.241,2.83092,32731356756
286.334,3.49243,32734849009
299.814,3.3354,32738185838
292.46,3.41927,32741605169
257.978,3.87631,32745482863
334.531,2.98926,32748472005
315.209,3.1725,32751645204
269.751,3.70712,32755352800
279.668,3.57566,32758928589
300.421,3.32866,32762257846
311.029,3.21513,32765474366
267.385,3.73993,32769215107
323.339,3.09273,32772307641
256.778,3.89442,32776202848
376.981,2.65266,32778855626
231.57,4.31835,32783174596
409.258,2.44345,32785618151
223.564,4.47299,32790091976
450.582,2.21935,32792311707
214.591,4.66003,32796973036
446.83,2.23799,32799210443
210.057,4.76062,32803971828
397.284,2.51709,32806489305
224.258,4.45915,32810949571
547.225,1.8274,32812776715
196.404,5.09154,32817868494
425.861,2.34818,32820217048
217.704,4.5934,32824811408
484.489,2.06403,32826875551
206.266,4.84811,32831724821
372.729,2.68292,32834407699
231.613,4.31755,32838725876
509.649,1.96214,32840688721
203.065,4.92453,32845613811
544.833,1.83543,32847449108
195.521,5.11455,32852566649
521.03,1.91928,32854484780
196.102,5.09938,32859584444
573.948,1.74232,32861327049
194.662,5.13712,32866467177
581.5,1.71969,32868186508
270.068,3.70277,32871889897
271.432,3.68416,32875575495
205.898,4.85677,32880432569
628.086,1.59214,32882024874
297.365,3.36287,32885387720
295.741,3.38133,32888769398
298.059,3.35504,32892125333
244.556,4.08905,32896215685
199.475,5.01317,32901228767
654.373,1.52818,32902756547
326.103,3.06652,32905824271
249.411,4.00945,32909835076
316.306,3.1615,32912996711
319.151,3.13331,32916130337
293.261,3.40993,32919541029
259.285,3.85676,32923398601
325.706,3.07025,32926469492
281.383,3.55388,32930024834
291.632,3.42897,32933453044
289.904,3.44942,32936903182
248.837,4.0187,32940923355
350.548,2.85267,32943776632
295.137,3.38826,32947165073
296.365,3.37421,32950539605
255.003,3.92153,32954462031
354.182,2.8234,32957285883
296.177,3.37636,32960662946
272.897,3.66438,32964328017
245.286,4.07687,32968405262
347.714,2.87593,32971281539
296.762,3.3697,32974651943
295.381,3.38546,32978037295
296.748,3.36987,32981407580
241.282,4.14453,32985552512
357.309,2.7987,32988352182
290.849,3.43821,32991791172
296.207,3.37602,32995168209
255.075,3.92042,32999088337
337.851,2.95988,33002048561
297.477,3.3616,33005410906
291.82,3.42677,33008838079
285.148,3.50695,33012344999
261.891,3.81839,33016163970
315.152,3.17308,33019337815
306.202,3.26582,33022603477
270.038,3.70318,33026307039
258.18,3.87327,33030181332
334.175,2.99244,33033174197
310.874,3.21673,33036391087
267.616,3.7367,33040127865
277.919,3.59817,33043726587
303.786,3.29179,33047019093
337.835,2.96003,33049979179
247.459,4.04107,33054021272
375.594,2.66245,33056683314
238.757,4.18836,33060873488
385.086,2.59682,33063470245
225.926,4.42623,33067897489
424.305,2.3568,33070254257
216.463,4.61972,33074874562
470.727,2.12437,33076998666
208.634,4.79308,33081793497
524.603,1.9062,33083702704
197.423,5.06526,33088766516
401.894,2.48822,33091254459
226.621,4.41265,33095668295
518.4,1.92901,33097596772
200.113,4.99718,33102595149
405.113,2.46845,33105064330
223.889,4.4665,33109532625
526.148,1.9006,33111432415
195.628,5.11175,33116545571
395.622,2.52767,33119073691
225.819,4.42832,33123502619
555.187,1.8012,33125304192
196.798,5.08135,33130386758
582.178,1.71769,33132104401
224.865,4.44711,33136554020
286.075,3.49558,33140050642
233.574,4.28129,33144333381
396.333,2.52313,33146856915
233.098,4.29004,33151148212
470.069,2.12735,33153275126
251.223,3.98053,33157258736
282.228,3.54323,33160802634
236.03,4.23675,33165040257
474.214,2.10875,33167149516
205.35,4.86974,33172021102
344.149,2.90572,33174926430
246.365,4.05901,33178986423
363.948,2.74764,33181733554
236.815,4.22271,33185957234
486.829,2.05411,33188011196
203.861,4.90529,33192917267
396.73,2.52061,33195438287
230.492,4.33854,33199777194
506.145,1.97572,33201753874
288.291,3.46871,33205222576
250.203,3.99676,33209220291
224.377,4.45679,33213677942
582.032,1.71812,33215394955
276.877,3.61172,33219007958
301.903,3.31232,33222320053
249.124,4.01406,33226335194
348.791,2.86704,33229203044
286.799,3.48676,33232690672
284.653,3.51305,33236203911
254.261,3.93296,33240137770
369.438,2.70682,33242844295
295.817,3.38047,33246225071
294.557,3.39493,33249620122
249.478,4.00837,33253630022
360.312,2.77537,33256405477
293.173,3.41095,33259816877
256.492,3.89875,33263717271
289.47,3.45459,33267172038
250.801,3.98722,33271160233
373.219,2.67939,33273839613
297.041,3.36654,33277206759
294.745,3.39276,33280599822
255.608,3.91224,33284513247
323.179,3.09426,33287608552
276.305,3.61919,33291227599
286.616,3.48898,33294717552
249.857,4.0023,33298720182
357.265,2.79904,33301520196
299.167,3.34261,33304862176
282.12,3.5446,33308407554
302.005,3.3112,33311719504
254.53,3.92881,33315649020
354.347,2.82209,33318470775
286.864,3.48597,33321957490
297.895,3.35689,33325314338
245.169,4.07882,33329394770
353.747,2.82688,33332221080
302.742,3.30314,33335524810
299.375,3.34029,33338865501
295.187,3.38768,33342254130
234.007,4.27338,33346529762
341.53,2.928,33349457405
259.873,3.84804,33353306398
337.047,2.96695,33356273944
248.533,4.02361,33360299022
341.093,2.93176,33363231192
257.838,3.8784,33367110682
302.009,3.31116,33370424498
237.044,4.21863,33374643467
392.507,2.54773,33377191062
299.339,3.34069,33380532408
289.984,3.44847,33383981933
290.193,3.44598,33387427976
262.217,3.81363,33391241700
313.146,3.1934,33394435458
301.543,3.31627,33397753047
285.99,3.49662,33401249688
257.409,3.88487,33405137212
291.221,3.43382,33408572049
270.926,3.69105,33412265123
286.751,3.48734,33415753082
235.346,4.24906,33420004184
407.168,2.45599,33422459496
248.459,4.02481,33426485098
370.063,2.70225,33429187075
279.707,3.57517,33432764927
241.158,4.14666,33436912884
387.248,2.58232,33439496319
294.416,3.39656,33442893282
248.454,4.02489,33446918800
234.532,4.26381,33451188353
291.325,3.43259,33454619218
316.924,3.15533,33457777023
407.422,2.45446,33460231312
244.377,4.09203,33464324589
394.544,2.53457,33466858807
263.893,3.78941,33470650036
325.258,3.07448,33473723987
254.86,3.92372,33477648528
307.128,3.25597,33480904872
271.702,3.6805,33484585899
398.81,2.50746,33487093604
230.562,4.33722,33491432117
334.128,2.99287,33494425307
245.428,4.07451,33498500583
446.887,2.2377,33500738817
216.549,4.6179,33505356906
472.742,2.11532,33507473049
202.763,4.93186,33512405750
519.757,1.92397,33514329151
200.651,4.98379,33519314127
496.9,2.01248,33521326380
205.679,4.86194,33526189592
471.8,2.11954,33528308891
203.212,4.92098,33533231226
520.402,1.92159,33535152776
199.272,5.01827,33540172309
533.51,1.87438,33542046092
277.578,3.60259,33545649580
298.507,3.35,33548999984
201.847,4.95424,33553955339
445.618,2.24408,33556199679
212.186,4.71285,33560913050
547.495,1.8265,33562743214
287.565,3.47748,33566217832
246.49,4.05696,33570275228
219.584,4.55406,33574830252
624.909,1.60023,33576430738
303.217,3.29797,33579728922
260.472,3.83919,33583568717
303.915,3.2904,33586862290
303.907,3.29048,33590150415
294.072,3.40053,33593552130
289.68,3.45209,33597003877
264.886,3.77521,33600780302
349.701,2.85959,33603640116
300.887,3.32351,33606964894
275.091,3.63516,33610599542
256.713,3.89541,33614496234
339.271,2.94749,33617443936
308.004,3.24671,33620690934
289.862,3.44992,33624141100
293.104,3.41176,33627553497
251.036,3.98349,33631537480
365.765,2.73399,33634271599
289.588,3.45319,33637725300
295.873,3.37983,33641106286
237.815,4.20496,33645311467
359.484,2.78176,33648093999
294.025,3.40107,33651495366
302.06,3.3106,33654806245
248.385,4.026,33658833238
354.322,2.82229,33661655928
282.966,3.53399,33665190041
318.357,3.14113,33668332011
267.487,3.7385,33672071054
259.968,3.84663,33675919835
320.891,3.11632,33679035414
327.225,3.056,33682091348
256.005,3.90617,33685998519
301.231,3.31971,33689318762
283.215,3.53089,33692850974
335.26,2.98276,33695833216
246.15,4.06256,33699896430
353.85,2.82606,33702722560
249.169,4.01334,33706736815
374.861,2.66766,33709404492
233.11,4.28983,33713694884
370.568,2.69856,33716394371
235.142,4.25274,33720647571
416.462,2.40118,33723049195
218.017,4.58679,33727636957
420.665,2.37719,33730014137
220.047,4.54449,33734560052
442.611,2.25932,33736818744
210.603,4.74828,33741567805
491.089,2.03629,33743604645
204.677,4.88575,33748491011
363.697,2.74954,33751241485
238.889,4.18604,33755428065
498.107,2.0076,33757435982
203.9,4.90436,33762341628
400.134,2.49916,33764841449
223.488,4.47452,33769316217
572.197,1.74765,33771064507
293.221,3.41039,33774474638
259.326,3.85614,33778331763
203.269,4.91958,33783252485
615.3,1.62522,33784877358
286.269,3.49322,33788371822
297.673,3.35939,33791730834
251.29,3.97946,33795710782
350.44,2.85355,33798564545
296.405,3.37376,33801938846
291.483,3.43074,33805369828
255.554,3.91306,33809283373
350.367,2.85415,33812137734
274.833,3.63857,33815777557
292.573,3.41794,33819195269
288.792,3.4627,33822659104
249.138,4.01383,33826673863
334.762,2.98719,33829661369
299.936,3.33404,33832995834
285.766,3.49937,33836496315
250.952,3.98483,33840481010
348.856,2.86651,33843347937
287.593,3.47714,33846825812
285.838,3.49849,33850326376
240.614,4.15603,33854482586
361.457,2.76658,33857250074
306.64,3.26115,33860510226
282.428,3.54073,33864052753
276.953,3.61072,33867664451
253.319,3.9476,33871616232
302.867,3.30177,33874917877
372.185,2.68684,33877603391
288.874,3.46172,33881065440
245.483,4.0736,33885139661
363.843,2.74844,33887888045
293.634,3.4056,33891294440
300.846,3.32397,33894618533
253.469,3.94526,33898565783
350.722,2.85126,33901416459
293.838,3.40324,33904819932
293.693,3.40491,33908225871
319.306,3.1318,33911357903
252.269,3.96402,33915322554
332.819,3.00464,33918328193
266.373,3.75414,33922082749
307.573,3.25126,33925335177
240.807,4.15271,33929489361
358.029,2.79307,33932282538
266.564,3.75145,33936034776
327.309,3.05522,33939090145
262.243,3.81326,33942904926
287.961,3.47269,33946377078
284.492,3.51504,33949892736
362.609,2.75779,33952650478
243.725,4.10298,33956755017
301.912,3.31222,33960068060
278.459,3.59119,33963659593
322.311,3.1026,33966763107
253.133,3.9505,33970714058
311.943,3.20571,33973919314
269.932,3.70463,33977625153
405.75,2.46457,33980090312
222.905,4.48622,33984577051
385.383,2.59482,33987172044
230.681,4.33499,33991508880
386.862,2.5849,33994093214
227.554,4.39456,33998487945
452.306,2.2109,34000698705
209.062,4.78327,34005483200
446.903,2.23762,34007721224
212.277,4.71082,34012432865
477.825,2.09282,34014525627
246.506,4.0567,34018583231
363.976,2.74743,34021330052
289.601,3.45303,34024784822
294.134,3.39981,34028184430
290.994,3.4365,34031622060
261.076,3.8303,34035452498
209.969,4.76261,34040216772
601.231,1.66325,34041880610
304.473,3.28437,34045165522
248.685,4.02114,34049186885
205.533,4.86541,34054053239
644.786,1.5509,34055604729
289.235,3.4574,34059061743
299.771,3.33588,34062397688
256.26,3.90229,34066300852
350.193,2.85557,34069156547
300.483,3.32798,34072485303
271.387,3.68478,34076170118
258.013,3.87577,34080046880
326.926,3.05879,34083105839
300.708,3.32548,34086431509
254.251,3.93312,34090368359
243.542,4.10607,34094473027
407.137,2.45617,34096929947
280.842,3.56072,34100491653
299.644,3.33729,34103829706
276.926,3.61107,34107441059
254.351,3.93158,34111373923
345.783,2.89198,34114265724
302.197,3.3091,34117574825
281.54,3.55189,34121127922
252.045,3.96754,34125095659
333.83,2.99553,34128091502
294.48,3.39582,34131487673
284.384,3.51637,34135005671
247.664,4.03774,34139043945
338.456,2.9546,34141998544
295.506,3.38403,34145382663
295.958,3.37885,34148761966
292.596,3.41768,34152180390
237.475,4.21098,34156391880
383.183,2.60972,34159001709
288.45,3.4668,34162468946
291.607,3.42928,34165898122
258.005,3.8759,34169775632
356.176,2.8076,34172583177
303.872,3.29086,34175874218
290.436,3.4431,34179317814
250.058,3.99908,34183317320
337.635,2.96178,34186280044
291.269,3.43326,34189713228
292.794,3.41537,34193128966
300.641,3.32622,34196456454
225.519,4.43422,34200891667
370.166,2.70149,34203592322
278.62,3.58912,34207182100
297.791,3.35806,34210540464
252.326,3.96312,34214504187
325.624,3.07103,34217576452
290.817,3.43859,34221015498
295.841,3.38019,34224395813
246.247,4.06096,34228457578
363.835,2.7485,34231206041
277.673,3.60136,34234808661
297.357,3.36296,34238171345
295.633,3.38257,34241555632
244.211,4.09482,34245650831
356.234,2.80714,34248457936
307.069,3.2566,34251714025
277.03,3.60971,34255325560
266.912,3.74655,34259071978
307.503,3.25201,34262324720
359.361,2.78272,34265107465
240.772,4.15331,34269261636
380.672,2.62693,34271889024
227.811,4.38961,34276279848
411.563,2.42976,34278709677
221.697,4.51066,34283221417
433.53,2.30664,34285527920
221.02,4.52448,34290054072
406.748,2.45852,34292511956
217.752,4.59238,34297106002
414.842,2.41055,34299517176
219.181,4.56244,34304081128
444.853,2.24794,34306328530
214.674,4.65823,34310986861
438.948,2.27817,34313265085
215.236,4.64607,34317912721
358.584,2.78874,34320701961
241.818,4.13534,34324837801
436.487,2.29102,34327128550
215.179,4.6473,34331777234
331.37,3.01778,34334794569
256.57,3.89757,34338693412
444.774,2.24833,34340941210
279.246,3.58107,34344522848
263.576,3.79397,34348317833
228.334,4.37955,34352699538
395.133,2.53079,34355229302
231.861,4.31292,34359543395
467.844,2.13746,34361680586
233.338,4.28562,34365968458
349.392,2.86211,34368831246
214.074,4.67128,34373503690
429.005,2.33097,34375834521
68.5251,14.5932,34390429628
2952.55,0.33869,34390766319
280.595,3.56386,34394331649
582.453,1.71688,34396049355
631.87,1.5826,34397631125
276.477,3.61693,34401248874
623.047,1.60502,34402854050
278.966,3.58467,34406439941
255.577,3.91271,34410353184
361.407,2.76696,34413120003
286.468,3.49079,34416611827
288.776,3.46289,34420075630
260.692,3.83594,34423911875
363.043,2.75449,34426666710
274.639,3.64114,34430308814
284.566,3.51413,34433823476
299.097,3.34339,34437167069
243.986,4.0986,34441266123
371.191,2.69403,34443960791
300.128,3.33192,34447293164
291.935,3.42542,34450718847
242.829,4.11812,34454838571
363.62,2.75012,34457588036
298.857,3.34608,34460934421
301.309,3.31885,34464254069
252.001,3.96823,34468223023
353.822,2.82628,34471050228
292.953,3.41352,34474463986
244.09,4.09684,34478563140
269.54,3.71003,34482273663
245.366,4.07554,34486350357
339.258,2.94761,34489305298
292.266,3.42154,34492722357
248.934,4.01713,34496740595
264.71,3.77771,34500518351
444.133,2.25158,34502771398
279.809,3.57386,34506345482
280.783,3.56147,34509908440
235.892,4.23923,34514149075
377.203,2.65109,34516799828
251.041,3.98341,34520785625
313.868,3.18605,34523972496
262.18,3.81417,34527789576
259.323,3.85619,34531644548
455.973,2.19311,34533837338
315.289,3.1717,34537010785
243.644,4.10435,34541116026
274.216,3.64676,34544764888
401.882,2.48829,34547251473
299.95,3.33389,34550586324
284.379,3.51644,34554103611
294.241,3.39858,34557501937
240.276,4.16188,34561664560
360.14,2.7767,34564440948
294.718,3.39308,34567835292
305.481,3.27352,34571108309
240.144,4.16417,34575273859
336.693,2.97007,34578243934
272.295,3.67249,34581917368
301.807,3.31337,34585231838
239.783,4.17044,34589403582
355.654,2.81172,34592216207
289.134,3.45861,34595673813
312.517,3.19983,34598874632
267.062,3.74446,34602620061
268.964,3.71797,34606338160
308.063,3.24609,34609584676
335.354,2.98192,34612566882
248.47,4.02463,34616591968
269.022,3.71717,34620310349
324.206,3.08446,34623394902
314.558,3.17907,34626574041
257.623,3.88164,34630456372
295.047,3.38929,34633846415
281.557,3.55168,34637398647
340.86,2.93375,34640332061
247.32,4.04335,34644376624
370.014,2.7026,34647078983
240.905,4.15101,34651231587
365.531,2.73575,34653966833
235.839,4.24018,34658207909
409.716,2.44071,34660648640
222.717,4.49,34665139248
383.313,2.60883,34667748768
235.127,4.25302,34672002494
384.112,2.60341,34674606354
224.263,4.45905,34679066053
447.448,2.2349,34681301358
273.803,3.65226,34684954500
275.039,3.63584,34688590108
229.688,4.35374,34692945013
338.552,2.95375,34695898857
255.717,3.91057,34699810478
388.679,2.57282,34702382971
229.976,4.34827,34706732213
318.861,3.13616,34709868424
256.615,3.89688,34713766319
409.084,2.44449,34716211218
224.179,4.46072,34720673440
315.239,3.1722,34723845282
262.194,3.81397,34727660237
449.553,2.22443,34729885106
271.947,3.67719,34733564244
286.499,3.49041,34737055060
221.807,4.50843,34741564950
417.165,2.39713,34743962209
226.078,4.42325,34748386903
359.81,2.77924,34751169722
229.311,4.36088,34755530333
413.793,2.41667,34757945903
224.846,4.44749,34762394555
441.728,2.26384,34764658591
248.545,4.02341,34768683625
319.818,3.12678,34771811608
224.069,4.46292,34776274014
479.297,2.08639,34778360110
290.647,3.4406,34781802100
247.175,4.04571,34785848683
232.865,4.29434,34790143822
497.979,2.00812,34792151947
292.535,3.4184,34795570979
260.704,3.83576,34799407603
217.627,4.59501,34804002988
523.375,1.91068,34805913822
299.169,3.3426,34809257468
300.026,3.33305,34812591218
255.169,3.91897,34816510509
318.127,3.1434,34819653836
287.154,3.48245,34823138049
290.215,3.44572,34826584163
252.749,3.9565,34830540935
351.011,2.84892,34833390301
297.229,3.36441,34836754890
295.938,3.37909,34840134565
254.695,3.92626,34844062338
327.827,3.05039,34847112884
282.991,3.53368,34850649103
267.288,3.74128,34854390193
300.481,3.328,34857718937
273.04,3.66247,34861381526
355.479,2.81311,34864194758
247.269,4.04418,34868240861
294.062,3.40065,34871642192
236.066,4.23611,34875880431
215.272,4.64528,34880526496
606.61,1.64851,34882174185
347.069,2.88127,34885056887
243.89,4.10021,34889157432
358.945,2.78595,34891943513
285.687,3.50034,34895444143
282.9,3.53481,34898979877
298.471,3.35041,34902330178
255.108,3.91991,34906250882
342.842,2.91679,34909167984
301.167,3.32041,34912488998
292.595,3.41769,34915906965
249.028,4.01561,34919924346
350.629,2.85202,34922776087
304.852,3.28028,34926057444
270.966,3.69049,34929747632
239.884,4.16868,34933917952
355.443,2.81339,34936732043
294.674,3.39358,34940125611
295.069,3.38904,34943514705
291.52,3.43029,34946945609
250.036,3.99942,34950946569
360.44,2.77439,34953720589
295.368,3.3856,34957106455
299.147,3.34284,34960450010
239.91,4.16824,34964620192
349.327,2.86264,34967482706
295.121,3.38844,34970871754
299.258,3.3416,34974213603
291.056,3.43577,34977649593
260.011,3.84599,34981496674
329.645,3.03357,34984530776
292.551,3.41821,34987949400
273.593,3.65507,34991605905
256.961,3.89164,34995498168
336.453,2.97218,34998470018
321.179,3.11353,35001583721
257.111,3.88937,35005474397
290.124,3.4468,35008921532
286.918,3.48532,35012407451
377.417,2.64959,35015057325
231.587,4.31803,35019377048
393.709,2.53994,35021917083
229.788,4.35183,35026269922
420.021,2.38084,35028650654
219.825,4.54908,35033200081
422.195,2.36857,35035569232
220.665,4.53177,35040101883
440.87,2.26824,35042369744
298.872,3.34591,35045716861
295.288,3.38653,35049104774
289.991,3.44838,35052553839
262.969,3.80273,35056356802
314.205,3.18264,35059539763
303.381,3.29618,35062836594
295.517,3.3839,35066221285
256.45,3.8994,35070120529
351.199,2.84739,35072968351
278.327,3.5929,35076561598
293.346,3.40894,35079971487
250.546,3.99129,35083963859
351.167,2.84765,35086811761
272.262,3.67293,35090485185
286.06,3.49577,35093983275
303.586,3.29396,35097275895
238.523,4.19247,35101470681
358.552,2.78899,35104259215
268.373,3.72616,35107986734
299.151,3.34279,35111330080
232.744,4.29657,35115627808
376.249,2.65781,35118285115
271.119,3.68842,35121975064
316.359,3.16096,35125136607
233.399,4.28451,35129421823
341.313,2.92986,35132352436
272.987,3.66318,35136018602
247.552,4.03955,35140057995
221.029,4.52428,35144584344
490.509,2.0387,35146623161
283.669,3.52524,35150150067
285.215,3.50612,35153657251
256.729,3.89516,35157553856
281.772,3.54897,35161103890
224.725,4.44989,35165555490
340.312,2.93848,35168494525
282.357,3.54161,35172037457
309.615,3.22982,35175268132
267.401,3.7397,35179007029
493.683,2.02559,35181033150
278.883,3.58574,35184619844
245.798,4.06838,35188688771
235.109,4.25335,35192942839
467.923,2.1371,35195079896
281.957,3.54665,35198627527
299.529,3.33858,35201966368
240.263,4.16211,35206129141
359.515,2.78152,35208910595
286.76,3.48724,35212399053
301.367,3.31821,35215717664
237.595,4.20884,35219927734
368.294,2.71522,35222642677
290.37,3.44389,35226087714
294.682,3.39348,35229480921
237.078,4.21802,35233700809
389.559,2.56701,35236266960
300.959,3.32271,35239590651
275.836,3.62534,35243215848
300.526,3.3275,35246543777
234.959,4.25606,35250801760
389.136,2.5698,35253371458
287.663,3.47629,35256847616
296.078,3.37748,35260225413
255.761,3.9099,35264136486
348.468,2.86971,35267006225
293.381,3.40854,35270415259
294.841,3.39165,35273807277
291.504,3.43048,35277238249
249.379,4.00997,35281249419
333.989,2.99411,35284242935
291.421,3.43146,35287674713
281.972,3.54645,35291221479
259.961,3.84673,35295068828
353.416,2.82953,35297899193
291.024,3.43615,35301336127
292.947,3.41358,35304749895
259.557,3.85272,35308603361
353.407,2.8296,35311433341
281.564,3.5516,35314985575
296.839,3.36883,35318354653
294.444,3.39623,35321751013
246.912,4.05003,35325802632
361.524,2.76607,35328568676
289.012,3.46006,35332029984
300.597,3.32671,35335356936
251.772,3.97185,35339329738
344.419,2.90344,35342233964
293.227,3.41033,35345644340
286.371,3.49197,35349136862
268.41,3.72565,35352864650
242.867,4.11748,35356982823
387.759,2.57892,35359561508
297.896,3.35688,35362918529
258.761,3.86457,35366784913
256.471,3.89907,35370685180
337.937,2.95914,35373646011
292.428,3.41965,35377066751
297.938,3.3564,35380423358
275.692,3.62723,35384050990
299.333,3.34076,35387391622
350.065,2.85661,35390248181
245.727,4.06955,35394319212
332.572,3.00686,35397326423
238.414,4.19439,35401522380
399.674,2.50204,35404024213
236.286,4.23216,35408257286
383.34,2.60865,35410865314
232.077,4.30891,35415175565
385.553,2.59368,35417769458
232.786,4.29579,35422067021
377.294,2.65045,35424716458
232.912,4.29346,35429011811
392.292,2.54912,35431560622
226.488,4.41525,35435977188
415.896,2.40445,35438381760
291.793,3.42709,35441809633
254.302,3.93234,35445742386
241.067,4.14822,35449891917
460.349,2.17226,35452063640
277.256,3.60677,35455671313
264.988,3.77375,35459446241
232.61,4.29903,35463745687
506.812,1.97312,35465718974
300.639,3.32625,35469045728
292.189,3.42245,35472468260
255.361,3.91602,35476385268
322.871,3.09721,35479482460
286.249,3.49346,35482977215
275.317,3.63218,35486609192
255.71,3.91068,35490521209
359.83,2.77909,35493300283
286.201,3.49405,35496795358
288.756,3.46313,35500258626
250.251,3.996,35504255765
356.456,2.8054,35507061176
289.986,3.44844,35510510185
268.785,3.72045,35514231517
320.571,3.11943,35517351302
247.927,4.03344,35521385449
343.231,2.91349,35524299693
285.68,3.50042,35527800251
288.652,3.46438,35531265565
252.159,3.96575,35535232657
340.664,2.93544,35538167778
300.713,3.32543,35541493907
271.668,3.68096,35545177067
209.731,4.76802,35549947744
246.981,4.04889,35553997429
497.123,2.01157,35556008385
288.319,3.46838,35559479852
239.491,4.17552,35563654917
287.497,3.4783,35567133923
397.645,2.51481,35569649486
307.944,3.24734,35572898127
261.319,3.82674,35576726037
251.994,3.96834,35580696496
386.956,2.58427,35583281841
272.96,3.66354,35586946461
309.341,3.23268,35590179998
172.042,5.81254,35596001118
550.57,1.8163,35597814183
329.137,3.03825,35600853125
328.41,3.04498,35603899097
290.045,3.44774,35607347840
235.918,4.23877,35611587708
369.28,2.70797,35614296173
299.979,3.33357,35617629753
294.7,3.39328,35621024810
239.494,4.17547,35625199951
362.895,2.75562,35627956336
286.851,3.48613,35631443115
298.808,3.34663,35634790360
249.603,4.00636,35638797261
367.07,2.72427,35641522703
252.334,3.963,35645486812
266.701,3.74952,35649237257
291.857,3.42633,35652663804
255.964,3.9068,35656571436
324.631,3.08043,35659652122
325.781,3.06954,35662722311
283.535,3.5269,35666249120
242.942,4.1162,35670366530
330.116,3.02923,35673395422
322.681,3.09903,35676494691
273.931,3.65055,35680146280
170.981,5.84861,35685995537
634.155,1.5769,35687572796
323.614,3.09011,35690663355
276.093,3.62196,35694286425
178.027,5.61711,35699904364
144.789,6.90662,35706811484
143.279,6.97937,35713792144
143.451,6.97102,35720765139
144.377,6.92631,35727690963
143.597,6.96394,35734657236
143.957,6.94651,35741603682
143.903,6.94913,35748552732
144.71,6.91035,35755465262
143.51,6.96816,35762434598
143.356,6.97566,35769411439
144.42,6.92424,35776335747
143.759,6.95607,35783292778
143.976,6.94559,35790238856
143.215,6.98249,35797222740
147.182,6.79432,35804015845
143.176,6.98441,35811001678
145.199,6.88712,35817889739
143.177,6.98434,35824875414
144.489,6.92092,35831797359
143.082,6.98899,35838786341
142.844,7.00065,35845788296
144.752,6.90839,35852697334
142.43,7.021,35859719845
145.763,6.86047,35866581292
142.108,7.03691,35873621165
143.787,6.95474,35880577329
145.21,6.88659,35887463913
145.936,6.85231,35894317439
142.503,7.01739,35901336321
144.234,6.93319,35908269466
143.913,6.94864,35915218834
143.69,6.95943,35922178497
145.493,6.87316,35929053390
142.666,7.00937,35936062954
144.704,6.91068,35942974339
143.845,6.95192,35949926045
143.352,6.97583,35956902704
144.693,6.91118,35963813771
144.125,6.93842,35970752691
143.868,6.95083,35977704212
143.407,6.97317,35984678479
143.998,6.94456,35991623265
143.697,6.95906,35998582575
144.42,6.92423,36005508991
144.507,6.92009,36012429161
144.009,6.944,36019375545
143.378,6.97458,36026349440
144.15,6.93724,36033287001
143.395,6.97374,36040261044
145.654,6.86556,36047127699
143.775,6.9553,36054083701
143.003,6.99284,36061076405
143.97,6.94589,36068023387
144.029,6.94306,36074966897
147.195,6.79372,36081760755
141.333,7.07551,36088840469
145.452,6.8751,36095717357
142.961,6.99492,36102716394
143.924,6.94813,36109664599
145.173,6.88831,36116553122
144.182,6.93566,36123491954
143.807,6.95376,36130445285
145.005,6.8963,36137343146
140.963,7.09407,36144441325
145.546,6.87068,36151310387
144.831,6.90458,36158219170
144.243,6.93276,36165151209
144.511,6.91991,36172072445
143.415,6.97277,36179046767
144.609,6.91519,36185963111
144.687,6.91146,36192875199
143.702,6.95883,36199834690
143.413,6.97289,36206807822
144.498,6.92053,36213730837
144.587,6.91625,36220647724
141.427,7.07079,36227720542
145.997,6.84948,36234572789
144.27,6.93147,36241502506
142.765,7.00451,36248510059
144.35,6.92762,36255438437
144.31,6.92955,36262369701
144.38,6.92615,36269295926
144.482,6.92129,36276219648
142.821,7.00176,36283222718
145.141,6.88984,36290113100
143.587,6.96443,36297078625
143.85,6.95169,36304031513
144.073,6.94091,36310975281
144.402,6.92509,36317901346
144.014,6.94375,36324849146
143.723,6.95785,36331806871
143.067,6.98974,36338799490
144.025,6.94323,36345743627
145.309,6.88188,36352626038
143.279,6.97938,36359608642
144.493,6.92073,36366529178
143.159,6.98522,36373518188
143.735,6.95726,36380474699
146.058,6.84661,36387322220
143.049,6.99061,36394314290
144.709,6.91043,36401227811
143.524,6.96746,36408194653
144.183,6.93562,36415132675
144.413,6.9246,36422058024
142.086,7.03798,36429096654
134.729,7.4223,36436523233
155.298,6.43925,36442963261
141.448,7.06972,36450033690
145.195,6.88728,36456924491
146.226,6.83873,36463762658
143.577,6.96491,36470728617
143.527,6.96732,36477697793
144.26,6.93192,36484632019
142.935,6.99618,36491628064
143.749,6.95656,36498589126
146.3,6.83527,36505423386
143.381,6.97441,36512398843
143.746,6.95671,36519357412
143.961,6.9463,36526306529
142.28,7.0284,36533338378
146.328,6.83396,36540172234
144.107,6.93929,36547112563
144.627,6.91432,36554026533
144.187,6.93543,36560962378
144.378,6.92628,36567889866
142.107,7.03697,36574927055
145.344,6.88025,36581807644
143.638,6.96196,36588770851
144.062,6.94147,36595712721
143.625,6.9626,36602675410
143.742,6.95691,36609634881
144.771,6.90748,36616544200
143.139,6.98623,36623531144
144.279,6.93101,36630464126
136.408,7.33095,36637799797
152.166,6.57178,36644369316
144.531,6.91893,36651290431
143.319,6.97742,36658271564
144.654,6.91306,36665185244
145.425,6.8764,36672061632
140.337,7.12571,36679189386
146.185,6.84065,36686029593
144.193,6.93517,36692968217
142.864,6.99968,36699967790
144.042,6.94244,36706910166
145.025,6.89535,36713806902
144.409,6.92478,36720732531
144.218,6.93394,36727666340
142.884,6.99866,36734666961
143.112,6.98755,36741655188
145.518,6.87199,36748527816
143.751,6.95647,36755484616
143.188,6.98384,36762469803
144.051,6.94197,36769411380
144.08,6.94058,36776353691
144.544,6.91833,36783273468
143.159,6.98525,36790258822
143.855,6.95143,36797210152
146.892,6.80771,36804019387
142.209,7.03192,36811051932
146.063,6.84634,36817899851
140.987,7.09287,36824991706
145.056,6.8939,36831887088
144.519,6.91952,36838806133
143.167,6.98484,36845793356
144.853,6.90355,36852697422
142.151,7.03478,36859735579
145.262,6.88411,36866619432
142.453,7.01987,36873639706
144.506,6.92012,36880561588
145.278,6.88337,36887444014
143.389,6.97401,36894418623
144.438,6.92338,36901343006
143.256,6.98051,36908324815
146.386,6.83124,36915155843
142.265,7.02913,36922186125
144.756,6.90815,36929094082
142.48,7.01855,36936114019
144.871,6.90271,36943016518
144.344,6.92788,36949945431
144.704,6.91065,36956857025
142.518,7.01666,36963874471
144.792,6.90644,36970780383
144.018,6.94355,36977725410
143.321,6.97732,36984702684
144.177,6.9359,36991638901
143.819,6.95318,36998593335
145.741,6.86147,37005455619
142.164,7.03412,37012489775
144.228,6.93347,37019424052
144.22,6.93386,37026358730
144.097,6.93975,37033299687
142.69,7.00821,37040308432
144.691,6.91128,37047220229
144.455,6.92257,37054144255
144.854,6.9035,37061048058
143.622,6.9627,37068011372
143.895,6.9495,37074961415
144.243,6.93276,37081894018
143.861,6.95114,37088846869
144.62,6.91468,37095761925
143.287,6.97901,37102742631
143.698,6.95902,37109704149
143.611,6.96326,37116665985
144.57,6.91705,37123583497
143.187,6.98387,37130568432
146.426,6.8294,37137400349
143.372,6.97485,37144376187
145.177,6.88813,37151266570
134.567,7.43123,37158699082
154.447,6.47473,37165175529
141.025,7.09095,37172267453
144.55,6.91804,37179184677
145.355,6.87969,37186064782
143.767,6.95572,37193021325
144.704,6.91065,37199932721
143.763,6.95589,37206890236
145.478,6.87388,37213765077
143.882,6.95016,37220716640
142.091,7.03774,37227753920
144.955,6.89869,37234653140
143.178,6.98432,37241639054
144.986,6.8972,37248537100
143.542,6.9666,37255503554
143.918,6.94842,37262453344
143.263,6.98015,37269433314
144.694,6.91111,37276346954
143.048,6.99065,37283337663
144.781,6.907,37290244869
146.205,6.83973,37297085642
141.507,7.06681,37304157714
145.788,6.8593,37311014371
143.305,6.97813,37317994246
142.474,7.01883,37325015208
144.958,6.89856,37331912831
145.894,6.85428,37338767850
142.036,7.04046,37345808712
143.542,6.96661,37352776821
142.926,6.99661,37359775875
145.418,6.87674,37366652088
144.301,6.92995,37373583932
140.977,7.09338,37380679741
146.372,6.83189,37387510786
144.649,6.91328,37394425018
143.412,6.97293,37401398891
144.117,6.93881,37408337670
143.448,6.97115,37415310364
146.06,6.84649,37422156927
142.799,7.00283,37429160192
144.689,6.91139,37436072549
144.874,6.90255,37442976089
143.305,6.97813,37449955018
145.891,6.85445,37456809706
140.851,7.09972,37463910266
147,6.80273,37470713414
142.625,7.0114,37477725257
145.531,6.87139,37484597587
141.704,7.05698,37491655335
146.536,6.82426,37498480610
141.906,7.0469,37505528687
143.927,6.94797,37512477006
144.018,6.94357,37519420950
144.953,6.89879,37526319599
143.197,6.98338,37533304617
143.127,6.9868,37540292595
145.774,6.85993,37547151877
143.201,6.9832,37554136407
144.258,6.93204,37561068711
143.191,6.98369,37568052965
145.448,6.87531,37574929187
142.94,6.99595,37581924630
145.78,6.85966,37588785461
143.309,6.97795,37595763873
142.936,6.99616,37602759786
146.021,6.84832,37609609391
142.233,7.03069,37616643836
143.117,6.98728,37623630211
144.36,6.92715,37630557769
144.195,6.93506,37637494642
145.127,6.89052,37644386101
143.136,6.98639,37651372778
143.534,6.967,37658340741
144.535,6.91876,37665260054
145.696,6.86362,37672124923
143.849,6.95175,37679076775
142.464,7.01934,37686102225
145.63,6.8667,37692966677
143.676,6.96011,37699929357
143.717,6.9581,37706890836
143.134,6.98645,37713880180
145.502,6.87276,37720752718
142.811,7.00224,37727757530
145.679,6.8644,37734623100
143.124,6.98695,37741611595
144.295,6.93026,37748541547
143.304,6.97815,37755519653
143.856,6.95139,37762472917
144.275,6.93121,37769404929
143.611,6.96325,37776369114
144.554,6.91783,37783287026
143.484,6.96942,37790258022
145.904,6.85384,37797112420
143.006,6.99271,37804106908
143.864,6.95099,37811057493
144.021,6.94341,37818001741
144.341,6.92802,37824931329
143.991,6.94489,37831876714
143.84,6.95215,37838830400
144.645,6.91348,37845744916
143.379,6.97451,37852720060
142.03,7.04076,37859763077
146.287,6.83586,37866599540
142.25,7.02987,37873630515
144.032,6.9429,37880575489
144.49,6.9209,37887496851
144.429,6.92383,37894421103
145.028,6.89522,37901317381
143.076,6.98928,37908307067
144.68,6.91182,37915219367
143.622,6.9627,37922182806
144.223,6.93371,37929118717
144.354,6.92743,37936047836
144.226,6.93354,37942981460
143.273,6.97966,37949960908
144.613,6.91498,37956877077
143.598,6.9639,37963841941
144.37,6.92667,37970769575
143.577,6.96492,37977735202
144.273,6.9313,37984667083
143.36,6.97544,37991643889
144.089,6.94016,37998583836
144.245,6.93263,38005518004
142.8,7.00279,38012520721
144.857,6.90338,38019425758
144.503,6.92025,38026346461
144.459,6.92236,38033270195
142.724,7.00654,38040278885
146.151,6.84223,38047122308
142.843,7.00069,38054121995
142.87,6.99937,38061123433
145.414,6.87692,38068001055
143.638,6.96194,38074964139
143.976,6.94561,38081908337
144.864,6.90302,38088813582
142.915,6.99718,38095811537
144.29,6.93049,38102743252
142.915,6.99716,38109740985
144.655,6.913,38116656689
142.866,6.99958,38123655897
143.742,6.95689,38130612409
146.298,6.83537,38137449950
142.426,7.02118,38144471432
143.779,6.95512,38151427238
144.912,6.90073,38158328209
144.916,6.90055,38165229675
142.96,6.99495,38172224676
145.141,6.88986,38179114900
142.627,7.0113,38186127580
146.141,6.8427,38192971184
143.57,6.96524,38199937467
145.12,6.89085,38206828905
144.036,6.9427,38213771474
143.86,6.95118,38220723055
143.393,6.97383,38227697940
143.932,6.94772,38234646175
143.641,6.96182,38241608867
143.897,6.94942,38248558856
143.675,6.96016,38255519902
143.892,6.94966,38262469833
144.43,6.92375,38269394877
144.378,6.92626,38276322135
144.055,6.94179,38283264207
144.529,6.91903,38290183518
142.923,6.99679,38297180855
143.944,6.94716,38304129127
143.839,6.9522,38311082189
143.978,6.94552,38318029516
143.819,6.9532,38324982816
143.543,6.96657,38331949808
145.835,6.85704,38338808875
143.279,6.97937,38345788030
143.872,6.9506,38352739072
142.598,7.01272,38359753695
145.603,6.86798,38366621501
141.489,7.06768,38373690535
145.159,6.88901,38380581602
144.875,6.90248,38387483841
144.799,6.90614,38394391009
144.431,6.92374,38401315222
143.527,6.96732,38408283503
144.27,6.93146,38415215524
143.92,6.9483,38422164722
143.946,6.94707,38429112729
144.729,6.90945,38436023702
143.083,6.98894,38443012914
144.856,6.90339,38449917552
143.549,6.96625,38456884770
143.623,6.96269,38463848021
144.313,6.92937,38470777794
143.946,6.94703,38477725131
143.08,6.98909,38484715764
144.456,6.92253,38491638696
144.116,6.93884,38498578745
143.838,6.95227,38505532556
143.79,6.95457,38512487451
144.172,6.93616,38519424578
144.457,6.92249,38526347442
144.058,6.94163,38533290593
143.516,6.96788,38540259757
144.081,6.94054,38547200936
143.148,6.9858,38554187222
147.276,6.78998,38560977085
142.126,7.03601,38568014101
144.619,6.91472,38574930214
142.391,7.02291,38581954065
145.479,6.87386,38588828741
143.955,6.94661,38595776142
143.965,6.94611,38602723452
143.699,6.95897,38609709424
143.773,6.95539,38616638854
144.106,6.93932,38623581846
144.196,6.93502,38630513310
144,6.94443,38637460625
143.848,6.9518,38644413515
144.47,6.92185,38651335052
144.154,6.93702,38658273612
143.6,6.96379,38665239547
144.487,6.92102,38672159571
441.717,2.26389,38674423598
212.58,4.70412,38679128605
440.359,2.27087,38681398950
216.785,4.61287,38686012460
434.109,2.30357,38688317158
212.261,4.71117,38693028707
143.773,6.95541,38699985003
144.085,6.94033,38706926879
145.113,6.89119,38713818256
143.004,6.99281,38720813109
145.123,6.89071,38727702998
144.297,6.93015,38734633507
438.633,2.27981,38736913606
213.134,4.69188,38741606746
439.082,2.27748,38743884169
214.006,4.67277,38748560020
375.76,2.66127,38751221275
236.032,4.23671,38755459222
447.575,2.23426,38757694555
210.581,4.74876,38762445054
413.331,2.41937,38764868804
221.588,4.51287,38769380507
455.275,2.19648,38771576682
210.317,4.75474,38776334390
430.728,2.32165,38778658221
215.181,4.64725,38783306003
144.909,6.9009,38790206536
141.949,7.04478,38797253268
145.513,6.87223,38804125583
143.756,6.95622,38811083013
463.782,2.15618,38813239904
208.446,4.7974,38818036720
487.502,2.05127,38820088827
206.875,4.83384,38824923264
458.887,2.17918,38827102750
207.995,4.80781,38831910844
472.558,2.11614,38834027799
207.577,4.81749,38838845136
465.214,2.14955,38840995321
211.838,4.72059,38845716899
463.271,2.15856,38847875459
204.118,4.89913,38852774766
472.49,2.11645,38854891869
205.669,4.86218,38859755378
483.033,2.07025,38861825840
209.249,4.77901,38866606181
458.916,2.17905,38868786005
203.44,4.91546,38873704210
485.49,2.05977,38875761866
204.607,4.88742,38880651315
482.714,2.07162,38882722711
210.557,4.7493,38887471858
458.679,2.18018,38889652523
207.413,4.82129,38894475044
484.895,2.0623,38896537575
204.483,4.89039,38901429363
474.165,2.10897,38903537655
206.86,4.83418,38908372986
473.062,2.11389,38910487087
208.048,4.80659,38915294720
476.394,2.0991,38917392922
207.588,4.81722,38922211502
473.731,2.1109,38924322019
208.683,4.79196,38929114940
462.883,2.16037,38931275624
212.075,4.71531,38935991550
456.212,2.19196,38938184289
206.173,4.8503,38943035097
465.561,2.14795,38945183079
209.469,4.77398,38949958067
474.464,2.10764,38952065417
203.344,4.91778,38956985149
463.169,2.15904,38959143765
213.101,4.69262,38963837195
458.909,2.17908,38966016344
209.627,4.77038,38970787651
447.098,2.23664,38973024322
212.815,4.69892,38977724020
475.706,2.10214,38979826337
203.699,4.90922,38984736014
467.227,2.14029,38986876685
209.258,4.7788,38991655793
467.649,2.13836,38993794768
209.368,4.77628,38998571822
462.543,2.16196,39000734499
209.28,4.77829,39005513629
464.895,2.15103,39007663683
206.173,4.85029,39012514748
696.336,1.43609,39013952159
180.795,5.53114,39019483507
688.2,1.45307,39020935961
183.059,5.46271,39026400108
692.139,1.4448,39027845130
183.644,5.44531,39033291362
702.706,1.42307,39034713964
181.139,5.52064,39040235354
687.09,1.45541,39041690745
181.982,5.49505,39047186722
727.819,1.37397,39048561082
180.012,5.55518,39054117066
724.91,1.37948,39055495972
177.959,5.61926,39061116388
700.647,1.42725,39062544553
182.465,5.48051,39068025032
686.19,1.45732,39069483263
185.294,5.39684,39074881078
652.438,1.53271,39076413134
182.381,5.48302,39081897955
679.847,1.47092,39083367941
182.713,5.47308,39088843256
657.161,1.5217,39090364410
184.274,5.42671,39095793360
676.078,1.47912,39097270535
183.289,5.45588,39102727913
710.72,1.40702,39104134773
180.96,5.52607,39109661813
634.253,1.57666,39111238716
183.265,5.45659,39116696436
697.036,1.43465,39118131072
181.726,5.5028,39123636409
668.759,1.49531,39125129819
182.482,5.47999,39130611297
693.732,1.44148,39132051760
172.234,5.80605,39137863040
679.189,1.47234,39139334284
198.013,5.05017,39144386190
707.155,1.41412,39145800335
181.123,5.52111,39151324310
693.71,1.44152,39152764797
179.254,5.57868,39158346535
712.87,1.40278,39159746953
182.155,5.48983,39165239207
698.945,1.43073,39166670947
177.777,5.62503,39172300253
728.195,1.37326,39173670947
180.351,5.54475,39179216105
681.709,1.4669,39180682649
186.525,5.36122,39186045969
672.925,1.48605,39187531549
179.776,5.56249,39193094764
677.96,1.47501,39194570131
186.125,5.37274,39199944769
652.652,1.53221,39201476667
183.568,5.44758,39206924284
621.223,1.60973,39208534279
186.009,5.37608,39213911105
697.624,1.43344,39215344984
184.237,5.4278,39220773238
648.99,1.54086,39222313924
184.237,5.42778,39227744460
705.698,1.41704,39229160958
180.843,5.52967,39234690828
682.343,1.46554,39236156847
181.355,5.51406,39241671589
676.127,1.47901,39243150495
183.567,5.4476,39248598290
688.631,1.45216,39250050812
182.459,5.48067,39255533407
693.155,1.44268,39256978279
183.472,5.45043,39262427429
698.086,1.43249,39263858866
179.155,5.58176,39269441470
691.586,1.44595,39270888301
181.233,5.51775,39276406404
727.363,1.37483,39277781241
179.294,5.57744,39283360155
711.475,1.40553,39284765564
180.857,5.52922,39290296008
701.739,1.42503,39291720815
182.623,5.47575,39297197654
730.122,1.36963,39298567275
178.725,5.59519,39304163966
651.497,1.53493,39305698336
183.457,5.45086,39311151038
692.931,1.44315,39312594137
181.579,5.50724,39318102964
708.48,1.41147,39319514181
186.178,5.37121,39324886572
605.373,1.65187,39326538985
186.102,5.3734,39331913678
690.504,1.44822,39333361000
180.229,5.5485,39338911966
717.52,1.39369,39340304942
184.037,5.43369,39345741198
669.168,1.49439,39347234705
180.052,5.55395,39352790556
682.482,1.46524,39354255316
180.803,5.53088,39359789871
734.639,1.36121,39361149186
179.45,5.5726,39366723573
684.992,1.45987,39368183573
182.356,5.48378,39373668991
714.777,1.39904,39375066607
182.513,5.47905,39380548823
720.352,1.38821,39381936223
178.648,5.5976,39387534762
440.152,2.27194,39389806935
218.429,4.57815,39394385747
687.009,1.45559,39395841554
180.009,5.55527,39401397752
464.726,2.1518,39403549437
209.379,4.77603,39408325397
697.702,1.43328,39409759152
181.167,5.51977,39415279897
672.323,1.48738,39416766779
182.382,5.48299,39422251500
705.297,1.41784,39423668595
181.637,5.50548,39429175284
459.032,2.1785,39431353478
210.946,4.74056,39436095127
711.686,1.40511,39437499886
183.114,5.46109,39442962118
459.865,2.17455,39445136799
204.943,4.8794,39450017659
676.601,1.47798,39451495002
183.294,5.45573,39456951698
447.088,2.2367,39459190500
210.483,4.75097,39463945979
589.913,1.69517,39465641608
188.324,5.31,39470953213
681.793,1.46672,39472418558
185.785,5.38257,39477805561
643.503,1.55399,39479359622
186.853,5.35179,39484712366
654.205,1.52857,39486241504
178.359,5.60666,39491849975
522.363,1.91438,39493769019
206.422,4.84444,39498612752
710.993,1.40648,39500018716
182.274,5.48624,39505506982
468.858,2.13284,39507639660
207.617,4.81656,39512458555
685.958,1.45782,39513914173
180.364,5.54435,39519461073
457.396,2.18629,39521647036
214.699,4.65769,39526307510
695.023,1.4388,39527745999
180.688,5.53439,39533281035
503.219,1.98721,39535267899
200.968,4.97592,39540245879
703.196,1.42208,39541667410
181.087,5.52222,39547190934
485.839,2.05829,39549249864
207.1,4.82858,39554080881
754.318,1.3257,39555405766
174.729,5.72314,39561132134
678.627,1.47356,39562603967
186.345,5.3664,39567973241
705.057,1.41832,39569390413
178.323,5.60779,39575003519
510.215,1.95996,39576960432
200.611,4.98477,39581948097
797.797,1.25345,39583200890
176.003,5.68173,39588885836
689.207,1.45094,39590335131
181.584,5.50711,39595845717
424.554,2.35541,39598200163
220.204,4.54124,39602744208
562.431,1.77799,39604526365
195.702,5.10982,39609636319
751.479,1.33071,39610966241
159.83,6.25667,39617227706
696.697,1.43535,39618661334
202.922,4.92801,39623592802
695.041,1.43876,39625033751
182.637,5.47535,39630508300
440.423,2.27055,39632779865
212.466,4.70663,39637488645
793.926,1.25956,39638747868
171.703,5.824,39644573253
446.623,2.23902,39646812104
220.207,4.54118,39651355298
732.338,1.36549,39652720344
179.248,5.57886,39658300999
544.459,1.83669,39660139401
192.969,5.18218,39665324275
681.341,1.46769,39666793698
182.643,5.47515,39672270764
768.941,1.30049,39673569504
179.902,5.55857,39679130907
471.739,2.11982,39681249818
206.208,4.84947,39686104727
695.762,1.43727,39687539120
181.194,5.51895,39693061582
546.563,1.82962,39694888828
198.526,5.03712,39699926415
767.853,1.30233,39701229034
175.263,5.70571,39706936442
686.947,1.45572,39708391748
182.496,5.47956,39713872107
733.534,1.36326,39715236045
180.04,5.55432,39720791880
735.418,1.35977,39722150976
179.738,5.56365,39727715766
477.046,2.09623,39729812248
206.182,4.85009,39734663272
767.962,1.30215,39735964631
175.464,5.69918,39741665387
643.074,1.55503,39743220114
186.892,5.35069,39748571634
683.508,1.46304,39750034951
183.007,5.46426,39755500031
671.806,1.48853,39756989183
183.48,5.45019,39762440668
716.445,1.39578,39763836234
179.765,5.56281,39769400323
669.019,1.49473,39770895461
184.238,5.42775,39776323550
679.803,1.47101,39777794955
182.198,5.48852,39783284121
688.702,1.45201,39784736404
182.931,5.46653,39790203196
735.983,1.35873,39791561897
177.949,5.61959,39797182605
711.143,1.40619,39798589228
180.863,5.52904,39804119509
687.336,1.45489,39805574092
183.379,5.45318,39811028664
659.107,1.5172,39812550204
180.062,5.55365,39818102788
669.316,1.49406,39819597974
184.849,5.40981,39825009847
748.057,1.3368,39826346832
178.849,5.59132,39831940350
613.378,1.63032,39833570278
189.062,5.28926,39838860828
393.953,2.53837,39841399098
228.35,4.37924,39845780099
670.158,1.49218,39847272038
182.368,5.48342,39852761376
457.394,2.1863,39854943122
201.414,4.9649,39859915203
559.182,1.78833,39861700863
198.933,5.02682,39866734005
707.037,1.41435,39868145997
183.232,5.45756,39873609779
677.172,1.47673,39875083246
181.501,5.50961,39880597169
597.114,1.67472,39882269772
187.852,5.32333,39887595528
767.517,1.3029,39888897827
180.918,5.52737,39894425533
512.645,1.95067,39896376009
196.655,5.08504,39901462741
801.355,1.24789,39902709706
177.521,5.63314,39908344355
490.136,2.04025,39910384012
200.4,4.99001,39915375059
715.467,1.39769,39916772954
184.606,5.41694,39922190992
497.875,2.00854,39924199832
197.072,5.07429,39929274937
820.567,1.21867,39930493918
177.088,5.64691,39936142985
687.667,1.45419,39937595965
182.218,5.48792,39943084137
440.064,2.2724,39945356741
214.913,4.65304,39950011313
726.835,1.37583,39951387535
181.447,5.51124,39956899855
424.939,2.35328,39959253514
216.957,4.60921,39963863092
779.985,1.28208,39965144802
805.68,1.24119,39966386241
226.39,4.41715,39970803982
352.835,2.83418,39973639168
243.114,4.1133,39977752963
494.905,2.02059,39979773480
204.618,4.88715,39984660737
553.473,1.80677,39986468064
191.225,5.22945,39991698126
528.513,1.8921,39993590620
198.651,5.03396,39998625842
486.935,2.05366,40000679727
205.315,4.87056,40005551500
500.119,1.99952,40007550321
201.633,4.9595,40012510858
590.651,1.69305,40014204023
189.579,5.27484,40019480132
516.167,1.93736,40021417216
200.826,4.97943,40026397236
601.271,1.66314,40028061031
191.599,5.21924,40033282379
382.44,2.61479,40035896695
229.452,4.35822,40040256202
571.771,1.74895,40042004183
190.976,5.23627,40047242831
427.852,2.33726,40049578814
219.391,4.55808,40054138175
600.468,1.66537,40055803005
190.02,5.26262,40061067291
628.838,1.59023,40062657070
186.763,5.35439,40068013379
651.937,1.53389,40069546475
183.526,5.44883,40074996386
720.85,1.38725,40076383471
235.467,4.24688,40080631699
334.286,2.99145,40083622957
192.156,5.20411,40088828306
599.952,1.6668,40090494485
184.602,5.41705,40095913502
683.207,1.46369,40097376977
185.098,5.40254,40102780866
643.127,1.5549,40104335336
186.497,5.36201,40109699756
436.754,2.28962,40111988107
211.73,4.72299,40116713165
646.309,1.54725,40118260546
188.511,5.30472,40123565709
445.305,2.24565,40125814559
211.557,4.72685,40130539953
651.602,1.53468,40132074167
184.794,5.41142,40137487717
441.377,2.26564,40139753414
213.07,4.69328,40144446689
742.812,1.34624,40145792859
284.071,3.52024,40149314735
297.037,3.36659,40152680852
256.565,3.89764,40156579278
356.012,2.8089,40159388109
298.97,3.34482,40162733257
301.231,3.31971,40166054365
248.595,4.0226,40170077509
363.716,2.7494,40172827483
267.544,3.7377,40176566176
299.083,3.34356,40179910224
251.04,3.98342,40183894469
362.481,2.75876,40186652680
273.705,3.65356,40190306937
296.832,3.3689,40193676241
292.06,3.42396,40197101018
257.087,3.88973,40200991558
317.136,3.15322,40204146081
296.086,3.3774,40207523291
316.111,3.16345,40210686831
241.168,4.14649,40214833991
330.344,3.02715,40217861996
275.33,3.63201,40221493850
297.267,3.36398,40224858827
244.067,4.09724,40228956531
345.18,2.89704,40231854420
290.558,3.44165,40235295944
310.021,3.22558,40238522072
289.936,3.44904,40241971072
253.465,3.94532,40245917508
334.131,2.99284,40248910392
297.328,3.36329,40252274728
293.317,3.40928,40255684004
254.996,3.92164,40259607199
340.365,2.93802,40262544941
301.553,3.31617,40265862384
275.156,3.6343,40269496021
321.798,3.10754,40272603938
238.671,4.18987,40276794828
368.626,2.71277,40279508108
256.909,3.89243,40283400754
343.543,2.91084,40286312256
239.143,4.18161,40290494775
375,2.66667,40293162235
249.055,4.01518,40297177968
359.896,2.77858,40299956479
241.676,4.13778,40304095259
381.132,2.62376,40306719395
228.387,4.37854,40311098328
394.163,2.53702,40313636019
224.977,4.4449,40318081150
303.054,3.29974,40321382017
273.589,3.65512,40325037948
398.101,2.51192,40327549368
226.908,4.40708,40331958197
328.723,3.04208,40335000399
254.923,3.92275,40338923193
420.331,2.37908,40341302679
221.535,4.51397,40345817727
323.774,3.08857,40348907363
261.838,3.81916,40352726493
417.321,2.39624,40355123221
215.498,4.64042,40359765497
361.194,2.76859,40362533179
241.375,4.14294,40366677638
468.999,2.1322,40368809550
208.721,4.79109,40373602571
379.908,2.63222,40376235407
224.272,4.45887,40380695800
435.988,2.29364,40382988738
217.954,4.58812,40387578658
515.151,1.94118,40389518387
200.737,4.98164,40394501263
508.704,1.96578,40396467765
201.471,4.96348,40401432403
533.426,1.87467,40403307212
197.551,5.06198,40408370590
428.51,2.33367,40410703802
219.728,4.55108,40415256394
573.465,1.74379,40416999716
191.926,5.21033,40422211067
450.981,2.21739,40424429062
212.314,4.71001,40429139879
644.256,1.55218,40430692566
283.114,3.53215,40434225325
310.384,3.22182,40437446723
239.277,4.17926,40441627728
367.046,2.72445,40444351693
289.991,3.44838,40447800853
294.574,3.39473,40451195366
239.674,4.17234,40455368455
358.387,2.79028,40458158674
288.471,3.46656,40461626550
281.656,3.55043,40465177721
240.833,4.15225,40469330296
402.47,2.48466,40471815131
290.35,3.44412,40475259646
299.167,3.34262,40478602844
275.56,3.62898,40482232685
252.621,3.95849,40486191118
324.3,3.08357,40489275344
293.126,3.4115,40492686953
298.097,3.35461,40496042961
238.912,4.18565,40500228914
186.277,5.36835,40505597599
498.694,2.00524,40507602985
204.029,4.90127,40512506602
696.556,1.43563,40513941753
382.799,2.61233,40516554545
281.757,3.54915,40520104512
304.793,3.28091,40523385651
285.817,3.49874,40526885203
242.95,4.11607,40531002863
343.756,2.90904,40533912081
300.72,3.32535,40537237689
294.252,3.39844,40540636208
243.456,4.10751,40544744423
336.482,2.97193,40547716746
308.881,3.23749,40550954881
280.997,3.55876,40554514346
322.041,3.1052,40557619861
231.628,4.31727,40561937977
357.315,2.79865,40564737778
293.673,3.40515,40568144285
289.054,3.45956,40571604137
238.568,4.19167,40575796785
374.775,2.66827,40578465442
284.067,3.52029,40581985969
311.063,3.21478,40585201572
241.66,4.13805,40589340053
375.584,2.66252,40592003179
263.886,3.78952,40595793425
325.114,3.07584,40598869900
257.675,3.88086,40602751712
279.825,3.57366,40606325761
294.396,3.39679,40609722328
364.559,2.74304,40612465492
237.087,4.21786,40616683944
303.911,3.29044,40619975819
274.409,3.6442,40623619718
349.258,2.86321,40626485415
243.794,4.10182,40630586266
294.331,3.39753,40633984816
282.186,3.54376,40637528605
365.342,2.73716,40640266460
238.581,4.19144,40644458205
424.887,2.35356,40646812185
216.768,4.61323,40651426285
451.745,2.21364,40653640418
211.774,4.72201,40658362683
422.934,2.36444,40660727293
219.882,4.54788,40665276757
458.279,2.18208,40667458579
210.782,4.74424,40672203321
466.626,2.14304,40674346289
207.625,4.81638,40679164045
513.304,1.94816,40681112138
200.739,4.98159,40686093747
556.498,1.79695,40687891036
194.313,5.14632,40693038164
439.541,2.2751,40695313603
213.136,4.69184,40700006503
516.764,1.93512,40701941170
203.708,4.90899,40706850657
436.008,2.29354,40709145167
212.267,4.71104,40713857162
665.191,1.50333,40715360953
294.206,3.39898,40718760712
295.158,3.38801,40722148987
246.571,4.05563,40726204786
362.021,2.76227,40728967190
272.707,3.66694,40732634749
303.338,3.29665,40735931534
244.299,4.09335,40740025669
358.581,2.78877,40742814681
265.453,3.76714,40746583205
325.231,3.07473,40749657786
250.306,3.9951,40753653685
363.66,2.74982,40756403729
292.017,3.42446,40759833429
293.993,3.40144,40763235827
283.094,3.5324,40766768806
248.46,4.02479,40770794267
358,2.7933,40773588164
289.984,3.44847,40777036047
298.394,3.35127,40780388161
242.137,4.1299,40784519285
344.759,2.90058,40787419592
312.641,3.19856,40790618983
302.134,3.30979,40793929378
279.214,3.58148,40797512252
255.444,3.91475,40801427188
324.265,3.0839,40804511436
303.362,3.29639,40807808617
290.03,3.44792,40811256281
247.499,4.04042,40815298114
362.447,2.75902,40818057317
297.301,3.36359,40821421648
272.666,3.6675,40825089940
267.706,3.73545,40828826525
302.498,3.30581,40832132157
321.559,3.10985,40835242268
269.628,3.70881,40838952526
322.916,3.09678,40842049857
236.319,4.23157,40846282057
389.144,2.56974,40848851428
253.38,3.94664,40852798696
340.295,2.93863,40855737958
235.648,4.24362,40859984325
286.777,3.48703,40863470868
310.801,3.21749,40866688834
345.269,2.89629,40869585878
216.924,4.6099,40874197708
362.461,2.75892,40876957675
276.89,3.61155,40880570049
270.883,3.69163,40884263296
260.371,3.84067,40888104992
271.501,3.68322,40891789258
293.808,3.40358,40895194379
246.687,4.05372,40899248904
357.084,2.80046,40902050149
257.897,3.87752,40905928928
417.918,2.39281,40908321811
262.16,3.81446,40912137438
277.449,3.60426,40915743378
285.168,3.50671,40919250678
251.707,3.97287,40923224128
388.022,2.57717,40925802970
197.821,5.05509,40930859810
189.225,5.28473,40936147968
423.349,2.36212,40938509085
222.755,4.48924,40943000195
430.744,2.32157,40945322406
214.145,4.66974,40949995360
420.725,2.37685,40952370179
218.682,4.57285,40956943838
425.327,2.35113,40959295114
217.196,4.60414,40963901080
414.76,2.41103,40966311406
219.85,4.54856,40970860644
415.62,2.40604,40973267061
221.976,4.505,40977774902
437.606,2.28516,40980058749
211.583,4.72627,40984786903
463.977,2.15528,40986941277
210.685,4.74642,40991689521
633.975,1.57735,40993265855
686.434,1.4568,40994723605
260.607,3.83719,40998561431
455.1,2.19732,41000758014
207.682,4.81505,41005575227
502.664,1.9894,41007563933
202.599,4.93586,41012501432
572.79,1.74584,41014246093
192.175,5.20358,41019450862
637.627,1.56831,41021018797
185.916,5.37876,41026399313
573.444,1.74385,41028142852
192.658,5.19054,41033334885
636.095,1.57209,41034905948
265.067,3.77263,41038679598
358.905,2.78625,41041466137
290.312,3.44457,41044910942
294.612,3.39429,41048306074
293.035,3.41256,41051718887
256.983,3.8913,41055610893
356.905,2.80187,41058412938
284.254,3.51798,41061932685
286.065,3.49571,41065427973
263.894,3.7894,41069218088
350.367,2.85415,41072072185
288.745,3.46326,41075536124
306.834,3.25909,41078795880
290.469,3.44271,41082238723
251.166,3.98143,41086220419
346.581,2.88532,41089106223
267.212,3.74235,41092850537
288.741,3.46332,41096314011
255.228,3.91806,41100232752
335.694,2.9789,41103211644
300.742,3.32511,41106537448
278.442,3.59141,41110130540
248.875,4.01808,41114149190
338.768,2.95187,41117101289
292.913,3.41398,41120516946
284.894,3.51008,41124026577
287.412,3.47933,41127509193
238.747,4.18853,41131695669
392.62,2.54699,41134242682
220.759,4.52982,41138776727
258.318,3.87119,41142647658
318.613,3.13861,41145786839
301.404,3.31781,41149106588
292.204,3.42227,41152529097
289.727,3.45153,41155983102
229.504,4.35722,41160340760
204.159,4.89813,41165240765
434.698,2.30045,41167540850
210.42,4.75241,41172295373
694.891,1.43907,41173733436
275.207,3.63364,41177368579
386.42,2.58786,41179956057
304.036,3.28908,41183245715
298.35,3.35176,41186597954
241.505,4.14071,41190739485
340.116,2.94018,41193679937
306.312,3.26465,41196945138
283.785,3.52379,41200469794
245.643,4.07095,41204540958
341.742,2.92619,41207467927
303.212,3.29802,41210765826
290.837,3.43835,41214204645
299.933,3.33408,41217539649
240.297,4.16152,41221702161
352.614,2.83597,41224538772
288.412,3.46727,41228006305
301.809,3.31336,41231320134
238.987,4.18433,41235506799
355.837,2.81027,41238316873
287.399,3.47948,41241796150
304.797,3.28087,41245078233
251.433,3.97721,41249056572
355.07,2.81634,41251873443
274.64,3.64113,41255514878
279.118,3.58272,41259098150
295.409,3.38514,41262483586
244.855,4.08405,41266568772
350.46,2.85339,41269422009
296.293,3.37504,41272799072
280.709,3.56241,41276360578
264.712,3.77769,41280139400
314.806,3.17656,41283315563
288.226,3.46949,41286786797
287.45,3.47887,41290265714
240.568,4.15684,41294424206
353.292,2.83052,41297253876
302.722,3.30336,41300558155
279.033,3.58381,41304142230
318.931,3.13547,41307277724
244.546,4.08921,41311368597
362.13,2.76144,41314129968
260.09,3.84483,41317974817
322.389,3.10185,41321077173
244.979,4.08198,41325159886
358.321,2.79079,41327950601
254.465,3.92982,41331881832
354.891,2.81777,41334699562
242.314,4.12688,41338827356
360.502,2.77391,41341601772
238.078,4.2003,41345802187
362.065,2.76193,41348564297
238.866,4.18644,41352751889
310.103,3.22474,41355976889
269.035,3.71699,41359695883
315.164,3.17295,41362869996
264.999,3.77361,41366643749
294.422,3.39649,41370040706
281.31,3.5548,41373595534
362.695,2.75714,41376353973
233.162,4.28886,41380644910
296.317,3.37477,41384019450
276.395,3.61801,41387639231
396.381,2.52283,41390160734
230.307,4.34202,41394504298
395.833,2.52632,41397030676
228.704,4.37246,41401404041
427.182,2.34092,41403744351
215.294,4.64482,41408390885
455.12,2.19722,41410587063
210.377,4.75337,41415342163
477.866,2.09264,41417434037
207.334,4.82315,41422257996
490.691,2.03794,41424295993
203.367,4.91721,41429214348
441.105,2.26704,41431480883
214.821,4.65503,41436137468
489.251,2.04394,41438181237
204.141,4.89858,41443080039
398.811,2.50745,41445588499
222.644,4.49147,41450081142
544.466,1.83666,41451917383
199.717,5.00707,41456924947
431.214,2.31903,41459244673
214.671,4.6583,41463903598
552.317,1.81056,41465713963
195.799,5.10727,41470822778
593.614,1.68459,41472506835
261.696,3.82123,41476328786
356.258,2.80695,41479136193
288.913,3.46125,41482598287
296.845,3.36877,41485967138
249.628,4.00595,41489974313
329.872,3.03148,41493005640
287.932,3.47304,41496479349
294.707,3.3932,41499872612
252.443,3.9613,41503835083
359.481,2.78179,41506616919
292.627,3.41732,41510035222
295.913,3.37937,41513414942
297.639,3.35977,41516775032
253.166,3.94997,41520726309
342.563,2.91917,41523646269
288.35,3.46801,41527114115
293.118,3.41159,41530526413
249.399,4.00964,41534536328
354.938,2.81739,41537353950
291.828,3.42668,41540781647
306.881,3.25859,41544039950
283.999,3.52114,41547562170
243.336,4.10954,41551672187
358.215,2.79162,41554464682
293.081,3.41202,41557877244
281.742,3.54935,41561427396
259.785,3.84933,41565276810
330.861,3.02242,41568299387
299.175,3.34252,41571643128
268.484,3.72461,41575368500
242.14,4.12984,41579499226
356.515,2.80493,41582304950
297.927,3.35652,41585661878
286.337,3.49239,41589153766
293.607,3.40591,41592560455
245.431,4.07447,41596636005
365.425,2.73654,41599372334
291.31,3.43277,41602805552
296.548,3.37213,41606178673
247.099,4.04697,41610225604
375.646,2.66208,41612887640
261.239,3.82792,41616716488
322.923,3.09671,41619813631
232.788,4.29576,41624110694
349.287,2.86297,41626973504
270.87,3.6918,41630667673
320.224,3.12282,41633788784
266.874,3.74709,41637536950
284.787,3.51139,41641049657
289.209,3.4577,41644507724
361.422,2.76685,41647274343
238.11,4.19974,41651476050
317.509,3.14952,41654625776
267.538,3.73778,41658364378
372.471,2.68477,41661049225
234.553,4.26342,41665314022
280.48,3.56532,41668882142
294.024,3.40108,41672282848
364.074,2.74669,41675030058
239.326,4.17841,41679209398
335.048,2.98464,41682194428
238.943,4.18511,41686381367
358.295,2.791,41689172030
255.027,3.92115,41693095800
284.132,3.51949,41696615988
280.787,3.56141,41700176891
345.303,2.89601,41703073522
257.787,3.87918,41706953561
314.921,3.1754,41710130025
237.743,4.20623,41714338060
381.9,2.61848,41716956051
255.08,3.92034,41720878000
291.53,3.43018,41724309196
284.107,3.5198,41727829221
268.451,3.72508,41731555356
311.365,3.21166,41734766488
288.786,3.46277,41738231632
282.829,3.53571,41741767369
276.666,3.61447,41745383551
295.084,3.38886,41748773469
311.83,3.20687,41751981846
275.109,3.63492,41755617473
262.135,3.81483,41759434042
40.4153,24.7431,41784177435
607.966,1.64483,41785823138
212.33,4.70965,41790538435
701.177,1.42617,41791962017
504.102,1.98372,41793948353
310.399,3.22165,41797170678
303.733,3.29237,41800463199
244.331,4.09281,41804557228
376.864,2.65348,41807210613
258.009,3.87584,41811088413
331.439,3.01714,41814104921
254.381,3.93111,41818037991
276.848,3.61209,41821650637
301.162,3.32047,41824971016
334.501,2.98953,41827960800
249.686,4.00504,41831967013
287.974,3.47253,41835440579
286.382,3.49184,41838932642
351.948,2.84133,41841774209
245.044,4.0809,41845855911
293.755,3.4042,41849260503
284.363,3.51663,41852777465
375.547,2.66278,41855440253
235,4.25531,41859696504
321.081,3.11448,41862813516
260.865,3.83341,41866647283
368.683,2.71235,41869359062
233.368,4.28509,41873646311
403.656,2.47735,41876123764
220.876,4.52743,41880654869
352.153,2.83967,41883493821
242.922,4.11655,41887612158
406.172,2.46201,41890073281
60.1797,16.6169,41906692559
11.853,84.367,41991060722
2198.08,0.454942,41991513452
140.276,7.12881,41998647423
572.304,1.74732,42000393152
192.174,5.20362,42005599612
551.949,1.81176,42007410942
193.673,5.16333,42012576042
377.046,2.6522,42015229666
236.691,4.22492,42019456616
537.435,1.86069,42021317419
197.098,5.07362,42026393633
554.812,1.80241,42028194550
193.176,5.17662,42033373031
566.251,1.766,42035138852
195.018,5.12773,42040267666
531.921,1.87998,42042147514
195.644,5.11132,42047259557
542.361,1.84379,42049103079
196.091,5.09967,42054203217
557.192,1.79471,42055998087
196.179,5.0974,42061096898
552.83,1.80887,42062905964
194.33,5.14589,42068052360
553.396,1.80702,42069859713
192.947,5.18277,42075043252
548.555,1.82297,42076865524
195.32,5.11981,42081987339
561.555,1.78077,42083766812
193.633,5.16442,42088932830
550.673,1.81596,42090749140
192.551,5.19342,42095944243
562.506,1.77776,42097721451
196.724,5.08328,42102806459
526.591,1.89901,42104705010
198.299,5.04288,42109748287
513.92,1.94583,42111694724
198.687,5.03303,42116728421
514.73,1.94277,42118671002
198.763,5.03111,42123703511
536.404,1.86426,42125567593
197.574,5.06139,42130630567
517.839,1.9311,42132563482
200.906,4.97746,42137540768
562.218,1.77867,42139319013
192.115,5.20521,42144524569
554.631,1.803,42146328214
193.384,5.17105,42151500582
550.436,1.81674,42153316395
197.977,5.05108,42158369080
527.258,1.89661,42160265973
200.591,4.98528,42165252438
531.022,1.88316,42167135971
196.346,5.09305,42172230859
531.005,1.88322,42174113534
196.07,5.10023,42179214180
544.345,1.83707,42181051796
195.976,5.10266,42186156004
544.082,1.83796,42187994848
196.116,5.09901,42193094371
520.543,1.92107,42195015201
201.686,4.9582,42199974093
551.017,1.81483,42201789704
193.687,5.16297,42206952746
543.773,1.839,42208792299
194.916,5.13042,42213923296
540.367,1.85059,42215775028
196.218,5.09636,42220872426
529.886,1.8872,42222759255
197.861,5.05406,42227814957
522.361,1.91438,42229729485
200.335,4.99163,42234722940
535.446,1.8676,42236590141
194.253,5.14792,42241738659
518.416,1.92895,42243667751
199.824,5.0044,42248673688
510.593,1.95851,42250631551
200.463,4.98845,42255622827
542.608,1.84295,42257464844
197.742,5.05709,42262522889
536.213,1.86493,42264388318
196.505,5.08893,42269478630
540.37,1.85058,42271330623
193.128,5.17792,42276509753
548.034,1.8247,42278333642
196.912,5.07842,42283413793
544.299,1.83722,42285251459
194.306,5.14653,42290399423
531.537,1.88134,42292280912
197.579,5.06125,42297343920
516.73,1.93525,42299279436
201.489,4.96304,42304244974
542.013,1.84497,42306087190
198.759,5.03121,42311120952
513.257,1.94834,42313070254
198.682,5.03317,42318102495
533.32,1.87505,42319977769
194.476,5.14201,42325120745
538.008,1.85871,42326979700
198.752,5.03139,42332012054
556.444,1.79713,42333808393
194.257,5.14783,42338957867
547.089,1.82786,42340786009
193.702,5.16256,42345949613
554.141,1.8046,42347753980
196.548,5.08782,42352842811
524.837,1.90535,42354747949
201.926,4.95232,42359702068
509.827,1.96145,42361665100
196.107,5.09925,42366765119
545.07,1.83463,42368598629
196.875,5.07938,42373678287
540.468,1.85025,42375528671
194.238,5.14831,42380681712
528.491,1.89218,42382573538
197.869,5.05384,42387631596
540.743,1.84931,42389478746
199.271,5.01829,42394497306
531.767,1.88052,42396378515
197.014,5.07579,42401455204
538.959,1.85543,42403310805
196.273,5.09495,42408406218
554.054,1.80488,42410210722
194.62,5.13823,42415351017
541.453,1.84688,42417198100
197.916,5.05265,42422251680
549.107,1.82114,42424072545
194.857,5.13198,42429204471
509.356,1.96326,42431168384
201.388,4.96554,42436135581
557.714,1.79303,42437928495
193.941,5.15622,42443085061
550.484,1.81658,42444902277
194.349,5.14538,42450048910
546.892,1.82852,42451877130
195.33,5.11953,42456997215
551.7,1.81258,42458809638
194.697,5.13618,42463946605
543.904,1.83856,42465786008
197.987,5.05084,42470836793
525.847,1.90169,42472738584
200.556,4.98614,42477726989
523.67,1.9096,42479636132
194.382,5.1445,42484782275
517.905,1.93086,42486712020
198.952,5.02634,42491739029
520.041,1.92293,42493662520
199.204,5.01998,42498683773
530.078,1.88652,42500569796
198.05,5.04922,42505620586
537.494,1.86048,42507480351
194.739,5.13507,42512617271
545.233,1.83408,42514451301
196.568,5.08731,42519539210
557.771,1.79285,42521332096
192.666,5.19032,42526524474
534.806,1.86984,42528393288
176.64,5.66123,42534056495
536.812,1.86285,42535918556
225.054,4.44337,42540362985
536.588,1.86363,42542226994
200.568,4.98583,42547214131
518.817,1.92746,42549142121
193.961,5.15567,42554297964
524.957,1.90492,42556203349
202.803,4.9309,42561136525
515.565,1.93962,42563075243
198.951,5.02636,42568102621
541.634,1.84626,42569948451
193.814,5.15959,42575109503
537.817,1.85937,42576968857
200.018,4.99955,42581970938
531.817,1.88034,42583855900
196.078,5.10001,42588951490
528.433,1.89239,42590844607
199.004,5.02502,42595870007
511.103,1.95655,42597827261
199.214,5.01973,42602847401
505.998,1.97629,42604823532
201.138,4.97171,42609796486
526.291,1.90009,42611696221
196.469,5.08985,42616786972
535.56,1.8672,42618654103
198.689,5.03299,42623687688
547.244,1.82734,42625514674
195.534,5.11419,42630630368
533.986,1.87271,42632503021
196.173,5.09753,42637603967
532.39,1.87832,42639479724
200.058,4.99854,42644480230
541.253,1.84757,42646326885
193.482,5.16845,42651496603
509.165,1.964,42653460307
202.911,4.92826,42658389055
530.558,1.88481,42660275583
199.707,5.00733,42665281900
519.115,1.92636,42667208541
196.551,5.08775,42672297036
525.473,1.90305,42674200772
201.447,4.96408,42679166270
546.839,1.82869,42680995224
194.173,5.15004,42686146245
498.203,2.00721,42688152764
200.648,4.98385,42693138006
546.824,1.82874,42694966705
194.22,5.1488,42700116914
531.526,1.88137,42701997703
198.728,5.03199,42707031624
523.09,1.91172,42708942920
198.446,5.03915,42713983188
551.904,1.81191,42715794540
196.483,5.0895,42720885851
516.513,1.93606,42722820593
200.372,4.99071,42727812713
529.954,1.88696,42729699343
195.544,5.11394,42734815384
535.141,1.86867,42736683565
198.346,5.04169,42741726290
527.702,1.89501,42743620657
197.514,5.06294,42748685580
527.201,1.89681,42750582612
199.358,5.0161,42755599238
547.207,1.82746,42757426060
193.914,5.15692,42762585056
501.342,1.99465,42764579398
199.853,5.00367,42769584118
551.164,1.81434,42771398275
197.25,5.06972,42776469974
529.436,1.8888,42778360183
199.426,5.01439,42783375915
507.563,1.9702,42785347065
202.186,4.94593,42790295257
545.063,1.83465,42792130495
189.067,5.28914,42797425983
510.239,1.95987,42799388595
204.941,4.87945,42804268541
560.243,1.78494,42806052397
196.838,5.08032,42811133241
425.29,2.35134,42813483763
215.471,4.641,42818128244
554.438,1.80363,42819930970
196.062,5.10044,42825034423
498.184,2.00729,42827042410
202.518,4.93782,42831983606
551.563,1.81303,42833795529
180.975,5.52561,42839323255
522.015,1.91565,42841239057
216.727,4.6141,42845859022
529.522,1.88849,42847743721
196.195,5.09698,42852843349
517.805,1.93123,42854774315
199.258,5.01863,42859795783
467.083,2.14095,42861939035
206.476,4.84318,42866785810
553.724,1.80595,42868589733
197.893,5.05324,42873644985
452.926,2.20787,42875864439
210.348,4.75403,42880609711
526.356,1.89985,42882509734
151.082,6.6189,42889134821
505.203,1.9794,42891110817
299.692,3.33676,42894448365
536.016,1.86562,42896313652
195.28,5.12084,42901436083
514.587,1.94331,42903378791
199.602,5.00996,42908389258
545.941,1.8317,42910221149
194.299,5.1467,42915370499
490.3,2.03957,42917408923
203.779,4.90727,42922317347
546.889,1.82852,42924144840
195.202,5.12289,42929269502
531.288,1.88222,42931150816
200.889,4.97787,42936129630
541.798,1.84571,42937976184
197.739,5.05716,42943034426
529.556,1.88838,42944921825
197.829,5.05488,42949980198
532.986,1.87622,42951864844
197.029,5.07541,42956930325
509.312,1.96343,42958893339
199.29,5.01783,42963912370
144.103,6.93949,42970853203
144.061,6.94151,42977795759
143.589,6.96433,42984760386
143.143,6.98602,42991746902
145.374,6.87882,42998626788
142.956,6.99515,43005621577
144.303,6.92987,43012552911
145.037,6.89478,43019448096
142.783,7.00362,43026459466
145.173,6.88835,43033342126
142.289,7.02797,43040374628
144.9,6.90133,43047277535
142.905,6.99768,43054276310
143.394,6.97377,43061254038
144.964,6.89827,43068154922
144.934,6.89971,43075051767
143.033,6.99138,43082051860
144.071,6.94103,43088987306
146.181,6.84082,43095830165
140.589,7.11294,43102943084
145.625,6.86695,43109810530
143.045,6.99081,43116803459
143.865,6.95096,43123754567
143.643,6.96168,43130716958
146.421,6.82962,43137547947
142.005,7.04202,43144597948
147.133,6.79658,43151390689
141.929,7.04579,43158441737
145.891,6.85443,43165295142
143.233,6.98161,43172279295
143.558,6.96584,43179245059
143.083,6.98895,43186234632
145.453,6.87506,43193110515
143.078,6.98919,43200099765
145.698,6.86353,43206964787
143.814,6.95343,43213919691
145.276,6.88344,43220802694
142.895,6.99814,43227801175
143.847,6.95184,43234754810
143.329,6.97693,43241731014
144.007,6.94412,43248677201
143.244,6.98107,43255658124
144.389,6.92572,43262584383
143.163,6.98504,43269570251
145.46,6.87473,43276446410
142.004,7.04204,43283489618
144.06,6.94154,43290430732
145.817,6.8579,43297289257
142.859,6.9999,43304289756
147.075,6.79924,43311091004
144.246,6.93259,43318023185
142.031,7.04073,43325063884
143.561,6.96567,43332030628
145.658,6.86539,43338897264
143.997,6.94459,43345841831
142.474,7.01883,43352865227
144.01,6.94394,43359809628
142.871,6.9993,43366812145
145.4,6.87758,43373688597
143.329,6.97697,43380668087
142.597,7.01279,43387682399
586.553,1.70487,43389387629
194.81,5.1332,43394521287
571.32,1.75033,43396270350
191.415,5.22426,43401495710
556.653,1.79645,43403293574
195.206,5.12279,43408416260
143.419,6.97259,43415391000
144.168,6.93637,43422330267
143.933,6.94766,43429277903
145.035,6.8949,43436172437
535.652,1.86688,43438039149
195.123,5.12497,43443165661
589.864,1.69531,43444864905
192.529,5.19402,43450055874
597.16,1.67459,43451730042
186.839,5.3522,43457084438
600.858,1.66429,43458747728
194.905,5.13071,43463879609
558.773,1.78963,43465669146
191.485,5.22234,43470891855
560.056,1.78553,43472677472
193.899,5.15732,43477835448
546.689,1.82919,43479664707
195.11,5.12531,43484791607
573.253,1.74443,43486536009
192.679,5.18998,43491726565
610.289,1.63857,43493364753
187.266,5.33999,43498705370
624.249,1.60192,43500308032
186.428,5.36401,43505672381
620.158,1.61249,43507285683
186.632,5.35815,43512644523
580.066,1.72394,43514368914
191.573,5.21994,43519588698
565.796,1.76742,43521356504
194.29,5.14696,43526504005
650.71,1.53678,43528041339
185.107,5.40228,43533443874
582.42,1.71697,43535161454
194.454,5.14259,43540305345
560.386,1.78448,43542089225
191.219,5.22961,43547320101
573.44,1.74386,43549063793
572.179,1.7477,43550811395
294.434,3.39634,43554208418
518.234,1.92963,43556138259
258.138,3.87389,43560012820
319.335,3.13151,43563144722
302.12,3.30995,43566455423
271.471,3.68364,43570139272
256.209,3.90306,43574043730
360.514,2.77381,43576817378
295.131,3.38832,43580206044
291.024,3.43615,43583642535
283.797,3.52364,43587167042
255.193,3.91861,43591086394
356.663,2.80377,43593890925
271.235,3.68684,43597578897
295.99,3.37849,43600958425
242.51,4.12354,43605081486
348.882,2.8663,43607948054
297.871,3.35715,43611305925
295.009,3.38973,43614695580
244.041,4.09767,43618794436
329.225,3.03744,43621831699
270.28,3.69987,43625532620
299.304,3.34109,43628874053
277.368,3.60532,43632478893
256.8,3.89408,43636374058
322.657,3.09927,43639473086
298.39,3.35131,43642824970
287.655,3.47638,43646303901
250.923,3.98528,43650289026
343.996,2.90701,43653196187
301.978,3.3115,43656507726
302.069,3.31051,43659819071
262.468,3.80999,43663629526
328.917,3.04028,43666670375
279.646,3.57595,43670246759
280.644,3.56324,43673810377
295.227,3.38722,43677198092
259.871,3.84806,43681047439
350.009,2.85707,43683904370
292.506,3.41873,43687323300
311.802,3.20717,43690531803
240.275,4.16189,43694694153
337.57,2.96235,43697656019
274.309,3.64552,43701301931
304.156,3.28779,43704590787
237.251,4.21495,43708807796
336.002,2.97618,43711783131
292.819,3.41508,43715198258
298.876,3.34587,43718544590
293.211,3.41051,43721955260
262.284,3.81266,43725768663
334.846,2.98645,43728755257
298.554,3.34948,43732104730
279.931,3.57231,43735676857
240.619,4.15595,43739834939
346.003,2.89015,43742724722
292.436,3.41955,43746145756
292.617,3.41744,43749563171
253.481,3.94507,43753508874
333.959,2.99438,43756503287
304.492,3.28416,43759787363
275.529,3.62938,43763417558
294.49,3.3957,43766813916
248.122,4.03028,43770844432
350.778,2.85081,43773695776
290.765,3.43921,43777135014
293.023,3.4127,43780548228
250.166,3.99734,43784545989
367.947,2.71778,43787263760
276.718,3.61378,43790878208
303.903,3.29053,43794168936
269.132,3.71565,43797885158
256.227,3.90278,43801789591
345.281,2.89619,43804686486
284.14,3.51939,43808205435
300.929,3.32305,43811529461
242.726,4.11988,43815649994
331.324,3.0182,43818668598
281.47,3.55278,43822221168
263.457,3.79568,43826017983
252.856,3.95482,43829973357
379.801,2.63296,43832606222
278.747,3.58749,43836194123
271.166,3.68777,43839882608
263.247,3.79871,43843682409
332.322,3.00913,43846691491
278.596,3.58943,43850281753
266.792,3.74824,43854030600
302.883,3.30161,43857331749
245.242,4.0776,43861410111
317.675,3.14787,43864565145
301.47,3.31708,43867877338
291.662,3.42863,43871306902
240.166,4.16379,43875471844
356.773,2.8029,43878275092
235.694,4.24279,43882519097
309.982,3.22599,43885746500
295.34,3.38593,43889132747
314.08,3.18391,43892316769
332.609,3.00653,43895322472
295.504,3.38405,43898707248
299.827,3.33526,43902043243
247.043,4.04788,43906093502
359.618,2.78073,43908873227
293.682,3.40504,43912279184
288.785,3.46278,43915742052
256.3,3.90168,43919644826
353.488,2.82895,43922473673
303.38,3.2962,43925770483
273.348,3.65833,43929429782
313.036,3.19452,43932623773
237.896,4.20351,43936828754
327.74,3.0512,43939879989
291.21,3.43395,43943314207
301.949,3.31182,43946626479
252.274,3.96394,43950591318
333.154,3.00162,43953592525
274.871,3.63807,43957231587
284.301,3.51739,43960748910
241.706,4.13725,43964887576
325.238,3.07467,43967962155
276.243,3.62,43971583575
310.304,3.22264,43974806854
263.737,3.79166,43978598881
331.269,3.01869,43981617612
280.881,3.56022,43985178769
288.17,3.47017,43988649176
279.829,3.57362,43992224318
260.917,3.83264,43996057729
315.719,3.16737,43999225775
299.186,3.3424,44002568049
292.83,3.41495,44005983536
262.588,3.80825,44009791831
328.116,3.0477,44012840265
282.675,3.53763,44016377599
271.653,3.68117,44020060074
260.914,3.83268,44023893593
306.536,3.26226,44027155178
315.639,3.16818,44030323475
290.183,3.4461,44033770264
278.47,3.59105,44037361549
256.638,3.89653,44041258852
338.503,2.95418,44044213967
277.327,3.60585,44047819916
278.786,3.58699,44051407358
240.656,4.15531,44055562885
380.866,2.6256,44058188415
278.09,3.59596,44061784632
278.813,3.58664,44065371935
258.073,3.87487,44069247648
332.104,3.0111,44072258785
295.101,3.38867,44075648037
286.038,3.49604,44079144135
273.772,3.65268,44082797771
262.449,3.81026,44086609354
315.475,3.16982,44089779635
302.104,3.31012,44093089930
282.562,3.53904,44096630976
267.762,3.73467,44100366146
307.239,3.2548,44103624286
255.411,3.91526,44107540002
266.237,3.75606,44111297355
253.377,3.94669,44115246292
370.384,2.6999,44117947320
260.157,3.84384,44121794035
291.016,3.43623,44125229435
360.533,2.77367,44128005604
223.365,4.47697,44132483021
309.099,3.23521,44135720024
281.813,3.54846,44139268068
314.371,3.18095,44142449332
250.373,3.99405,44146446918
327.941,3.04933,44149495192
252.18,3.96542,44153462211
261.691,3.8213,44157285604
318.592,3.13881,44160423737
414.143,2.41462,44162838905
268.79,3.72038,44166559790
277.989,3.59726,44170158837
254.218,3.93364,44174092449
417.381,2.3959,44176488307
302.243,3.3086,44179796991
288.784,3.4628,44183260158
280.639,3.56329,44186824069
262.945,3.80308,44190627819
329.06,3.03896,44193667302
284.357,3.51671,44197183874
272.561,3.6689,44200853491
248.72,4.02058,44204876055
360.106,2.77696,44207652142
307.307,3.25407,44210906530
271.941,3.67726,44214584697
306.291,3.26487,44217849442
243.099,4.11356,44221963882
332.405,3.00838,44224972207
286.125,3.49497,44228468110
284.122,3.51962,44231988586
225.676,4.43113,44236420746
356.036,2.80871,44239230546
287.81,3.47451,44242704403
307.68,3.25013,44245955244
242.165,4.12941,44250085624
335.214,2.98317,44253070298
274.748,3.6397,44256708896
289.638,3.45258,44260162255
233.241,4.2874,44264450183
343.047,2.91505,44267366219
297.958,3.35618,44270722917
307.447,3.25259,44273976338
290.963,3.43686,44277413083
261.621,3.82232,44281236612
324.677,3.07999,44284316500
306.038,3.26757,44287584377
271.531,3.68282,44291267722
230.359,4.34105,44295610660
358.74,2.78754,44298397166
296.787,3.36942,44301767559
282.39,3.54121,44305309113
240.763,4.15345,44309464360
337.485,2.96309,44312426352
275.452,3.6304,44316057795
294.376,3.39701,44319454574
233.022,4.29144,44323747536
340.605,2.93595,44326682621
293.745,3.40431,44330087518
292.848,3.41474,44333502127
270.287,3.69977,44337202432
261.256,3.82767,44341031203
317.45,3.1501,44344181209
288.034,3.47182,44347653138
278.818,3.58657,44351240395
229.907,4.34958,44355590871
237.596,4.20882,44359800141
514.364,1.94415,44361744426
255.733,3.91033,44365659470
254.95,3.92233,44369579713
243.495,4.10687,44373687415
473.963,2.10987,44375797228
282.918,3.53459,44379332063
212.451,4.70696,44384041228
277.617,3.60208,44387644271
368.21,2.71585,44390359449
239.941,4.16769,44394528719
466.661,2.14288,44396671161
240.239,4.16252,44400834909
370.793,2.69692,44403532003
280.819,3.56102,44407094024
282.724,3.53702,44410630896
226.75,4.41015,44415042757
369.709,2.70483,44417747456
219.156,4.56295,44422311115
398.226,2.51114,44424821942
224.563,4.45309,44429276729
393.993,2.53812,44431814554
233.318,4.286,44436101740
381.062,2.62424,44438725422
226.357,4.4178,44443143871
317.407,3.15053,44446294785
265.056,3.77279,44450068512
345.214,2.89675,44452965353
242.789,4.1188,44457085674
308.529,3.24119,44460326560
273.527,3.65595,44463983510
373.356,2.67841,44466662266
237.454,4.21134,44470877426
317.695,3.14767,44474024545
261.322,3.82669,44477851942
336.027,2.97595,44480828053
250.618,3.99014,44484818580
360.342,2.77515,44487594648
236.754,4.2238,44491819100
374.842,2.66779,44494486380
236.57,4.22708,44498715263
366.847,2.72593,44501440139
233.151,4.28906,44505731019
367.235,2.72305,44508454077
239.641,4.17292,44512628237
354.355,2.82203,44515450697
241.119,4.14733,44519598955
342.06,2.92346,44522521870
253.47,3.94524,44526468422
329.916,3.03107,44529499663
236.443,4.22936,44533730865
369.282,2.70796,44536438364
200.245,4.99389,44541433230
449.982,2.22231,44543655069
273.08,3.66192,44547318147
142.78,7.00378,44554323132
555.798,1.79921,44556122030
570.859,1.75174,44557877677
302.72,3.30339,44561178927
279.502,3.57779,44564756000
303.027,3.30003,44568057494
140.659,7.10941,44575167091
145.747,6.86121,44582029181
143.663,6.96072,44588991171
554.977,1.80188,44590792013
573.077,1.74497,44592537090
298.811,3.3466,44595885707
142.254,7.02968,44602916869
145.274,6.88355,44609799873
143.215,6.9825,44616782858
143.989,6.94497,44623728253
144.179,6.93582,44630664595
144.537,6.91866,44637584067
142.768,7.00437,44644588916
144.184,6.9356,44651528736
143.428,6.97215,44658498354
147.713,6.76989,44665268559
140.968,7.0938,44672362985
144.562,6.91745,44679282042
144.605,6.91538,44686197677
144.734,6.90922,44693108628
142.424,7.02128,44700130086
144.376,6.92636,44707056214
144.347,6.92773,44713984409
142.268,7.02898,44721014083
146.051,6.84692,44727861833
143.832,6.95253,44734815537
143.766,6.95573,44741772312
143.426,6.97224,44748745117
143.111,6.98759,44755733055
144.502,6.92031,44762654546
144.506,6.92015,44769575808
143.027,6.99169,44776567786
144.355,6.92739,44783494995
144.18,6.93579,44790431458
145.33,6.88088,44797314058
142.149,7.03487,44804349727
143.908,6.94888,44811298822
143.907,6.94891,44818248691
144.546,6.91823,44825167398
145.704,6.86322,44832031778
143.302,6.97828,44839011348
143.008,6.9926,44846004647
144.906,6.90105,44852907139
143.761,6.95597,44859864584
143.286,6.97907,44866845991
144.057,6.94172,44873787285
143.425,6.97228,44880760964
143.687,6.95957,44887722131
143.802,6.95402,44894676111
144.657,6.91291,44901590464
145.094,6.89208,44908483470
143.606,6.96351,44915448115
143.746,6.95674,44922405232
144.665,6.9125,44929318342
142.935,6.99619,44936315689
144.245,6.93266,44943250145
144.786,6.90673,44950157257
143.905,6.94902,44957108186
146.051,6.84694,44963956947
143.025,6.99178,44970948643
143.875,6.95048,44977898818
144.386,6.92586,44984825112
143.821,6.95309,44991779133
143.887,6.94988,44998729994
143.704,6.95875,45005689823
144.616,6.91487,45012604978
143.274,6.97962,45019585446
143.853,6.95154,45026538104
143.714,6.95828,45033497748
144.165,6.93651,45040434629
143.391,6.97392,45047408999
145.394,6.87788,45054287435
143.698,6.95906,45061247205
143.886,6.94994,45068199382
143.093,6.98844,45075187029
143.898,6.94938,45082136586
144.16,6.93673,45089075342
145.86,6.85587,45095933409
142.405,7.02221,45102956222
144.446,6.92301,45109884567
144.821,6.90509,45116785953
142.502,7.01747,45123804754
145.098,6.89189,45130698398
145.049,6.89421,45137593766
144.206,6.93453,45144534818
143.741,6.95696,45151490168
143.898,6.94937,45158443494
139.75,7.15564,45165597947
147.16,6.79531,45172398261
146.252,6.83752,45179234115
141.664,7.05896,45186294168
146.879,6.80831,45193103505
141.877,7.04836,45200154581
145.495,6.87309,45207027974
143.559,6.96576,45213995516
143.525,6.96743,45220965429
145.117,6.89097,45227856639
143.104,6.98793,45234845710
143.969,6.94593,45241792246
144.576,6.91677,45248709593
143.408,6.97314,45255682476
143.785,6.95484,45262638959
144.803,6.90592,45269544723
143.874,6.95053,45276496462
144.744,6.90873,45283405193
143.706,6.95864,45290365205
143.422,6.97242,45297337676
144.019,6.94354,45304281219
144.966,6.89818,45311180787
142.3,7.02742,45318209536
144.286,6.93068,45325139642
145.18,6.88799,45332028962
143.567,6.9654,45338995992
144.021,6.94345,45345939902
143.643,6.96171,45352903488
145.543,6.87083,45359775680
142.75,7.00524,45366781717
143.961,6.94632,45373729163
143.527,6.96734,45380696868
141.886,7.04794,45387752250
145.715,6.86271,45394615507
145.537,6.87111,45401485494
141.684,7.05797,45408544107
146.327,6.83402,45415377796
142.855,7.0001,45422379205
145.715,6.86271,45429244163
144.312,6.92945,45436174149
143.225,6.98203,45443157326
143.447,6.97124,45450128330
145.158,6.88905,45457018944
143.61,6.96328,45463982685
143.972,6.94581,45470929257
144.059,6.94158,45477870754
144.439,6.92332,45484795850
143,6.99299,45491789763
144.956,6.89865,45498688051
144.01,6.94395,45505633144
144.26,6.93192,45512565251
143.794,6.95438,45519520859
144.426,6.92396,45526445342
142.645,7.01043,45533457387
144.386,6.9259,45540384093
144.303,6.92989,45547314998
144.025,6.94326,45554258196
144.599,6.91566,45561175571
143.817,6.95329,45568129520
144.577,6.91671,45575046929
143.317,6.97756,45582024113
142.971,6.99442,45589020167
145.086,6.89245,45595913541
143.892,6.94968,45602864240
143.317,6.97754,45609842586
144.949,6.89899,45616740055
143.609,6.96334,45623704692
143.966,6.94607,45630651041
144.721,6.90986,45637562775
143.948,6.94694,45644509743
143.848,6.9518,45651462567
143.154,6.98549,45658450738
144.706,6.91056,45665360292
144.222,6.93374,45672293885
143.974,6.9457,45679241023
144.137,6.93785,45686179089
142.607,7.01229,45693192366
145.12,6.89084,45700083716
144.659,6.91279,45706996165
143.106,6.98782,45713984499
144.302,6.92993,45720915891
143.854,6.95151,45727868288
144.039,6.94255,45734811288
143.459,6.97065,45741782235
144.17,6.93628,45748720285
144.023,6.94333,45755666889
143.392,6.97388,45762640824
144.614,6.91494,45769556098
144.283,6.9308,45776486498
144.079,6.94064,45783428912
143.282,6.97924,45790410509
144.962,6.89836,45797310227
142.868,6.99949,45804308586
142.775,7.00404,45811315296
146.661,6.81845,45818135023
144.295,6.93024,45825066123
143.291,6.97882,45832044719
144.1,6.93963,45838985785
141.464,7.06896,45846059944
144.487,6.92102,45852984034
136.778,7.31109,45860297487
150.845,6.62934,45866931454
129.403,7.72781,45874661092
164.005,6.09738,45880759085
142.755,7.005,45887766153
146.051,6.84694,45894616753
145.143,6.88978,45901504296
143.899,6.94932,45908455552
144.763,6.90783,45915363911
143.899,6.94931,45922314019
143.693,6.95926,45929276525
143.557,6.96586,45936242938
144.811,6.90553,45943149839
143.026,6.99175,45950142337
144.094,6.9399,45957084481
142.521,7.01652,45964102495
144.086,6.94029,45971045246
145.84,6.85685,45977902568
142.636,7.01085,45984915717
144.772,6.90739,45991824586
144.278,6.93104,45998755458
143.664,6.96067,46005717511
143.321,6.97736,46012695153
143.588,6.96436,46019659723
144.218,6.93394,46026596569
145.26,6.88419,46033481305
144.111,6.93908,46040421140
144.545,6.91826,46047340761
142.202,7.03225,46054374071
144.122,6.93857,46061313689
145.931,6.85253,46068166872
143.639,6.96191,46075129197
143.937,6.9475,46082078336
144.751,6.90841,46088987873
141.33,7.07562,46096070333
142.862,6.99978,46103068771
146.806,6.81173,46109880722
144.237,6.93303,46116814464
144.835,6.90439,46123719556
142.092,7.03771,46130762503
486.241,2.05659,46132818843
207.851,4.81114,46137632435
144.086,6.94028,46144573783
135.547,7.37751,46151952283
154.011,6.49303,46158446917
143.476,6.96982,46165420313
144.166,6.93646,46172357032
145.754,6.86089,46179218318
143.834,6.95244,46186172153
142.98,6.99396,46193167456
144.932,6.89979,46200067941
143.557,6.96589,46207034619
144.236,6.93307,46213968830
143.769,6.95559,46220926284
144.843,6.90401,46227831379
144.145,6.93747,46234769468
142.344,7.02525,46241796993
141.59,7.06264,46248861638
138.218,7.23493,46256098848
152.627,6.5519,46262652102
143.416,6.97272,46269626213
143.332,6.97683,46276605304
144.277,6.9311,46283536887
144.507,6.92008,46290458640
144.534,6.9188,46297379605
144.903,6.90115,46304281725
143.768,6.95565,46311238226
144.883,6.90212,46318142289
143.663,6.96074,46325104152
145.352,6.87984,46331985175
143.709,6.95849,46338945077
143.001,6.99295,46345938307
144.294,6.93028,46352870569
143.856,6.95139,46359821639
144.607,6.91528,46366739496
142.682,7.00857,46373751052
146.045,6.84721,46380597500
141.294,7.07743,46387677594
144.691,6.91127,46394592689
144.424,6.92406,46401516230
145.18,6.88802,46408405048
143.161,6.98512,46415391855
145.408,6.87721,46422269740
143.263,6.98019,46429251276
145.013,6.89592,46436147677
142.45,7.02,46443172690
143.902,6.94917,46450121555
142.908,6.99753,46457121784
146.53,6.82456,46463946450
144.14,6.93772,46470883852
140.877,7.0984,46477986750
146.848,6.80978,46484795774
143.045,6.99083,46491787222
145.29,6.8828,46498672063
143.831,6.95262,46505625266
144.258,6.93203,46512558852
142.481,7.01849,46519578227
144.398,6.92533,46526505463
144.37,6.92664,46533432381
144.48,6.92135,46540355524
144.111,6.9391,46547297196
143.859,6.95126,46554248731
138.044,7.24408,46561494436
151.186,6.61438,46568109137
142.818,7.00194,46575112921
144.712,6.91027,46582024496
144.154,6.93703,46588962920
143.125,6.9869,46595950418
144.696,6.91103,46602861036
142.595,7.01285,46609874644
143.428,6.97214,46616847438
143.539,6.96674,46623815619
144.302,6.92992,46630746421
144.176,6.93595,46637683047
144.381,6.92613,46644609164
144.136,6.93789,46651548376
143.401,6.97343,46658522887
144.417,6.92438,46665451198
144.134,6.93799,46672386551
144.454,6.92262,46679310971
144.954,6.89875,46686209670
144.178,6.93587,46693145147
141.827,7.05083,46700198662
143.999,6.94447,46707143935
144.903,6.90115,46714045660
143.63,6.96233,46721008659
145.178,6.88811,46727896340
143.869,6.95076,46734848000
143.356,6.97567,46741824279
144.939,6.89948,46748724676
142.148,7.03494,46755759823
145.208,6.88667,46762647804
143.456,6.97078,46769619857
143.851,6.95162,46776571645
144.158,6.93684,46783509759
143.975,6.94566,46790454991
144.389,6.92572,46797384800
144.34,6.9281,46804311113
144.433,6.92362,46811235526
143.888,6.94984,46818185990
143.498,6.96875,46825155958
143.286,6.97903,46832134503
145.752,6.86097,46838996018
144.471,6.9218,46845919421
142.505,7.01731,46852937554
145.008,6.89616,46859833958
144.274,6.93126,46866766806
142.289,7.02797,46873795711
144.62,6.91468,46880710541
144.047,6.9422,46887655423
142.851,7.00032,46894657547
144.256,6.93212,46901588323
144.003,6.94432,46908534060
145.496,6.87306,46915407734
142.626,7.01135,46922419443
144.336,6.92826,46929347825
143.874,6.95054,46936298916
145.93,6.8526,46943152850
143.673,6.96024,46950113470
142.726,7.00643,46957121763
145.561,6.86998,46963991359
143.72,6.95796,46970950080
144.334,6.92835,46977879153
143.337,6.97654,46984855851
143.45,6.97109,46991827659
143.735,6.95725,46998785803
144.598,6.91573,47005701164
145.963,6.85104,47012553717
142.161,7.03426,47019588237
143.743,6.95688,47026545763
143.122,6.98704,47033533337
146.729,6.81529,47040349368
142.63,7.01114,47047361374
143.939,6.94739,47054308944
144.145,6.93748,47061247619
146.48,6.82686,47068074530
141.424,7.07092,47075146454
143.298,6.97845,47082125599
143.538,6.96679,47089094000
146.394,6.83088,47095925134
144.647,6.91337,47102839856
143.201,6.98321,47109824421
142.408,7.0221,47116846777
144.825,6.90488,47123753447
143.096,6.9883,47130741776
138.666,7.21159,47137956688
151.41,6.6046,47144562702
144.756,6.9082,47151470627
141.998,7.04237,47158516682
144.851,6.90365,47165421409
143.163,6.98504,47172408502
145.938,6.85222,47179258350
142.146,7.03503,47186293956
144.524,6.91928,47193214100
144.308,6.92964,47200144372
143.44,6.97155,47207116473
145.484,6.8736,47213991449
144.594,6.9159,47220911205
142.661,7.00962,47227918485
144.042,6.94242,47234860659
145.118,6.89092,47241752368
141.349,7.0747,47248828567
144.78,6.90703,47255737860
144.005,6.9442,47262681385
143.856,6.95138,47269634274
144.958,6.89854,47276533435
142.766,7.00446,47283538975
145.286,6.88298,47290421485
142.162,7.03421,47297456912
147.187,6.79407,47304251760
144.289,6.93055,47311184729
141.856,7.04941,47318235387
144.229,6.93343,47325169471
144.651,6.9132,47332083920
144.396,6.92542,47339011357
143,6.99301,47346006781
145.584,6.86887,47352876349
141.424,7.07091,47359950170
145.946,6.85185,47366801526
144.139,6.93775,47373740681
142.897,6.99806,47380739329
142.322,7.02634,47387767733
143.583,6.96462,47394734204
145.841,6.8568,47401589821
142.256,7.02958,47408620140
145.863,6.85576,47415475915
144.769,6.90755,47422383912
142.585,7.01337,47429397848
144.305,6.92975,47436329255
147.081,6.79899,47443128685
141.6,7.06217,47450192406
144.196,6.93501,47457127120
144.37,6.92667,47464055297
143.825,6.9529,47471008653
144.577,6.91675,47477926281
143.079,6.98912,47484916338
144.074,6.94088,47491857201
142.766,7.00446,47498863999
143.942,6.94723,47505810519
145.355,6.8797,47512691557
142.793,7.00316,47519694742
144.792,6.90644,47526602584
144.589,6.91614,47533518952
144.89,6.90177,47540422051
143.308,6.97799,47547400478
142.665,7.0094,47554410515
144.764,6.90778,47561319057
144.648,6.91336,47568233163
144.539,6.91856,47575152609
144.357,6.92728,47582080423
143.385,6.97423,47589055412
145.085,6.89252,47595947908
145.037,6.89478,47602844269
142.631,7.0111,47609856355
143.956,6.94656,47616803316
143.672,6.96028,47623764182
144.099,6.93965,47630704556
143.247,6.98095,47637685878
145.459,6.87479,47644561684
142.651,7.01011,47651572299
144.948,6.89902,47658472768
143.434,6.97187,47665444871
144.394,6.92548,47672372021
145.059,6.89374,47679268992
141.873,7.04858,47686314771
145.006,6.89626,47693212413
142.711,7.00718,47700220438
145.605,6.8679,47707089944
142.91,6.99742,47714087752
144.765,6.90774,47720995322
144.809,6.90563,47727901873
143.538,6.96678,47734869229
145.522,6.8718,47741741291
142.974,6.99426,47748735944
144.312,6.92942,47755666108
144.287,6.93061,47762598610
142.354,7.02473,47769622024
144.488,6.92097,47776544058
143.153,6.98554,47783530606
142.995,6.99326,47790524496
145.783,6.85953,47797384229
142.531,7.01601,47804400944
144.759,6.90802,47811310663
144.659,6.91282,47818224315
145.357,6.87963,47825104044
142.824,7.0016,47832105995
144.128,6.93827,47839045281
142.621,7.01161,47846056935
145.366,6.87917,47852936849
143.616,6.96301,47859900511
144.438,6.92338,47866824681
143.429,6.9721,47873800050
144.355,6.92735,47880725822
142.445,7.02024,47887749610
141.901,7.04719,47894796796
146.369,6.83204,47901628969
144.494,6.9207,47908549962
144.27,6.93146,47915482571
142.842,7.00077,47922483638
144.355,6.92738,47929412515
144.14,6.9377,47936349404
144.753,6.90831,47943259155
145.278,6.88338,47950143688
141.923,7.04608,47957189457
145.866,6.85563,47964046575
142.778,7.00386,47971050951
143.237,6.98145,47978033324
145.514,6.87219,47984905394
144.101,6.93957,47991846748
143.419,6.97258,47998819456
143.185,6.98397,48005804127
144.597,6.91578,48012720301
144.693,6.91117,48019633201
143.222,6.98217,48026615192
143.55,6.96619,48033582091
144.612,6.91503,48040498973
143.672,6.96029,48047458895
143.389,6.97402,48054433946
144.732,6.90934,48061343970
144.865,6.90296,48068247530
145.595,6.86837,48075117566
141.242,7.08003,48082198042
145.42,6.87661,48089075396
142.719,7.00679,48096083622
145.614,6.86748,48102952257
143.347,6.97606,48109928353
144.918,6.90046,48116829546
144.397,6.92536,48123755074
142.825,7.00156,48130757331
144.316,6.92925,48137687435
144.605,6.91538,48144604130
145.929,6.85265,48151456673
142.432,7.0209,48158478168
143.422,6.97245,48165451918
144.994,6.89686,48172350175
141.602,7.06204,48179414013
144.425,6.92401,48186336959
144.096,6.93983,48193277458
146.897,6.80751,48200085489
141.313,7.07651,48207163552
145.103,6.89164,48214055763
145.367,6.87914,48220935690
143.398,6.97358,48227908695
143,6.99301,48234902374
144.233,6.93322,48241836740
143.431,6.972,48248809687
144.221,6.9338,48255744222
144.124,6.93848,48262683939
146.22,6.83899,48269523645
142.198,7.03244,48276556953
142.577,7.01376,48283571365
144.429,6.92382,48290495673
145.253,6.88455,48297380259
142.67,7.00916,48304391630
143.112,6.98755,48311379395
146.384,6.83136,48318211192
143.416,6.97272,48325184685
143.786,6.95478,48332140276
145.59,6.86863,48339009371
143.766,6.95576,48345966126
144.22,6.93387,48352900125
143.286,6.97907,48359881104
143.37,6.97497,48366855812
142.976,6.99417,48373851483
145.578,6.86919,48380722914
143.408,6.9731,48387697699
141.922,7.04612,48394744631
147.149,6.79581,48401541783
143.881,6.95016,48408492953
144.554,6.91782,48415412750
142.481,7.01846,48422433138
143.912,6.94868,48429383405
146.384,6.83136,48436214691
140.521,7.11639,48443332428
144.427,6.92393,48450256059
145.576,6.86927,48457125886
143.818,6.95321,48464079021
146.496,6.82611,48470906249
143.083,6.98897,48477896593
143.219,6.98231,48484879272
142.239,7.03042,48491910222
144.439,6.92333,48498834560
143.879,6.95031,48505784609
144.54,6.91849,48512703866
143.994,6.94473,48519649636
145,6.89654,48526547531
142.574,7.01389,48533561956
144.619,6.91473,48540476651
143.458,6.9707,48547448607
143.904,6.94907,48554398365
144.038,6.9426,48561342775
144.84,6.90418,48568246715
144.369,6.92668,48575174786
142.386,7.02317,48582198239
145.088,6.89235,48589091232
143.981,6.94536,48596037269
144.809,6.90565,48602943720
143.761,6.95598,48609901201
143.764,6.95584,48616857089
143.073,6.98942,48623847479
143.793,6.95443,48630802685
145.044,6.89446,48637699608
143.608,6.9634,48644663152
143.876,6.95042,48651614160
144.883,6.90211,48658516714
142.734,7.00603,48665523152
145.33,6.88088,48672404752
142.595,7.01288,48679420861
144.504,6.92024,48686338416
144.07,6.94105,48693280970
143.627,6.9625,48700243978
145.31,6.88182,48707126456
142.3,7.02742,48714155086
146.731,6.81521,48720970704
143.049,6.99061,48727962846
143.654,6.96118,48734928104
144.292,6.93039,48741856037
143.677,6.96004,48748816241
144.385,6.92591,48755743064
144.688,6.91143,48762654649
142.585,7.01338,48769668600
143.537,6.96683,48776635880
143.99,6.94493,48783582705
143.75,6.95654,48790539166
146.156,6.84199,48797382693
142.274,7.02871,48804412140
145.75,6.86104,48811274473
143.468,6.97018,48818245377
143.121,6.98708,48825233065
144.631,6.91416,48832147231
145.035,6.89487,48839044216
143.688,6.95953,48846003837
144.673,6.91214,48852916486
142.904,6.99768,48859914710
144.888,6.90186,48866817342
142.464,7.01931,48873839305
144.801,6.90605,48880744783
143.256,6.9805,48887729711
143.354,6.97574,48894706132
144.924,6.90015,48901606841
143.5,6.96864,48908576859
145.377,6.87866,48915455767
144.787,6.90672,48922363052
143.549,6.96627,48929329370
142.934,6.99625,48936327454
144.708,6.91047,48943238611
143.115,6.98741,48950225915
144.816,6.9053,48957132676
140.954,7.09451,48964231312
147.415,6.78356,48971014397
145.028,6.89523,48977909012
143.318,6.97748,48984887581
144.299,6.93007,48991817796
143.311,6.97784,48998796477
144.497,6.92054,49005717622
144.001,6.9444,49012662926
144.188,6.93538,49019599663
143.673,6.96023,49026560158
144.463,6.92219,49033482229
144.425,6.92399,49040406760
143.072,6.98949,49047397363
143.761,6.956,49054354127
144.244,6.9327,49061287001
143.664,6.96068,49068248308
143.632,6.96224,49075211807
145.169,6.8885,49082100516
144.582,6.91651,49089017819
144.276,6.93116,49095949730
143.432,6.97195,49102923019
143.55,6.96623,49109889548
144.302,6.92991,49116820155
144.147,6.93738,49123758720
143.282,6.97926,49130739785
144.197,6.93497,49137678375
144.554,6.91784,49144595793
143.914,6.94858,49151545217
142.558,7.01467,49158560957
146.012,6.84877,49165411988
142.665,7.00945,49172422055
142.254,7.0297,49179454882
144.542,6.9184,49186370008
144.11,6.93916,49193310366
144.713,6.91025,49200221664
143.861,6.95117,49207173667
144.421,6.92422,49214098169
145.325,6.88113,49220980722
142.737,7.00592,49227986907
144.299,6.93005,49234918048
143.901,6.9492,49241869224
142.656,7.00988,49248878862
144.651,6.91319,49255791699
144.571,6.91703,49262709415
143.339,6.97645,49269687733
144.608,6.91525,49276603744
143.003,6.99287,49283598216
143.982,6.9453,49290544002
144.039,6.94255,49297487514
145.539,6.87099,49304359051
142.852,7.00027,49311360989
147.076,6.7992,49318160433
140.814,7.10157,49325263178
144.767,6.90764,49332170004
144.984,6.8973,49339069355
142.812,7.00221,49346072195
144.707,6.91053,49352982714
144.142,6.93758,49359921219
145.25,6.88469,49366807108
141.181,7.08311,49373890789
144.768,6.90759,49380798512
142.875,6.99911,49387799902
143.208,6.98284,49394788284
145.046,6.89438,49401680502
144.492,6.9208,49408601554
143.726,6.9577,49415560450
144.223,6.93372,49422494469
145.315,6.88162,49429377203
145.778,6.85972,49436237674
142.308,7.02699,49443265678
144.213,6.93416,49450200544
133.969,7.46443,49457668583
151.277,6.61037,49464280186
148.573,6.73069,49471012442
143.153,6.98555,49477999880
145.554,6.87029,49484871961
142.411,7.02191,49491896355
144.213,6.93418,49498830333
145.811,6.85819,49505690278
141.853,7.04956,49512740774
144.686,6.91151,49519653247
143.918,6.94842,49526602662
145.202,6.88694,49533490254
142.828,7.00144,49540492397
143.219,6.9823,49547474499
145.39,6.87805,49554354422
143.331,6.97686,49561331633
144.007,6.94411,49568276163
143.455,6.97083,49575247876
144.455,6.92256,49582171023
144.18,6.9358,49589106999
144.678,6.91188,49596019499
142.896,6.99809,49603017742
144.688,6.91142,49609930457
143.741,6.95698,49616888021
143.968,6.94599,49623834800
144.26,6.9319,49630766347
143.74,6.95701,49637724499
144.12,6.93864,49644663745
144.379,6.92623,49651590870
144.505,6.9202,49658512459
144.624,6.91448,49665427287
141.878,7.04831,49672475532
143.476,6.9698,49679445290
144.214,6.93416,49686384003
144.035,6.94277,49693324833
144.989,6.8971,49700223166
143.774,6.95535,49707180839
145.403,6.87743,49714059793
143.165,6.98496,49721044890
144.317,6.9292,49727978574
145.191,6.88748,49734865835
141.797,7.05233,49741923363
143.676,6.96012,49748881119
145.694,6.8637,49755747003
143.472,6.97,49762717534
144.396,6.9254,49769644698
145.085,6.89251,49776540217
143.782,6.95498,49783496949
142.183,7.03317,49790532203
143.973,6.94575,49797483891
146.12,6.84371,49804324221
142.979,6.99402,49811320356
144.753,6.90832,49818226993
142.265,7.02913,49825256561
147.108,6.79775,49832054298
141.063,7.08901,49839144165
145.328,6.88097,49846026366
144.565,6.91733,49852943352
142.997,6.99313,49859945220
144.186,6.93549,49866873730
142.369,7.02398,49873900824
144.653,6.91308,49880812957
143.997,6.9446,49887759342
144.036,6.9427,49894703359
144.488,6.92097,49901624965
143.465,6.97035,49908595701
144.104,6.93943,49915535656
144.232,6.93328,49922470103
143.277,6.9795,49929450711
145.07,6.89322,49936345653
144.071,6.941,49943286564
143.802,6.95402,49950241208
145.286,6.88296,49957125523
144.431,6.92375,49964050565
141.85,7.04972,49971100270
145.312,6.88175,49977982320
143.752,6.9564,49984943955
144.298,6.9301,49991871489
144.261,6.93189,49998802593
142.683,7.00857,50005811633
143.72,6.95798,50012770558
145.393,6.87789,50019650023
142.259,7.02941,50026679247
144.992,6.89692,50033577464
144.57,6.91705,50040494980
143.186,6.98392,50047479232
143.954,6.94665,50054426387
144.477,6.92154,50061349115
144.513,6.9198,50068270179
144.574,6.91689,50075187272
143.033,6.99138,50082179291
145.503,6.87271,50089052700
142.987,6.99363,50096047257
144.657,6.91291,50102961377
142.659,7.00974,50109971746
144.123,6.93854,50116911632
143.86,6.9512,50123863357
143.864,6.951,50130815230
145,6.89657,50137712662
142.972,6.99436,50144706972
143.608,6.96339,50151671321
144.365,6.9269,50158598549
145.26,6.88421,50165485088
143.016,6.99223,50172477444
143.741,6.95697,50179434921
143.885,6.95001,50186387625
143.896,6.94949,50193335756
143.782,6.95497,50200291319
144.182,6.93567,50207227322
144.877,6.90242,50214130484
143.718,6.95809,50221088639
143.986,6.94513,50228035574
144.986,6.89721,50234932630
143.057,6.9902,50241923943
143.642,6.96174,50248884854
143.153,6.98556,50255871528
146.245,6.83785,50262711081
142.797,7.00292,50269714456
143.522,6.96759,50276682371
143.997,6.94457,50283627885
144.646,6.91342,50290541922
145.108,6.89141,50297433876
142.77,7.00425,50304438195
144.345,6.92784,50311366923
144.943,6.89924,50318267182
144.252,6.93231,50325199712
143.986,6.9451,50332146408
143.518,6.96775,50339114257
144.551,6.91796,50346034120
141.446,7.06984,50353104606
145.892,6.85437,50359960929
144.184,6.9356,50366896222
142.758,7.00485,50373903796
144.3,6.92998,50380832894
143.625,6.96257,50387795664
143.069,6.98963,50394789266
145.007,6.89622,50401684736
145.65,6.86579,50408551337
142.583,7.01344,50415564927
143.894,6.94958,50422516176
145.846,6.85655,50429373181
143.075,6.98935,50436363157
143.308,6.97799,50443341148
146.361,6.83241,50450174711
142.773,7.00411,50457180374
145.003,6.89639,50464076546
144.488,6.92098,50470996942
143.458,6.97066,50477967844
142.991,6.99344,50484963792
144.535,6.91873,50491881445
142.951,6.99539,50498878830
144.622,6.91459,50505795028
143.735,6.95723,50512752032
144.433,6.92363,50519678441
143.75,6.95652,50526635890
145.54,6.87097,50533508603
142.503,7.01742,50540526148
145.264,6.88401,50547411648
144.517,6.91962,50554332450
139.013,7.19357,50561529658
149.546,6.6869,50568215986
141.916,7.04641,50575264072
143.712,6.95835,50582222264
144.792,6.90644,50589129638
144.314,6.92933,50596059786
144.321,6.929,50602989307
145.058,6.8938,50609883652
144.075,6.94084,50616825259
142.399,7.02251,50623848131
143.467,6.97024,50630819379
144.092,6.94002,50637760804
143.663,6.96072,50644721580
145.531,6.8714,50651592536
142.847,7.00051,50658594252
144.166,6.93646,50665531839
143.501,6.9686,50672501110
144.46,6.92231,50679423413
144.654,6.91303,50686337101
145.504,6.87265,50693212315
141.818,7.05132,50700261843
144.601,6.91556,50707177902
144.925,6.9001,50714078563
143.725,6.95773,50721037595
143.9,6.94925,50727987259
143.497,6.96878,50734956751
144.375,6.92642,50741883052
142.45,7.02,50748904292
144.99,6.89704,50755801531
143.749,6.95655,50762759131
143.106,6.98781,50769747484
143.735,6.95725,50776705699
146.469,6.82738,50783533867
142.906,6.99763,50790532364
141.886,7.0479,50797581031
145.292,6.88269,50804464195
144.797,6.90621,50811371453
143.518,6.96775,50818340711
144.865,6.90297,50825243070
144.243,6.93277,50832176652
143.502,6.96852,50839145767
143.366,6.97515,50846121577
147.201,6.79341,50852915901
141.575,7.06338,50859981378
144.249,6.93243,50866914173
144.016,6.94368,50873859875
144.364,6.92691,50880788026
143.567,6.96536,50887752882
142.934,6.99622,50894751484
142.954,6.99525,50901747604
145.833,6.85714,50908603688
145.137,6.89006,50915495205
143.501,6.96859,50922464063
145.642,6.86616,50929332254
141.599,7.06221,50936394587
145.533,6.8713,50943266502
142.865,6.99961,50950266610
144.257,6.93206,50957199193
143.7,6.95896,50964159902
143.934,6.94762,50971107417
144.455,6.92258,50978030492
144.712,6.91027,50984941248
143.22,6.98229,50991924605
143.576,6.96497,50998890321
143.611,6.96326,51005854723
143.787,6.95472,51012809297
145.989,6.84982,51019660310
144.874,6.90253,51026562708
142.514,7.01683,51033580403
143.671,6.96034,51040541013
144.33,6.92857,51047470188
145.051,6.8941,51054364490
142.117,7.03648,51061402283
144.584,6.91641,51068318965
145.213,6.88643,51075206311
143.951,6.94683,51082153820
143.102,6.98802,51089142632
143.341,6.97637,51096119818
145.689,6.86394,51102983803
142.986,6.9937,51109978141
144.355,6.92739,51116906773
144.035,6.94275,51123850542
143.661,6.96082,51130812657
145.443,6.87557,51137689423
142.094,7.03759,51144728202
144.784,6.90685,51151637175
144.726,6.90962,51158548946
143.565,6.9655,51165513744
142.379,7.02349,51172539933
144.596,6.9158,51179455000
144.64,6.9137,51186368672
143.173,6.98458,51193355178
145.893,6.85432,51200208095
143.342,6.97634,51207185604
142.304,7.02723,51214214555
145.268,6.88381,51221098080
143.981,6.94536,51228044181
142.76,7.00478,51235050373
145.393,6.87791,51241928484
143.79,6.95459,51248883494
144.147,6.93738,51255821036
144.365,6.92688,51262748211
143.413,6.97285,51269721974
144.48,6.92139,51276643893
142.899,6.99795,51283643017
144.965,6.89822,51290542252
144.123,6.9385,51297480916
143.12,6.98715,51304468654
144.002,6.94437,51311413428
145.453,6.87507,51318289951
144.024,6.94331,51325233757
144.176,6.93599,51332170413
142.929,6.99649,51339168054
146.956,6.80476,51345972998
142.503,7.01739,51352991392
143.702,6.95886,51359950333
143.748,6.95663,51366908786
143.871,6.95065,51373861771
143.257,6.98047,51380841511
144.819,6.90519,51387746746
141.014,7.09152,51394839400
145.843,6.85667,51401697388
145.585,6.86883,51408567247
142.202,7.03223,51415599659
146.625,6.82014,51422420788
143.745,6.95675,51429379598
143.491,6.96909,51436348032
143.462,6.97051,51443319901
143.365,6.97522,51450295460
146.395,6.83082,51457127780
141.806,7.05189,51464180517
145.744,6.86135,51471042113
143.97,6.94589,51477988599
144.043,6.94238,51484931699
143.839,6.9522,51491884905
142.466,7.01924,51498904065
144.108,6.93922,51505843099
143.72,6.95796,51512802787
144.069,6.94113,51519743875
143.876,6.95042,51526695331
143.545,6.96645,51533662596
144.892,6.90171,51540565018
144.335,6.92833,51547494175
142.608,7.01223,51554507116
144.691,6.91128,51561419122
144.404,6.92504,51568344330
143.906,6.94897,51575293610
144.991,6.89698,51582194973
144.097,6.93977,51589135533
143.283,6.97921,51596116743
145.302,6.88222,51602997208
144.589,6.91613,51609916409
143.669,6.96044,51616876907
136.46,7.32814,51624209390
152.272,6.56721,51630775784
144.695,6.91108,51637687791
140.839,7.10029,51644788847
143.849,6.95175,51651741066
145.97,6.8507,51658593631
143.871,6.95066,51665544145
142.626,7.01134,51672556046
145.671,6.8648,51679421412
143.065,6.98985,51686412504
143.663,6.96075,51693375108
143.686,6.9596,51700332533
145.745,6.86129,51707195975
142.385,7.02319,51714219926
147.025,6.80156,51721023613
143.537,6.96687,51727990442
143.151,6.98563,51734976324
143.834,6.95244,51741928816
144.063,6.94141,51748871851
143.314,6.9777,51755850055
142.925,6.99669,51762846693
144.734,6.90923,51769757203
143.851,6.95165,51776709169
144.386,6.92586,51783635519
143.586,6.96448,51790600687
144.039,6.94256,51797543583
143.488,6.96921,51804513370
144.745,6.90871,51811422556
144.594,6.91591,51818340068
145.092,6.89216,51825232165
141.496,7.06732,51832300147
146.7,6.81666,51839117920
142.804,7.0026,51846120800
387.979,2.57746,51848698731
236.212,4.23348,51852932523
399.438,2.50352,51855436363
221.306,4.51863,51859954966
386.093,2.59005,51862545363
230.89,4.33106,51866877346
382.955,2.61127,51869488472
226.204,4.4208,51873910668
144.434,6.92357,51880835979
144.449,6.92286,51887759847
142.457,7.01968,51894782482
144.653,6.91307,51901696707
144.02,6.9435,51908639816
391.882,2.55179,51911191123
228.307,4.38006,51915572979
391.889,2.55174,51918124064
226.32,4.41852,51922542959
397.422,2.51622,51925060914
227.566,4.39434,51929455029
382.043,2.61751,51932073200
230.617,4.33619,51936409497
417.289,2.39642,51938805848
223.994,4.4644,51943271201
381.88,2.61862,51945890655
231.196,4.32533,51950215859
383.421,2.6081,51952824900
230.93,4.33032,51957155509
141.962,7.04415,51964200565
144.885,6.90204,51971102587
390.598,2.56018,51973662937
230.775,4.33323,51977997610
378.092,2.64486,51980642802
232.43,4.30237,51984947116
382.016,2.61769,51987565182
231.744,4.3151,51991880425
375.767,2.66122,51994542060
232.78,4.29589,51998837798
379.447,2.63541,52001473883
230.669,4.33521,52005809144
551.364,1.81368,52007623605
195.291,5.12055,52012744306
551.748,1.81242,52014557116
193.127,5.17793,52019735608
553.975,1.80514,52021541077
194.622,5.13817,52026679718
525.448,1.90314,52028583441
198.725,5.03208,52033615846
552.809,1.80894,52035424881
194.95,5.12952,52040555242
537.488,1.86051,52042416248
198.753,5.03137,52047448167
545.256,1.834,52049282528
193.17,5.17679,52054460659
549.121,1.82109,52056281248
196.509,5.08883,52061370436
554.198,1.80441,52063175052
193.802,5.15991,52068336291
566.015,1.76674,52070102576
195.452,5.11635,52075220391
546.459,1.82996,52077051116
193.275,5.17397,52082225304
567.026,1.76359,52083988910
192.32,5.19968,52089189882
571.062,1.75112,52090941483
192.304,5.20009,52096143017
583.105,1.71496,52097857172
192.412,5.19719,52103055591
556.925,1.79557,52104851094
194.234,5.14842,52110001749
538.18,1.85812,52111859415
196.458,5.09014,52116951060
547.502,1.82648,52118777200
195.46,5.11615,52123894631
541.699,1.84604,52125741238
196.419,5.09115,52130833270
546.52,1.82976,52132662982
192.539,5.19374,52137857795
573.304,1.74427,52139603192
192.209,5.20266,52144806233
543.002,1.84161,52146647762
200.165,4.99588,52151644369
559.295,1.78797,52153432895
194.805,5.13333,52158568168
541.486,1.84677,52160414544
194.137,5.15101,52165567607
566.75,1.76444,52167331295
191.647,5.21793,52172549858
582.131,1.71783,52174267370
193.343,5.17215,52179440867
561.791,1.78002,52181220402
192.741,5.1883,52186410317
551.851,1.81208,52188222201
195.277,5.12094,52193344950
533.936,1.87288,52195219678
198.992,5.02532,52200243509
536.925,1.86246,52202106059
197.684,5.05859,52207165705
549.144,1.82102,52208987023
191.055,5.23409,52214221162
568.011,1.76053,52215983106
194.099,5.152,52221135745
546.652,1.82932,52222964934
196.098,5.0995,52228065036
554.199,1.80441,52229869882
194.205,5.1492,52235020045
535.766,1.86649,52236887087
198.444,5.0392,52241927342
544.571,1.83631,52243763878
195.672,5.11059,52248875087
558.676,1.78995,52250665202
192.069,5.20645,52255872558
548.125,1.8244,52257696747
194.934,5.12995,52262827849
521.137,1.91888,52264747228
199.618,5.00957,52269757381
544.788,1.83558,52271592925
196.218,5.09638,52276690039
558.268,1.79125,52278481384
194.44,5.14297,52283625537
550.849,1.81538,52285440819
194.048,5.15337,52290594885
559.409,1.7876,52292382678
194.082,5.15247,52297536313
543.003,1.84161,52299377578
198.594,5.0354,52304414420
559.752,1.7865,52306200465
191.381,5.22519,52311426828
146.53,6.82455,52318252735
141.236,7.08037,52325333368
145.982,6.85015,52332183924
143.942,6.94722,52339132630
143.065,6.98982,52346122379
144.816,6.9053,52353028927
143.887,6.9499,52359979587
143.751,6.95646,52366935812
143.744,6.95679,52373893249
142.33,7.02593,52380921674
146.291,6.83567,52387757773
140.963,7.09406,52394854839
144.673,6.91212,52401766915
145.097,6.89193,52408659154
143.542,6.9666,52415626033
145.009,6.89611,52422523191
144.65,6.91324,52429437579
143.354,6.97576,52436413550
144.585,6.91633,52443330743
145.273,6.88357,52450216590
141.689,7.05771,52457274497
143.388,6.97409,52464248491
143.692,6.95934,52471209396
145.724,6.86228,52478073693
145.317,6.8815,52484955507
142.568,7.01421,52491974752
144.24,6.93288,52498905123
142.792,7.0032,52505907601
145.41,6.87712,52512785516
144.808,6.9057,52519691990
141.992,7.04267,52526735065
143.785,6.95482,52533690356
146.348,6.83302,52540524271
143.449,6.97114,52547495445
142.308,7.02703,52554524649
144.392,6.92557,52561449843
143.415,6.97278,52568424077
528.473,1.89224,52570316634
531.525,1.88138,52572197328
325.298,3.0741,52575272701
585.164,1.70892,52576981281
283.718,3.52463,52580506217
294.667,3.39366,52583901058
294.35,3.39732,52587298685
241.521,4.14043,52591439818
354.406,2.82162,52594261715
299.214,3.34209,52597604104
304.458,3.28452,52600889251
245.751,4.06917,52604958969
332.262,3.00968,52607969421
280.868,3.56039,52611530148
283.316,3.52963,52615060708
224.354,4.45724,52619518683
228.453,4.37727,52623896377
535.476,1.8675,52625763444
317.029,3.15428,52628918250
286.942,3.48503,52632403740
252.316,3.96328,52636368120
357.464,2.79749,52639165625
304.673,3.28221,52642448507
238.019,4.20134,52646651646
224.649,4.45138,52651104688
300.805,3.32441,52654430909
324.097,3.0855,52657517258
278.254,3.59384,52661115066
246.6,4.05515,52665171107
425.17,2.352,52667524508
308.993,3.23632,52670761458
257.495,3.88357,52674646259
313.152,3.19334,52677841145
241.456,4.14154,52681984821
314.723,3.1774,52685162829
287.681,3.47607,52688640201
255.473,3.9143,52692555037
236.155,4.23451,52696793698
291.968,3.42504,52700216812
513.2,1.94856,52702165903
281.493,3.55249,52705720405
258.64,3.86637,52709588524
351.042,2.84866,52712438192
320.213,3.12292,52715561353
307.535,3.25167,52718813223
272.392,3.67118,52722484769
254.083,3.93572,52726420435
339.162,2.94844,52729369052
295.616,3.38277,52732752443
290.687,3.44013,52736193495
247.997,4.03231,52740227302
368.372,2.71465,52742941549
300.112,3.33208,52746273838
269.097,3.71613,52749990649
255.925,3.90739,52753898714
366.529,2.72829,52756627068
304.309,3.28614,52759913379
270.96,3.69058,52763605673
300.477,3.32805,52766933623
251.381,3.97802,52770912639
376.99,2.65259,52773564538
267.369,3.74015,52777305740
311.388,3.21143,52780517358
227.036,4.40459,52784923487
383.043,2.61067,52787533857
265.746,3.76299,52791298160
302.949,3.30089,52794599073
254.575,3.92811,52798527337
346.072,2.88957,52801416964
276.519,3.61638,52805033950
286.239,3.49358,52808527675
276.693,3.61411,52812142570
254.213,3.93371,52816077584
307.269,3.25447,52819332805
294.508,3.3955,52822728514
297.175,3.36502,52826093870
250.843,3.98656,52830081130
365.972,2.73245,52832813415
305.112,3.27748,52836091420
278.091,3.59594,52839688140
228.407,4.37815,52844066819
335.117,2.98403,52847051889
260.087,3.84487,52850897677
310.559,3.22,52854117939
302.485,3.30595,52857424921
230.831,4.33218,52861756661
343.296,2.91293,52864670162
317.322,3.15137,52867822080
307.461,3.25245,52871075202
226.242,4.42004,52875495260
309.821,3.22767,52878726148
282.723,3.53703,52882261765
360.211,2.77615,52885037995
242.864,4.11754,52889156804
389.089,2.57011,52891727400
215.319,4.64428,52896374404
344.074,2.90635,52899280463
244.34,4.09267,52903376207
250.448,3.99285,52907368079
447.08,2.23674,52909605080
313.414,3.19067,52912796342
283.204,3.53103,52916328212
256.188,3.90338,52920231461
358.405,2.79014,52923021693
284.059,3.5204,52926542741
289.655,3.45238,52929995741
259.998,3.84618,52933842300
323.71,3.08919,52936932135
303.073,3.29954,52940232034
275.565,3.6289,52943861796
305.359,3.27484,52947137003
239.361,4.17779,52951316067
429.707,2.32717,52953642211
278.045,3.59654,52957239749
277.999,3.59713,52960836800
255.371,3.91587,52964754240
337.179,2.96579,52967720048
254.106,3.93537,52971655503
316.168,3.16287,52974818212
245.062,4.0806,52978900612
346.457,2.88636,52981786904
269.965,3.70419,52985492142
304.466,3.28444,52988776847
296.584,3.37173,52992148411
249.031,4.01556,52996164695
300.396,3.32893,52999494544
309.447,3.23157,53002725437
289.826,3.45035,53006177396
246.45,4.05762,53010236035
318.747,3.13729,53013372473
304.273,3.28652,53016659497
288.272,3.46895,53020128473
270.66,3.69468,53023824118
332.407,3.00836,53026832286
267.573,3.73729,53030570428
297.284,3.36378,53033934210
290.115,3.44691,53037381174
241.667,4.13792,53041520273
332.561,3.00697,53044527029
272.529,3.66934,53048197669
288.047,3.47165,53051669172
246.617,4.05486,53055725878
348.769,2.86723,53058592957
295.806,3.3806,53061973943
289.516,3.45404,53065427993
240.843,4.15209,53069581706
345.689,2.89277,53072473647
274.503,3.64294,53076117557
305.256,3.27594,53079393786
280.696,3.56258,53082957101
255.699,3.91084,53086869033
341.857,2.9252,53089794574
289.036,3.45978,53093254478
294.051,3.40077,53096655597
244.251,4.09415,53100750700
366.258,2.73031,53103480962
301.633,3.31529,53106797038
292.284,3.42133,53110219062
249.648,4.00564,53114225633
333.146,3.00169,53117228442
301.463,3.31716,53120546525
301.373,3.31815,53123865114
299.807,3.33548,53127201308
245.885,4.06694,53131268534
357.819,2.79471,53134063972
259.965,3.84668,53137912289
252.434,3.96143,53141875549
239.89,4.16858,53146044475
414.484,2.41264,53148458497
281.304,3.55488,53152015129
262.161,3.81446,53155830693
243.139,4.11288,53159944716
482.171,2.07396,53162018350
272.195,3.67383,53165693035
245.748,4.06921,53169764900
316.089,3.16367,53172929004
295.381,3.38546,53176314936
324.983,3.07708,53179392264
348.872,2.86638,53182258965
242.256,4.12786,53186387021
308.513,3.24135,53189629469
275.863,3.62499,53193254300
356.181,2.80756,53196062038
235.823,4.24047,53200306030
389.123,2.56988,53202873044
229.206,4.3629,53207237440
446.155,2.24137,53209478519
279.757,3.57453,53213053751
293.377,3.40858,53216463090
257.486,3.88371,53220347360
339.121,2.9488,53223295988
283.704,3.5248,53226821288
307.128,3.25597,53230077644
235.26,4.25062,53234329030
362.696,2.75713,53237085990
277.798,3.59973,53240686595
301.863,3.31276,53243999196
275.34,3.63188,53247632372
238.441,4.1939,53251826955
251.365,3.97827,53255805377
445.402,2.24516,53258050596
266.387,3.75394,53261806051
260.339,3.84114,53265646816
242.978,4.1156,53269762881
475.705,2.10214,53271865538
284.259,3.51792,53275383550
240.338,4.16081,53279545583
248.741,4.02024,53283567424
432.17,2.31391,53285879799
312.707,3.19788,53289079385
294.505,3.39553,53292475409
267.031,3.74488,53296220191
319.423,3.13064,53299350879
285.949,3.49713,53302848495
277.351,3.60553,53306454426
237.976,4.2021,53310657706
360.337,2.77518,53313432408
283.718,3.52463,53316958468
303.752,3.29216,53320250747
252.567,3.95934,53324210822
373.631,2.67644,53326887190
275.022,3.63607,53330523553
299.541,3.33844,53333862604
284.86,3.5105,53337372993
243.345,4.10939,53341483642
346.353,2.88723,53344370727
273.003,3.66297,53348035062
299.261,3.34157,53351376887
257.034,3.89054,53355267803
354.109,2.82399,53358092335
278.941,3.58499,53361677505
293.024,3.41269,53365090633
231.913,4.31196,53369403396
223.072,4.48285,53373887550
512.22,1.95229,53375839790
295.554,3.38347,53379224253
276.274,3.61959,53382844704
263.294,3.79803,53386643692
376.649,2.65499,53389297736
278.483,3.59089,53392888938
237.014,4.21916,53397109722
269.182,3.71496,53400825323
300.641,3.32622,53404152939
219.998,4.54549,53408698221
550.823,1.81547,53410513345
227.085,4.40364,53414918611
364.018,2.74712,53417666401
294.401,3.39673,53421063796
311.092,3.21448,53424278075
294.189,3.39918,53427677645
257.113,3.88934,53431569170
208.481,4.7966,53436365750
143.864,6.95101,53443318346
144.558,6.91765,53450237001
142.843,7.00068,53457237613
143.939,6.94738,53464185802
144.019,6.94351,53471129692
144.191,6.93526,53478065466
145.2,6.88705,53484954021
143.989,6.94496,53491899798
142.935,6.99617,53498896122
143.96,6.94636,53505842908
143.541,6.96667,53512810031
144.289,6.93055,53519741096
144.122,6.93856,53526679905
142.794,7.00311,53533683199
144.914,6.90063,53540584918
144.908,6.90094,53547486634
142.49,7.01803,53554505177
144.254,6.93222,53561437561
143.609,6.96335,53568402150
144.672,6.91219,53575314765
144.777,6.90716,53582223213
142.968,6.99455,53589218189
143.867,6.95087,53596169317
144.752,6.90836,53603078208
144.881,6.9022,53609981450
144.226,6.93355,53616915192
142.833,7.00118,53623917632
144.996,6.89673,53630814356
144.264,6.93176,53637746395
143.586,6.96447,53644712197
145.156,6.88916,53651602032
142.603,7.01245,53658615823
143.998,6.94454,53665560671
144.071,6.94102,53672502636
142.789,7.00337,53679506448
144.649,6.91328,53686420981
144.286,6.9307,53693351791
144.059,6.94162,53700293858
145.698,6.8635,53707160363
131.516,7.60365,53714764283
156.354,6.39573,53721162071
145.191,6.88746,53728053216
143.742,6.95693,53735009414
139.166,7.18565,53742199364
149.228,6.70117,53748900483
144.634,6.914,53755814173
141.981,7.04321,53762859984
146.129,6.84327,53769703313
142.793,7.00315,53776707812
143.421,6.97248,53783680937
143.944,6.94713,53790628665
144.935,6.89964,53797528842
143.704,6.95876,53804487529
143.88,6.95023,53811438684
144.976,6.89768,53818337044
143.416,6.97273,53825310769
143.89,6.94973,53832260852
143.911,6.94874,53839209945
144.537,6.91862,53846129660
143.346,6.97614,53853105802
144.477,6.92152,53860028357
144.593,6.91596,53866944637
143.401,6.97345,53873918501
142.301,7.02735,53880947214
145.215,6.88634,53887834419
143.692,6.95933,53894794239
143.605,6.96352,53901761019
144.102,6.93952,53908702473
145.781,6.8596,53915561051
144.361,6.92709,53922487629
142.941,6.99587,53929485485
143.727,6.95762,53936443666
145.63,6.86673,53943311527
142.84,7.00083,53950312450
144.785,6.90679,53957219578
143.557,6.96585,53964185544
143.928,6.9479,53971134387
143.84,6.95218,53978087658
144.422,6.92415,53985011898
143.493,6.96896,53991980976
145.026,6.89534,53998877861
142.128,7.03593,54005914787
145.072,6.89312,54012807929
143.339,6.97645,54019785499
145.852,6.85627,54026642113
142.047,7.03993,54033683233
143.512,6.96805,54040651688
144.542,6.91843,54047571208
145.826,6.8575,54054429041
142.468,7.01913,54061448887
143.85,6.95169,54068400912
144.774,6.9073,54075309326
144.772,6.90743,54082218865
144.366,6.92684,54089146565
142.506,7.01723,54096164621
143.668,6.96049,54103124984
145.331,6.88086,54110007272
143.412,6.97293,54116981631
143.96,6.94636,54123928518
142.025,7.04102,54130970467
144.251,6.93236,54137904905
144.41,6.92474,54144830885
144.655,6.91302,54151743414
143.812,6.95355,54158697547
144.195,6.93507,54165632749
145.385,6.87829,54172512598
142.615,7.01188,54179525361
144.988,6.89711,54186423479
142.993,6.99333,54193416919
146.027,6.84803,54200266587
142.866,6.99957,54207268709
144.551,6.91797,54214185401
143.903,6.94913,54221134526
142.987,6.99364,54228128520
145.951,6.85161,54234981693
143.383,6.97431,54241956156
143.663,6.96072,54248917632
144.721,6.90984,54255829040
143.578,6.96487,54262793463
143.026,6.99172,54269785029
143.147,6.98584,54276772141
144.545,6.91826,54283690966
143.737,6.95717,54290648767
145.511,6.87234,54297521560
142.69,7.00822,54304530239
146.164,6.84162,54311371892
142.394,7.02276,54318396337
144.057,6.94171,54325338428
144.072,6.94099,54332279743
144.627,6.91433,54339194724
144.73,6.9094,54346105041
144.388,6.92581,54353030841
142.924,6.99671,54360028691
143.97,6.94588,54366975226
143.684,6.95974,54373935867
143.402,6.97338,54380913707
144.238,6.93298,54387844074
143.414,6.97283,54394818079
144.616,6.91488,54401734897
143.601,6.96376,54408701043
144.56,6.91753,54415618109
143.884,6.95003,54422568584
145.063,6.89355,54429462709
145.06,6.89368,54436357553
143.064,6.98987,54443348101
142.599,7.01267,54450361482
145.075,6.89297,54457255104
144.234,6.93317,54464189716
143.959,6.94642,54471136493
144.421,6.92422,54478061158
143.857,6.95133,54485013250
143.78,6.95507,54491969333
144.936,6.89958,54498870826
142.625,7.01139,54505882236
144.024,6.94328,54512826430
144.5,6.9204,54519747067
144.424,6.92405,54526672328
142.011,7.04169,54533714496
144.545,6.91825,54540633589
143.754,6.95632,54547590836
143.878,6.95034,54554540783
144.404,6.92502,54561466668
144.533,6.91883,54568386471
143.822,6.95303,54575340682
143.804,6.95392,54582294274
143.642,6.96177,54589257042
144.762,6.90789,54596165262
144.537,6.91863,54603085337
143.992,6.94483,54610030629
143.682,6.95981,54616990149
143.558,6.96583,54623956890
143.672,6.96029,54630917520
143.567,6.96537,54637883268
145.489,6.87339,54644757928
144.203,6.93469,54651692795
143.341,6.97639,54658669973
144.299,6.93003,54665599969
143.824,6.95295,54672554064
144.183,6.93563,54679490400
143.58,6.96477,54686455656
144.52,6.91945,54693374955
144.847,6.90382,54700279251
142.483,7.0184,54707301793
144.391,6.92564,54714225899
144.024,6.94329,54721169051
143.362,6.97537,54728145808
144.977,6.89766,54735043788
143.033,6.99138,54742036006
145.083,6.89259,54748928868
143.006,6.99273,54755922717
143.746,6.9567,54762879553
144.838,6.90424,54769784990
143.957,6.9465,54776731941
142.539,7.01562,54783750207
146.965,6.80435,54790554959
143.09,6.9886,54797545190
142.807,7.00244,54804549554
145.331,6.88085,54811434121
142.85,7.00035,54818432861
144.238,6.933,54825371776
144.755,6.90821,54832277680
145.155,6.88921,54839169745
142.544,7.0154,54846183638
145.063,6.89357,54853077671
143.502,6.96855,54860047605
143.652,6.96127,54867009751
144.482,6.92127,54873932234
141.864,7.04901,54880983332
144.683,6.91168,54887894955
144.122,6.93855,54894834016
142.573,7.01393,54901849944
143.993,6.94478,54908796512
145.999,6.84935,54915645555
144.129,6.93822,54922584752
144.293,6.93033,54929515962
143.229,6.98184,54936499229
145.017,6.89574,54943394876
143.991,6.94487,54950341061
144.129,6.93823,54957278781
143.706,6.95867,54964238603
145.046,6.89434,54971133672
142.783,7.00365,54978137635
144.498,6.92049,54985059183
144.221,6.93381,54991993543
143.785,6.95484,54998949341
144.058,6.94163,55005892853
143.555,6.96598,55012859194
144.376,6.92635,55019786959
143.787,6.95471,55026741617
145.332,6.8808,55033623307
142.607,7.01229,55040637153
143.953,6.94673,55047584329
144.272,6.93137,55054515578
143.261,6.98027,55061496948
144.487,6.92104,55068418512
144.768,6.90762,55075326926
144.556,6.91776,55082245293
142.64,7.01064,55089257395
143.289,6.97892,55096236463
144.955,6.8987,55103137156
143.52,6.96769,55110105550
144.878,6.90234,55117009214
143.699,6.95901,55123968785
145.043,6.8945,55130863712
144.022,6.94338,55137810590
143.268,6.97995,55144791590
144.545,6.91825,55151710545
143.066,6.98978,55158705442
143.876,6.95043,55165653147
144.291,6.93043,55172588346
143.537,6.96683,55179553068
145.278,6.88336,55186436298
142.643,7.01052,55193447689
146.829,6.81065,55200259098
143.599,6.96383,55207222945
142.7,7.00771,55214234828
144.814,6.90541,55221137871
143.158,6.98527,55228124179
143.603,6.96362,55235087849
144.745,6.90872,55241998197
143.467,6.97025,55248969361
143.868,6.95082,55255920276
143.538,6.96679,55262887388
143.912,6.94867,55269836997
146.854,6.80946,55276648160
142.296,7.02761,55283675773
143.924,6.94809,55290624594
145.606,6.86787,55297492732
143.407,6.97317,55304468298
143.282,6.97924,55311446108
144.22,6.93388,55318381041
145.33,6.88091,55325263376
142.78,7.00379,55332266998
143.201,6.98321,55339251312
145.528,6.87154,55346122954
142.795,7.00304,55353125658
144.948,6.89901,55360025591
144.908,6.90093,55366927598
143.829,6.95271,55373882161
142.886,6.9986,55380881514
143.139,6.98622,55387868493
143.585,6.9645,55394833745
144.519,6.91951,55401755771
141.885,7.04796,55408806131
146.744,6.81457,55415619740
145.121,6.8908,55422511674
143.192,6.98365,55429495582
144.379,6.92623,55436423024
143.438,6.97167,55443394979
144.682,6.91171,55450307664
144.869,6.9028,55457210822
140.94,7.09523,55464308012
147.308,6.7885,55471096590
142.046,7.03996,55478137580
145.219,6.88616,55485024666
144.084,6.9404,55491965614
144.1,6.93961,55498905632
143.926,6.948,55505855365
143.211,6.98269,55512838182
143.415,6.97276,55519811727
143.579,6.96483,55526776801
144.894,6.90159,55533678650
142.846,7.00056,55540680366
144.929,6.89991,55547581386
144.418,6.92434,55554506188
143.874,6.95051,55561456996
145.19,6.88755,55568344764
143.189,6.9838,55575330298
144.491,6.92087,55582251605
142.477,7.01868,55589270891
144.107,6.93927,55596210619
145.154,6.88926,55603101104
144.281,6.9309,55610033416
143.981,6.94537,55616977493
143.381,6.97443,55623952687
144.298,6.93008,55630883329
143.747,6.95668,55637840660
142.888,6.99851,55644839449
145.512,6.87229,55651712751
144.43,6.92376,55658637246
142.866,6.99957,55665637370
144.146,6.93743,55672575454
144.638,6.9138,55679490106
143.482,6.96952,55686460100
144.424,6.92405,55693385222
143.704,6.95875,55700344432
143.815,6.95338,55707298303
144.003,6.94432,55714244832
145.163,6.88879,55721131803
141.893,7.04755,55728180551
145.517,6.87206,55735053291
144.479,6.92144,55741975547
144.037,6.94266,55748918953
142.835,7.0011,55755920289
144.391,6.92566,55762846944
145.379,6.87856,55769726400
142.581,7.01354,55776740219
144.979,6.89754,55783638957
143.103,6.98797,55790627713
11.573,86.4082,55877037423
12.5055,79.9648,55957002962
102.341,9.77122,55966774479
2351.15,0.425323,55967199651
252.435,3.96142,55971162563
460.101,2.17343,55973336632
209.319,4.7774,55978113910
444.333,2.25057,55980365743
213.601,4.68163,55985048284
487.122,2.05287,55987100696
204.572,4.88826,55991989259
455.352,2.1961,55994186831
212.203,4.71247,55998898806
481.512,2.07679,56000975989
203.871,4.90507,56005881699
480.668,2.08044,56007962371
206.303,4.84723,56012811579
448.424,2.23003,56015041423
209.931,4.76347,56019805897
442.601,2.25937,56022065823
213.624,4.68113,56026746546
475.643,2.10242,56028850183
206.63,4.83957,56033690389
456.619,2.19001,56035880612
209.661,4.7696,56040652683
439.69,2.27433,56042926944
215.399,4.64255,56047569178
490.715,2.03784,56049607702
202.08,4.94853,56054556338
512.703,1.95045,56056507025
200.531,4.98675,56061494172
504.309,1.98291,56063477245
206.945,4.83221,56068311061
422.762,2.3654,56070677162
211.949,4.71813,56075395353
144.227,6.93352,56082329416
144.536,6.9187,56089250277
354.844,2.81814,56092068385
242.313,4.12689,56096196059
145.496,6.87303,56103070035
141.058,7.0893,56110159667
144.884,6.90207,56117062847
144.45,6.92282,56123986543
143.655,6.96112,56130957103
144.462,6.92226,56137871493
144.661,6.91274,56144784796
346.581,2.88533,56147671126
244.5,4.08997,56151761384
365.151,2.7386,56154500035
239.494,4.17548,56158675513
354.297,2.82249,56161499132
243.965,4.09895,56165599939
358.248,2.79136,56168391077
241.499,4.14081,56172533454
292.654,3.41701,56175952535
286.156,3.4946,56179448273
143.791,6.95452,56186403783
142.288,7.02801,56193433950
145.734,6.86179,56200297517
141.542,7.06502,56207365686
397.1,2.51826,56209882089
230.657,4.33545,56214219321
586.161,1.70602,56215926578
190.992,5.23581,56221162649
448.409,2.23011,56223393363
215.697,4.63614,56228030977
525.754,1.90203,56229933241
197.465,5.0642,56234998688
495.537,2.01801,56237022753
202.993,4.92627,56241948436
439.748,2.27403,56244223194
213.535,4.68306,56248907276
447.682,2.23373,56251142198
212.516,4.70552,56255848622
543.682,1.83931,56257686973
193.918,5.15681,56262847022
439.08,2.27749,56265126475
215.498,4.64042,56269769287
536.476,1.86401,56271632629
199.953,5.00118,56276635634
499.534,2.00187,56278637420
202.081,4.9485,56283587783
522.496,1.91389,56285500990
197.778,5.05618,56290558483
510.445,1.95907,56292518440
200.051,4.99873,56297517978
485.658,2.05906,56299577779
206.854,4.83432,56304413003
527.128,1.89707,56306311305
196.002,5.10198,56311413146
535.954,1.86583,56313279236
196.671,5.08463,56318366393
507.833,1.96915,56320335058
201.317,4.9673,56325304241
531.091,1.88292,56327186860
198.761,5.03116,56332219133
428.553,2.33344,56334555065
215.885,4.6321,56339187818
468.758,2.1333,56341322210
209.728,4.76809,56346089448
564.22,1.77236,56347862647
189.369,5.28069,56353146078
545.676,1.83259,56354977304
172.932,5.7826,56360763681
434.787,2.29998,56363062528
257.611,3.88182,56366946194
462.818,2.16068,56369106920
208.348,4.79967,56373907694
535.697,1.86673,56375774258
196.335,5.09333,56380869514
485.364,2.06031,56382932716
205.633,4.86302,56387795150
536.484,1.86399,56389658969
195.351,5.119,56394780499
454.134,2.20199,56396981932
210.937,4.74074,56401726013
485.394,2.06018,56403785804
198.568,5.03606,56408826860
407.231,2.45561,56411281461
233.227,4.28767,56415570125
492.688,2.02968,56417599411
203.77,4.90749,56422507838
552.051,1.81143,56424318593
194.624,5.1381,56429459855
458.108,2.18289,56431642911
210.826,4.74324,56436386616
471.124,2.12258,56438509585
207.652,4.81575,56443325933
529.873,1.88725,56445213922
194.031,5.15382,56450369733
483.091,2.07,56452440320
207.796,4.81242,56457255523
455.989,2.19303,56459448242
210.532,4.74988,56464199035
480.043,2.08314,56466282242
205.359,4.86951,56471153302
541.237,1.84762,56473001404
196.446,5.09046,56478093669
386.056,2.5903,56480684301
231.378,4.32194,56485007207
408.795,2.44621,56487453446
222.438,4.49564,56491951353
426.142,2.34663,56494299830
217.086,4.60647,56498906219
409.547,2.44173,56501349390
222.864,4.48704,56505837327
412.126,2.42644,56508264050
221.433,4.51605,56512781276
437.316,2.28668,56515067798
214.701,4.65764,56519726780
370.441,2.69949,56522427639
235.843,4.24011,56526668691
427.755,2.33779,56529007006
216.192,4.62553,56533635316
420.11,2.38033,56536014889
218.7,4.57247,56540589270
427.696,2.33811,56542926463
218.068,4.58572,56547512764
430.759,2.32148,56549836604
217.278,4.60239,56554439688
438.782,2.27904,56556717983
208.694,4.7917,56561510979
456.536,2.19041,56563702741
216.121,4.62703,56568329594
611.526,1.63525,56569965174
187.874,5.32272,56575290485
529.185,1.8897,56577179503
197.973,5.05119,56582234247
577.867,1.7305,56583962228
190.2,5.25763,56589228883
485.835,2.05831,56591284138
205.874,4.85734,56596144369
439.037,2.27771,56598421788
214.369,4.66485,56603087390
564.33,1.77201,56604859232
192.631,5.19128,56610054206
383.271,2.60912,56612662502
232.644,4.29842,56616962252
436.05,2.29331,56619255215
214.979,4.65161,56623908762
431.96,2.31503,56626224546
214.472,4.66262,56630888413
420.369,2.37886,56633268072
221.171,4.52139,56637790596
423.291,2.36244,56640152558
218.991,4.5664,56644720441
423.47,2.36144,56647081700
213.604,4.68156,56651764006
458.876,2.17924,56653943387
209.899,4.76419,56658707565
469.645,2.12927,56660837788
209.42,4.7751,56665614306
444.082,2.25184,56667866409
209.429,4.77489,56672642131
470.824,2.12394,56674765917
208.299,4.80078,56679567367
467.237,2.14024,56681707368
209.77,4.76713,56686475575
455.788,2.194,56688669327
209.379,4.77602,56693446589
465.517,2.14815,56695594492
209.838,4.76558,56700362156
447.692,2.23368,56702596073
209.906,4.76405,56707362665
412.491,2.42429,56709785891
224.752,4.44935,56714236742
461.579,2.16648,56716405475
208.004,4.8076,56721211417
472.991,2.1142,56723324695
207.095,4.8287,56728155681
455.164,2.19701,56730352534
212.865,4.69781,56735050846
471.495,2.12091,56737171122
206.616,4.8399,56742012284
467.189,2.14046,56744153067
206.25,4.84848,56749002837
471.433,2.12119,56751123836
209.83,4.76577,56755891473
431.563,2.31716,56758208425
217.536,4.59695,56762806945
416.895,2.39869,56765207583
216.217,4.62498,56769832684
444.121,2.25164,56772085071
213.039,4.69397,56776779583
449.394,2.22522,56779003991
216.132,4.6268,56783632332
432.262,2.31341,56785946335
212.811,4.699,56790649127
395.888,2.52597,56793174229
230.216,4.34375,56797519320
415.432,2.40713,56799925964
217.743,4.59257,56804518767
442.955,2.25757,56806776993
211.28,4.73306,56811510566
444.947,2.24746,56813758505
216.035,4.62889,56818387461
449.243,2.22597,56820614242
216.176,4.62586,56825240669
462.852,2.16052,56827401425
204.589,4.88785,56832290127
460.704,2.17059,56834460680
210.478,4.75108,56839213692
456.185,2.19209,56841405492
209.799,4.76647,56846173110
465.581,2.14785,56848321247
209.696,4.76881,56853090277
455.273,2.19648,56855287612
209.927,4.76356,56860051939
461.444,2.16711,56862219263
212,4.71698,56866937213
436.442,2.29125,56869229321
213.059,4.69355,56873922856
447.153,2.23637,56876159859
211.85,4.72033,56880880788
426.278,2.34589,56883228178
214.731,4.657,56887886449
458.461,2.18121,56890066726
211.1,4.7371,56894805080
425.26,2.35151,56897157331
215.428,4.64192,56901800182
400.25,2.49844,56904299497
218.117,4.5847,56908889577
362.883,2.75571,56911643355
248.214,4.02878,56915671165
456.991,2.18823,56917859624
211.903,4.71915,56922579785
411.3,2.43132,56925013881
217.757,4.59227,56929607956
361.439,2.76672,56932375290
244.676,4.08704,56936465585
398.6,2.50878,56938974657
227.537,4.39489,56943372826
445.168,2.24634,56945618517
213.073,4.69323,56950312818
492.272,2.0314,56952343566
202.591,4.93604,56957283123
379.195,2.63717,56959921083
230.194,4.34415,56964267062
435.537,2.29602,56966564197
216.949,4.60938,56971175237
386.259,2.58894,56973766527
226.978,4.40571,56978177508
403.806,2.47643,56980651913
226.384,4.41726,56985069694
392.922,2.54503,56987616519
226.903,4.40717,56992029450
513.887,1.94595,56993970522
196.099,5.09947,56999070948
604.636,1.65389,57000724889
191.254,5.22865,57005954419
603.849,1.65604,57007609756
188.993,5.2912,57012905382
599.387,1.66837,57014571559
190.07,5.26122,57019834357
572.897,1.74551,57021579558
189.843,5.26751,57026847731
638.998,1.56495,57028412824
188.286,5.31107,57033725329
606.39,1.6491,57035374405
188.497,5.30513,57040679994
606.039,1.65006,57042330279
187.537,5.33228,57047664447
597.43,1.67384,57049336692
192.063,5.20664,57054544988
596.648,1.67603,57056220213
188.489,5.30536,57061527639
607.191,1.64693,57063173759
189.954,5.26444,57068438758
598.132,1.67187,57070110609
188.483,5.30551,57075417678
581.795,1.71882,57077135969
193.164,5.17694,57082314826
576.052,1.73595,57084050356
189.873,5.26667,57089318397
610.577,1.63779,57090956254
190.019,5.26263,57096219763
575.192,1.73855,57097957742
192.957,5.1825,57103141928
584.414,1.71112,57104852593
189.066,5.28917,57110143926
579.28,1.72628,57111869796
192.837,5.18574,57117057353
583.795,1.71293,57118770401
191.345,5.22617,57123998295
143.414,6.97281,57130972150
145.641,6.8662,57137839778
140.407,7.12216,57144964441
147.295,6.78908,57151752904
144.518,6.91956,57158675754
143.785,6.95484,57165631930
144.238,6.93299,57172565799
142.727,7.00637,57179573071
143.695,6.9592,57186531631
143.928,6.94794,57193480608
143.928,6.94792,57200429691
143.691,6.95936,57207389799
145.989,6.84981,57214240507
142.949,6.99549,57221237086
143.874,6.95051,57228187060
143.145,6.98592,57235174242
145.554,6.87032,57242045575
142.661,7.00963,57249055197
145.896,6.85418,57255910036
141.769,7.05375,57262964648
144.313,6.9294,57269894308
144.472,6.92175,57276817888
145.923,6.85292,57283670980
141.618,7.06125,57290733509
146.22,6.83901,57297572940
143.897,6.9494,57304523968
142.999,6.99305,57311517092
144.434,6.92356,57318442665
143.124,6.98696,57325429210
143.818,6.95324,57332383631
143.523,6.96753,57339352147
146.343,6.83324,57346186765
141.534,7.06542,57353252509
144.684,6.9116,57360163995
143.985,6.94515,57367110632
145.783,6.8595,57373970501
142.124,7.0361,57381007895
144.538,6.9186,57387928238
143.344,6.97622,57394904763
144.434,6.92359,57401828737
142.963,6.99482,57408825111
143.685,6.95965,57415784519
144.93,6.89986,57422684183
146.854,6.8095,57429495367
140.287,7.12825,57436623524
144.965,6.89822,57443523572
143.46,6.97059,57450494510
146.995,6.80294,57457298232
142.801,7.00276,57464301680
143.699,6.95901,57471262234
142.955,6.9952,57478258132
146.42,6.82967,57485089709
144.348,6.92769,57492017204
529.046,1.8902,57493909072
196.986,5.07651,57498985040
578.377,1.72898,57500714643
191.994,5.2085,57505923400
609.861,1.63972,57507563680
186.863,5.35151,57512915280
609.48,1.64074,57514556738
189.355,5.28107,57519838187
579.599,1.72533,57521564527
188.666,5.30037,57526865810
498.69,2.00525,57528870786
204.871,4.88113,57533753335
518.308,1.92935,57535682066
198.672,5.03342,57540716814
489.265,2.04388,57542760605
203.874,4.905,57547665953
487.223,2.05245,57549718182
205.622,4.8633,57554582249
492.576,2.03014,57556612775
205.121,4.87516,57561488779
502.969,1.98819,57563477731
202.568,4.93661,57568414756
600.577,1.66507,57570080037
187.475,5.33404,57575415665
552.492,1.80998,57577225607
194.094,5.15214,57582377811
143.924,6.94812,57589329329
144.84,6.90417,57596233544
143.582,6.96464,57603199337
143.81,6.9536,57610153830
145.215,6.88635,57617040490
143.37,6.97496,57624016416
142.974,6.99426,57631011947
144.743,6.9088,57637920304
144.756,6.90816,57644829403
143.944,6.94717,57651777995
143.688,6.95954,57658737876
143.756,6.95622,57665695247
143.753,6.95636,57672652728
143.785,6.95483,57679608082
144.309,6.92959,57686538139
144.233,6.93324,57693472502
145.727,6.86213,57700336166
22.5753,44.2962,57744637450
1339.69,0.746443,57745378653
276.238,3.62007,57748999803
143.645,6.9616,57755964445
143.746,6.95672,57762921401
143.454,6.97085,57769892708
145.428,6.87624,57776769496
142.097,7.03743,57783808039
144.684,6.91164,57790726829
146.262,6.83705,57797563135
140.734,7.1056,57804668286
146.539,6.8241,57811496206
145.547,6.87064,57818365819
133.543,7.48821,57825859168
152.488,6.55789,57832416391
145.148,6.88954,57839307981
145.047,6.89431,57846201794
143.769,6.95559,57853161680
140.659,7.10938,57860274907
148.396,6.73875,57867012314
140.359,7.1246,57874141656
147.625,6.77391,57880916038
143.613,6.96315,57887880910
133.522,7.48939,57895372692
155.088,6.44795,57901821829
143.434,6.97185,57908794502
143.662,6.96079,57915756463
144.163,6.93659,57922693128
145.835,6.85705,57929551886
142.453,7.01985,57936572128
145.109,6.89137,57943464139
144.366,6.92684,57950391933
144.834,6.90445,57957297499
141.801,7.05214,57964350031
143.954,6.94665,57971297615
145.149,6.88945,57978187458
145.69,6.86391,57985051688
142.697,7.00784,57992061281
145.237,6.88532,57998948313
143.646,6.96157,58005912869
144.069,6.94113,58012856318
143.223,6.98213,58019842808
144.535,6.91872,58026761784
144.391,6.92563,58033690783
144.346,6.92778,58040617979
140.648,7.10993,58047729288
146.626,6.82006,58054550194
145.216,6.88631,58061437761
141.718,7.05625,58068495116
144.887,6.90194,58075397429
142.544,7.01538,58082412929
144.795,6.90629,58089321741
143.67,6.96042,58096282000
145.017,6.89576,58103178071
144.071,6.94101,58110120619
144.519,6.91952,58117044102
143.592,6.96416,58124009313
143.297,6.97849,58130987877
142.423,7.02135,58138010862
143.697,6.95911,58144970772
145.334,6.88071,58151851484
145.845,6.85657,58158709581
143.273,6.9797,58165689595
141.978,7.04334,58172733606
146.387,6.83121,58179565248
143.115,6.98737,58186553793
144.71,6.91036,58193465206
142.34,7.02543,58200490804
144.418,6.92434,58207416019
145.823,6.85763,58214273508
143.978,6.94549,58221220346
144.869,6.90277,58228123519
142.521,7.01649,58235140503
144.492,6.92078,58242062418
141.304,7.07696,58249142328
146.067,6.84618,58255988742
143.825,6.95289,58262941224
144.274,6.93128,58269873421
143.498,6.96872,58276842457
144.251,6.93238,58283775412
145.921,6.853,58290629221
142.07,7.03877,58297669905
143.704,6.95876,58304628519
144.41,6.92475,58311553838
144.386,6.92586,58318480809
593.358,1.68532,58320166574
190.882,5.23884,58325406152
572.898,1.74551,58327151625
192.075,5.20631,58332359068
564.433,1.77169,58334130704
192.495,5.19493,58339326292
590.998,1.69205,58341018691
192.472,5.19556,58346214719
566.068,1.76657,58347982044
191.735,5.21553,58353198321
143.61,6.96331,58360163028
143.727,6.95764,58367121635
143.325,6.97714,58374100472
144.578,6.91668,58381017374
143.649,6.9614,58387981903
143.909,6.94884,58394930764
143.489,6.96916,58401902561
146.282,6.8361,58408737495
142.768,7.00437,58415743327
144.093,6.93996,58422684176
144.72,6.90989,58429594570
143.983,6.94527,58436540849
143.797,6.95425,58443495644
145.521,6.87188,58450367319
144.185,6.93553,58457303705
319.708,3.12785,58460432298
256.898,3.8926,58464324909
525.436,1.90318,58466228735
201.062,4.97359,58471202429
484.908,2.06225,58473264796
203.898,4.90441,58478169759
558.503,1.7905,58479960888
192.506,5.19463,58485156374
596.8,1.6756,58486833039
187.854,5.32329,58492156801
561.181,1.78196,58493939146
196.581,5.08697,58499026865
547.472,1.82658,58500854822
195.286,5.12068,58505975202
531.304,1.88216,58507857587
196.634,5.08559,58512945020
535.515,1.86736,58514812453
196.589,5.08677,58519900029
565.015,1.76986,58521669024
194.213,5.14899,58526819258
555.153,1.80131,58528620917
193.061,5.17971,58533801117
569.165,1.75696,58535558503
194.279,5.14723,58540705667
563.635,1.7742,58542480104
192.248,5.20161,58547682620
572.296,1.74735,58549430598
194.519,5.1409,58554572416
597.355,1.67405,58556246022
186.664,5.35721,58561604704
590.526,1.69341,58563298270
195.014,5.12785,58568428031
566.889,1.76401,58570192539
189.469,5.27792,58575471173
578.509,1.72858,58577198852
193.474,5.16865,58582368865
552.132,1.81116,58584180517
193.746,5.1614,58589343324
554.063,1.80485,58591147545
196.457,5.09017,58596238879
579.064,1.72692,58597964895
195.636,5.11152,58603078355
586.294,1.70563,58604782868
186.533,5.36097,58610145320
574.889,1.73947,58611884137
193.165,5.17692,58617062588
569.944,1.75456,58618817074
193.313,5.17297,58623991130
567.789,1.76122,58625752475
192.754,5.18797,58630941411
553.659,1.80617,58632747665
191.88,5.2116,58637960269
562.093,1.77907,58639738529
193.607,5.1651,58644904929
594.503,1.68208,58646585993
191.841,5.21264,58651800139
558.936,1.78911,58653590832
192.582,5.1926,58658782764
599.286,1.66865,58660451267
192.219,5.20241,58665655581
593.176,1.68584,58667341116
188.721,5.29884,58672641396
579.739,1.72492,58674366272
188.939,5.29272,58679660521
586.808,1.70414,58681365711
195.852,5.10589,58686472124
547.051,1.82798,58688299618
191.183,5.2306,58693531729
562.866,1.77662,58695307978
193.795,5.16009,58700469175
581.942,1.71838,58702186939
193.546,5.16672,58707354153
451.346,2.2156,58709570118
209.568,4.77173,58714343023
476.887,2.09693,58716439585
209.668,4.76943,58721209885
456.957,2.18839,58723399871
210.638,4.74748,58728147143
482.795,2.07127,58730218723
205.222,4.87277,58735092352
479.334,2.08623,58737178552
203.795,4.90689,58742086684
460.374,2.17215,58744258597
208.48,4.79662,58749055398
478.984,2.08775,58751146297
208.766,4.79004,58755934955
456.71,2.18957,58758125618
208.685,4.7919,58762916365
506.915,1.97272,58764890201
201.571,4.96104,58769852163
470.538,2.12523,58771977944
208.084,4.80575,58776783374
502.568,1.98978,58778773722
200.858,4.97864,58783752884
438.163,2.28226,58786035391
214.095,4.67083,58790706839
506.791,1.9732,58792680492
198.037,5.04956,58797730523
438.145,2.28235,58800013724
217.41,4.59961,58804612938
494.824,2.02092,58806634674
205.765,4.85991,58811496642
434.884,2.29946,58813796147
210.73,4.74541,58818540792
465.49,2.14827,58820690156
214.103,4.67065,58825362100
437.926,2.28349,58827646221
212.397,4.70818,58832354814
464.258,2.15398,58834508950
206.168,4.85042,58839360021
479.291,2.08642,58841447698
209.099,4.78243,58846229907
472.424,2.11674,58848347808
207.892,4.81019,58853158505
552.462,1.81008,58854968913
194.662,5.13711,58860106327
546.489,1.82986,58861936549
196.319,5.09374,58867030673
552.859,1.80878,58868840496
194.317,5.14622,58873987405
545.142,1.83438,58875821650
194.4,5.14403,58880966502
553.264,1.80746,58882773613
194.303,5.1466,58887922840
493.392,2.02679,58889949305
205.516,4.86581,58894815258
545.917,1.83178,58896646803
191.585,5.2196,58901868310
352.311,2.8384,58904708421
243.002,4.1152,58908825470
474.284,2.10844,58910938281
207.015,4.83057,58915765730
550.971,1.81498,58917580269
194.211,5.14903,58922731589
580.72,1.722,58924452969
194.19,5.14958,58929603753
561.896,1.77969,58931382938
192.375,5.19818,58936582885
559.153,1.78842,58938370438
195.632,5.11164,58943484310
573.409,1.74396,58945227343
192.193,5.20309,58950431926
556.46,1.79708,58952228995
192.844,5.18553,58957415522
574.731,1.73995,58959155423
191.763,5.21477,58964370911
582.283,1.71738,58966088975
190.363,5.25312,58971343038
554.096,1.80474,58973147971
200.545,4.9864,58978135278
566.615,1.76487,58979900435
193.009,5.18112,58985082898
544.899,1.8352,58986917930
195.125,5.12492,58992044742
537.23,1.8614,58993905348
195.722,5.10928,58999015537
528.275,1.89295,59000907719
196.647,5.08527,59005994973
540.214,1.85112,59007845845
196.248,5.09558,59012942896
578.144,1.72967,59014672694
193.045,5.18015,59019854716
570.161,1.75389,59021608745
188.565,5.30321,59026912106
581.063,1.72098,59028634107
193.849,5.15866,59033793094
562.849,1.77668,59035570548
193.571,5.16606,59040737684
557.53,1.79363,59042531046
196.113,5.0991,59047631376
558.877,1.7893,59049420470
193.458,5.16909,59054591040
537.589,1.86016,59056451447
194.085,5.15238,59061604725
589.989,1.69495,59063299067
192.256,5.20139,59068502595
396.611,2.52136,59071026713
226.061,4.42358,59075450088
423.059,2.36374,59077816302
221.948,4.50557,59082323119
322.805,3.09785,59085422939
259.571,3.85251,59089277843
372.816,2.68229,59091960364
233.167,4.28878,59096249398
393.304,2.54256,59098793029
227.308,4.39931,59103194569
400.112,2.4993,59105695013
222.379,4.49684,59110196113
386.09,2.59007,59112786467
207.871,4.81067,59117602295
333.757,2.99619,59120600712
294.051,3.40076,59123999245
359.153,2.78433,59126783398
242,4.13224,59130918131
393.784,2.53946,59133456582
223.761,4.46905,59137928988
346.112,2.88924,59140820396
245.033,4.08109,59144902703
365.761,2.73403,59147636421
244.003,4.09831,59151736124
363.412,2.7517,59154488391
230.464,4.33908,59158830483
384.055,2.60379,59161433996
238.24,4.19744,59165632272
373.909,2.67445,59168307834
230.615,4.33623,59172651143
345.256,2.8964,59175543790
246.473,4.05724,59179601836
413.303,2.41953,59182021199
220.592,4.53325,59186555985
406.19,2.4619,59189018372
223.564,4.47299,59193491374
418.06,2.392,59195883709
219.313,4.55969,59200444328
434.019,2.30404,59202748156
214.741,4.65678,59207407156
405.479,2.46622,59209872834
222.57,4.49297,59214366801
433.24,2.30819,59216674977
221.723,4.51014,59221186404
411.873,2.42793,59223613699
220.048,4.54446,59228158658
417.1,2.39751,59230556894
219.196,4.56212,59235119528
419.881,2.38163,59237501234
219.873,4.54808,59242049654
419.11,2.38601,59244436487
221.152,4.52177,59248958410
413.254,2.41982,59251381122
217.847,4.59037,59255969613
428.813,2.33202,59258301692
218.547,4.57568,59262877786
411.531,2.42995,59265309484
216.924,4.60991,59269920220
430.561,2.32255,59272242411
218.483,4.57702,59276819799
420.88,2.37597,59279195876
219.942,4.54665,59283743026
419.752,2.38236,59286126139
219.021,4.56577,59290691946
428.372,2.33442,59293027611
217.12,4.60575,59297634398
424.263,2.35703,59299990938
214.965,4.65193,59304643784
579.074,1.7269,59306370226
191.289,5.22769,59311599238
578.485,1.72865,59313326726
193.2,5.17598,59318505076
589.423,1.69658,59320201014
189.19,5.28569,59325489566
579.215,1.72648,59327214893
193.537,5.16698,59332383201
598.97,1.66953,59334060482
188.096,5.31644,59339369412
588.481,1.69929,59341069680
191.113,5.23251,59346302662
579.583,1.72538,59348027133
193.893,5.15748,59353187418
538.633,1.85655,59355043147
194.903,5.13075,59360174850
587.911,1.70094,59361874760
192.373,5.19825,59367074958
572.658,1.74624,59368820281
190.904,5.23824,59374062277
517.044,1.93407,59375994581
198.952,5.02634,59381022051
535.035,1.86904,59382890992
194.602,5.1387,59388035116
502.608,1.98962,59390020690
205.122,4.87516,59394897035
571.284,1.75044,59396647522
190.936,5.23736,59401885540
493.339,2.027,59403913581
203.432,4.91565,59408829989
515.038,1.94161,59410773111
200.911,4.97734,59415752861
528.958,1.89051,59417641857
196.799,5.08131,59422723719
571.699,1.74917,59424473952
194.811,5.13318,59429608914
557.645,1.79325,59431401871
193.578,5.16587,59436568718
526.584,1.89903,59438467690
201.634,4.95948,59443427883
579.524,1.72555,59445153824
190.288,5.2552,59450410130
531.302,1.88217,59452292354
197.436,5.06492,59457358181
589.74,1.69566,59459057570
185.743,5.38377,59464438128
579.75,1.72488,59466163744
194.296,5.14679,59471311279
581.911,1.71848,59473029947
192.029,5.20755,59478239283
590.07,1.69472,59479934525
193.075,5.17934,59485115179
585.845,1.70694,59486821230
189.133,5.28727,59492111016
143.587,6.9644,59499076041
144.025,6.94325,59506019643
143.526,6.96737,59512987216
144.44,6.92331,59519911424
144.026,6.94319,59526855421
143.422,6.97244,59533828911
144.022,6.94338,59540773605
145.857,6.85603,59547630610
144.644,6.91352,59554544352
143.064,6.9899,59561534623
144.796,6.90626,59568441925
142.712,7.00712,59575449434
144.6,6.91562,59582366765
143.47,6.97011,59589337489
144.758,6.90807,59596246160
143.631,6.96228,59603209064
143.781,6.95503,59610164798
145.497,6.87299,59617038438
144.302,6.92991,59623969154
142.966,6.99465,59630965226
143.664,6.96068,59637927455
142.777,7.00392,59644931383
143.553,6.96606,59651898927
144.603,6.91547,59658814477
143.87,6.95073,59665765586
145.244,6.88495,59672651115
143.954,6.94664,59679599064
145.429,6.87622,59686476028
141.323,7.076,59693552917
144.191,6.93525,59700488961
144.039,6.94258,59707431902
145.144,6.88973,59714323536
144.048,6.94215,59721266604
143.117,6.9873,59728253984
144.675,6.91205,59735166695
145.645,6.86599,59742032978
144.191,6.93523,59748970914
142.3,7.02741,59756000015
143.075,6.98936,59762986390
144.252,6.93232,59769919251
143.399,6.97354,59776893343
144.584,6.91639,59783810795
144.846,6.90391,59790716418
144.598,6.91572,59797631716
143.194,6.98352,59804616338
142.866,6.99958,59811616577
144.642,6.91362,59818530483
144.837,6.90431,59825438562
143.64,6.96185,59832406382
145.036,6.89486,59839296755
142.134,7.0356,59846336965
146.9,6.80735,59853141880
142.895,6.99815,59860141948
143.584,6.96457,59867108905
144.666,6.91246,59874022979
141.732,7.05555,59881080285
143.449,6.97114,59888055931
147.558,6.77699,59894831908
143.4,6.9735,59901807421
143.696,6.95913,59908770500
140.576,7.11358,59915885386
149.185,6.70307,59922587972
138.412,7.22478,59929814582
146.667,6.81814,59936632860
144.176,6.93597,59943569055
144.794,6.90634,59950477306
143.527,6.96735,59957444828
144.848,6.9038,59964349367
144.19,6.93531,59971285153
144.879,6.90233,59978188390
144.058,6.94164,59985129841
142.975,6.99424,59992125614
143.319,6.97746,59999103281
144.3,6.93002,60006034511
143.85,6.95167,60012987866
143.717,6.95811,60019946295
144.426,6.92394,60026870465
144.762,6.90788,60033778813
144.201,6.93477,60040714504
146.048,6.84708,60047562496
140.753,7.10467,60054668266
145.598,6.86821,60061536973
144.076,6.94076,60068478081
143.196,6.98343,60075461658
143.952,6.94676,60082409965
558.513,1.79047,60084200586
193.744,5.16146,60089363394
560.3,1.78476,60091148891
195.565,5.1134,60096262544
570.176,1.75384,60098016546
194.101,5.15195,60103169563
565.878,1.76716,60104937499
192.738,5.18838,60110126321
546.421,1.83009,60111957087
196.864,5.07965,60117039160
546.807,1.8288,60118868594
193.919,5.15679,60124025458
545.192,1.83422,60125860045
194.627,5.13802,60130999016
552.888,1.80869,60132807881
193.572,5.16603,60137975607
515.015,1.94169,60139916827
200.428,4.98932,60144911941
349.934,2.85768,60147768602
248.117,4.03035,60151799966
394.637,2.53397,60154333047
226.833,4.40854,60158747273
374.11,2.67301,60161418300
233.048,4.29096,60165710795
440.969,2.26773,60167979358
214.929,4.65271,60172636070
141.516,7.06633,60179705700
147.168,6.79497,60186500119
243.1,4.11353,60190614787
355.585,2.81227,60193429951
439.737,2.27409,60195703251
213.201,4.6904,60200395537
486.506,2.05547,60202451548
201.984,4.95088,60207404298
410.95,2.43338,60209838032
219.959,4.5463,60214383716
596.025,1.67778,60216060847
188.227,5.31274,60221375289
555.82,1.79914,60223174638
200.192,4.99519,60228170222
561.598,1.78063,60229951543
191.574,5.21992,60235171772
570.526,1.75277,60236925348
193.732,5.16176,60242088085
547.495,1.8265,60243913986
197.044,5.07501,60248990136
553.821,1.80564,60250795966
193.24,5.17492,60255972318
543.781,1.83897,60257813366
193.814,5.15957,60262971488
577.603,1.73129,60264702448
190.905,5.23819,60269941396
565.492,1.76837,60271710076
194.754,5.13469,60276845377
558.994,1.78893,60278634797
194.537,5.14041,60283775448
571.47,1.74987,60285527422
189.359,5.28097,60290808766
560.463,1.78424,60292593046
194.601,5.13872,60297732201
558.015,1.79207,60299525435
195.317,5.11988,60304645959
588.173,1.70018,60306346013
192.819,5.18621,60311534410
471.21,2.1222,60313657511
206.658,4.83892,60318496537
539.289,1.85429,60320351414
194.5,5.14138,60325492857
553.99,1.80509,60327298074
195.128,5.12485,60332423940
570.864,1.75173,60334175601
190.973,5.23635,60339413611
576.629,1.73422,60341147486
195.666,5.11075,60346261566
436.901,2.28885,60348548873
209.762,4.76731,60353316977
603.858,1.65602,60354972812
191.551,5.22054,60360194336
570.386,1.7532,60361946922
191.458,5.22308,60367170647
569.543,1.7558,60368927409
195.746,5.10866,60374036507
424.299,2.35683,60376394454
217.435,4.59907,60380994113
523.527,1.91012,60382904547
195.252,5.12159,60388028368
483.542,2.06807,60390096163
205.732,4.86069,60394958524
512.728,1.95035,60396908920
202.324,4.94258,60401851142
554.705,1.80276,60403655448
191.603,5.21913,60408876963
521.681,1.91688,60410793257
198.454,5.03895,60415836438
502.405,1.99042,60417825823
204.995,4.87816,60422704874
554.415,1.8037,60424509096
196.884,5.07914,60429588976
571.11,1.75098,60431340177
190.308,5.25463,60436595922
572.056,1.74808,60438343235
192.939,5.183,60443527300
590.333,1.69396,60445221158
189.755,5.26995,60450492970
577.191,1.73253,60452225680
197.37,5.06664,60457292147
568.195,1.75996,60459052625
191.469,5.22276,60464275935
574.113,1.74182,60466018083
189.643,5.27307,60471292584
569.664,1.75542,60473047963
192.924,5.18339,60478232341
534.033,1.87255,60480105025
196.771,5.08206,60485188778
563.125,1.7758,60486964675
194.488,5.1417,60492107673
556.276,1.79767,60493904798
194.195,5.14946,60499055336
569.171,1.75694,60500812826
191.036,5.2346,60506047352
589.533,1.69626,60507744094
190.998,5.23566,60512980624
566.705,1.76459,60514744983
190.788,5.24143,60519988052
567.919,1.76081,60521749172
196.111,5.09914,60526849901
570.684,1.75228,60528601801
192.499,5.19483,60533797917
554.509,1.8034,60535601456
195.785,5.10764,60540709751
549.456,1.81998,60542529645
193.361,5.17168,60547702660
578.329,1.72912,60549432202
194.21,5.14906,60554582230
569.981,1.75444,60556336829
190.592,5.24681,60561585101
555.092,1.8015,60563386558
194.355,5.14522,60568532791
570.019,1.75433,60570286908
192.061,5.20669,60575495731
559.586,1.78703,60577282250
195.015,5.12781,60582412080
554.918,1.80207,60584214314
195.186,5.12331,60589338570
568.039,1.76044,60591098716
194.291,5.14691,60596246932
549.539,1.81971,60598070470
195.879,5.1052,60603173007
552.029,1.8115,60604984755
191.58,5.21975,60610204640
569.63,1.75553,60611960897
194.086,5.15235,60617114826
547.475,1.82657,60618941519
195.227,5.12223,60624063803
539.805,1.85252,60625916500
196.434,5.09077,60631008476
574.494,1.74066,60632748891
189.077,5.28884,60638039972
570.837,1.75181,60639790737
197.604,5.06062,60644853008
564.518,1.77142,60646624663
188.665,5.30041,60651925572
560.935,1.78274,60653708639
196.023,5.10145,60658810098
553.005,1.8083,60660618845
192.709,5.18918,60665809225
553.886,1.80543,60667614229
195.845,5.10607,60672721132
564.249,1.77227,60674494237
194.864,5.13177,60679627640
543.654,1.8394,60681466602
194.205,5.14919,60686616447
574.388,1.74098,60688357827
192.644,5.19093,60693549245
560.335,1.78465,60695334864
192.237,5.2019,60700537256
600.524,1.66521,60702202257
191.214,5.22974,60707432564
554.819,1.80239,60709235491
191.594,5.21937,60714455989
577.748,1.73086,60716187006
192.044,5.20714,60721394735
553.829,1.80561,60723200850
196.115,5.09905,60728300934
577.551,1.73145,60730032019
192.654,5.19065,60735223577
570.865,1.75173,60736975607
195.116,5.12517,60742100818
553.482,1.80675,60743908516
192.108,5.20541,60749114079
577.79,1.73073,60750845153
192.477,5.19544,60756042117
583.367,1.71419,60757756563
189.954,5.26444,60763022706
585.807,1.70705,60764728159
190.047,5.26185,60769991567
563.088,1.77592,60771766764
194.036,5.15369,60776921605
552.345,1.81046,60778733067
195.931,5.10384,60783838211
586.931,1.70378,60785541996
190.595,5.24673,60790789583
581.933,1.71841,60792507542
190.747,5.24255,60797751942
559.974,1.7858,60799537484
195.486,5.11546,60804653726
594.051,1.68336,60806337120
190.275,5.25556,60811594457
602.932,1.65856,60813252979
187.045,5.3463,60818601223
606.886,1.64776,60820247962
191.49,5.2222,60825471780
587.217,1.70295,60827174712
191.689,5.21677,60832392334
587.015,1.70353,60834095861
187.469,5.33422,60839430523
571.483,1.74983,60841180729
193.019,5.18085,60846362331
607.271,1.64671,60848008733
191.323,5.22676,60853237161
584.07,1.71212,60854948716
189.981,5.26368,60860213901
585.536,1.70784,60861921739
192.663,5.1904,60867113339
556.21,1.79788,60868912057
193.806,5.15979,60874076452
562.249,1.77857,60875850431
196.077,5.10005,60880952513
572.455,1.74686,60882699060
187.906,5.3218,60888023361
399.83,2.50106,60890524719
226.359,4.41776,60894942120
461.235,2.16809,60897111115
209.736,4.7679,60901879923
469.853,2.12832,60904008205
206.514,4.84228,60908852350
424.492,2.35576,60911207318
210.035,4.76111,60915979586
479.083,2.08732,60918059851
217.198,4.60409,60922663664
576.14,1.73569,60924399897
190.953,5.23689,60929637344
568.867,1.75788,60931395094
192.104,5.20552,60936601440
576.41,1.73488,60938336317
194.996,5.12831,60943466134
588.8,1.69837,60945165426
190.137,5.25938,60950426100
557.707,1.79306,60952218805
193.473,5.16868,60957389368
551.474,1.81332,60959203187
193.848,5.15869,60964361801
599.202,1.66889,60966031746
190.867,5.23926,60971271408
567.558,1.76193,60973033603
194.326,5.14599,60978181304
566.3,1.76585,60979946515
188.999,5.29105,60985239482
609.444,1.64084,60986879666
191.63,5.21839,60992100008
580.6,1.72236,60993822480
189.883,5.26641,60999089436
587.307,1.70269,61000791539
191.263,5.2284,61006021571
576.199,1.73551,61007756674
193.562,5.16631,61012924615
555.837,1.79909,61014722617
190.783,5.24155,61019965093
606.072,1.64997,61021614965
189.746,5.2702,61026885894
603.262,1.65765,61028543651
190.028,5.26238,61033807001
579.291,1.72625,61035533474
190.795,5.24121,61040776060
574.172,1.74164,61042518176
195.368,5.11853,61047636656
573.506,1.74366,61049381215
187.916,5.32153,61054703577
584.06,1.71215,61056416095
194.861,5.13186,61061548904
558.696,1.78988,61063339038
192.39,5.19776,61068537670
601.717,1.66191,61070200055
187.591,5.33074,61075532154
555.232,1.80105,61077333225
197.902,5.053,61082386565
583.31,1.71435,61084101006
187.651,5.32904,61089432016
566.526,1.76514,61091196833
193.048,5.18005,61096379030
562.465,1.77789,61098156660
194.256,5.14784,61103306481
555.802,1.7992,61105104382
196.716,5.08347,61110191376
561.414,1.78122,61111971633
194.209,5.14908,61117122721
572.114,1.7479,61118870086
190.98,5.23615,61124107840
567.918,1.76082,61125868531
193.432,5.16978,61131039735
578.066,1.72991,61132769051
190.946,5.23709,61138009233
406.585,2.45951,61140470672
225.097,4.44253,61144917611
395.552,2.52811,61147447509
227.314,4.3992,61151844053
391.699,2.55298,61154397741
225.473,4.43512,61158835225
413.33,2.41937,61161255455
224.223,4.45984,61165716718
390.866,2.55842,61168276655
198.772,5.0309,61173317078
360.98,2.77024,61176084695
279.351,3.57972,61179664200
455.478,2.19549,61181859720
210.895,4.74169,61186603178
425.614,2.34955,61188952573
219.773,4.55016,61193502865
427.864,2.33719,61195840338
217.079,4.60663,61200448124
418.564,2.38912,61202837404
221.259,4.5196,61207357758
432.549,2.31188,61209670029
212.073,4.71535,61214390755
409.582,2.44151,61216832299
224.329,4.45774,61221293552
383.91,2.60477,61223897658
233.042,4.29106,61228189018
418.384,2.39015,61230581169
219.835,4.54886,61235131402
533.706,1.87369,61237003818
189.902,5.26588,61242273274
336.88,2.96842,61245241233
265.29,3.76946,61249012336
393.805,2.53933,61251553015
226.171,4.42144,61255975363
342.354,2.92095,61258897626
244.218,4.09471,61262999601
379.809,2.6329,61265631776
236.888,4.2214,61269850933
436.892,2.28889,61272141109
213.605,4.68154,61276824163
431.205,2.31908,61279143323
213.307,4.68807,61283833077
554.203,1.80439,61285636849
195.697,5.10995,61290747617
585.51,1.70791,61292456072
189.697,5.27158,61297729035
556.095,1.79825,61299526889
193.474,5.16865,61304696739
578.22,1.72945,61306426801
194.289,5.14698,61311575086
579.192,1.72654,61313301686
188.077,5.31696,61318618887
599.329,1.66853,61320287730
189.845,5.26745,61325557325
598.26,1.67151,61327228153
191.085,5.23327,61332462671
581.376,1.72006,61334182780
195.236,5.12201,61339307410
599.158,1.66901,61340976890
186.045,5.37505,61346351657
638.64,1.56583,61347917362
185.646,5.3866,61353305952
608.275,1.64399,61354950254
187.161,5.343,61360293965
602.288,1.66033,61361954484
190.109,5.26014,61367216577
587.097,1.70329,61368919847
192.995,5.18149,61374103316
543.835,1.83879,61375941468
196.566,5.08735,61381029995
602.346,1.66018,61382689965
189.209,5.28517,61387976010
508.682,1.96586,61389944739
198.489,5.03806,61394982376
554.063,1.80485,61396786779
199.139,5.02162,61401808705
623.68,1.60339,61403412776
180.664,5.53513,61408951269
544.765,1.83565,61410785544
191.169,5.23098,61416022086
467.91,2.13716,61418155918
217.925,4.58873,61422745604
578.275,1.72928,61424475020
192.66,5.1905,61429667517
544.917,1.83514,61431501374
195.867,5.10551,61436608197
574.93,1.73934,61438347525
189.515,5.27663,61443626671
575.116,1.73878,61445364677
192.857,5.18518,61450551110
563.147,1.77574,61452326960
195.788,5.10756,61457435992
545.445,1.83337,61459268941
194.847,5.13222,61464402920
590.224,1.69427,61466095978
189.291,5.28288,61471380746
561.866,1.77979,61473159999
197.1,5.07358,61478236049
569.355,1.75637,61479991430
192.028,5.20757,61485200956
521.865,1.9162,61487116555
196.803,5.08121,61492198926
564.696,1.77086,61493968879
196.55,5.08777,61499057661
571.637,1.74936,61500807018
191.056,5.23407,61506042939
566.001,1.76678,61507809646
192.189,5.20322,61513013893
540.162,1.8513,61514865825
194.382,5.14452,61520010992
577.898,1.73041,61521741518
193.26,5.17438,61526916246
550.7,1.81587,61528732605
196.914,5.07836,61533810854
532.051,1.87952,61535691420
197.385,5.06624,61540758136
514.266,1.94452,61542702786
196.118,5.09897,61547804111
549.052,1.82132,61549624372
197.589,5.06102,61554686986
584.088,1.71207,61556398815
190.109,5.26013,61561659319
567.005,1.76365,61563422757
193.517,5.1675,61568591442
566.341,1.76572,61570357389
194.323,5.14608,61575505010
531.33,1.88207,61577386714
199.793,5.00517,61582393351
528.2,1.89322,61584287443
196.004,5.10193,61589391120
532.449,1.87812,61591269024
199.054,5.02377,61596293184
548.737,1.82237,61598116025
194.733,5.13523,61603252639
553.224,1.80759,61605060766
194.009,5.1544,61610216221
581.009,1.72114,61611937331
193.011,5.18105,61617119784
594.905,1.68094,61618800767
189.543,5.27586,61624076960
601.451,1.66264,61625740133
188.631,5.30135,61631042673
431.079,2.31976,61633363731
216.825,4.61201,61637975740
588.768,1.69846,61639674664
188.129,5.3155,61644991893
588.912,1.69805,61646689193
189.958,5.26432,61651955278
556.679,1.79637,61653751547
194.665,5.13703,61658889412
434.733,2.30026,61661190200
216.69,4.61488,61665805230
570.423,1.75309,61667558264
193.02,5.18081,61672740906
468.97,2.13233,61674873076
205.024,4.87748,61679751404
577.039,1.73299,61681484966
192.025,5.20765,61686694774
504.176,1.98343,61688678277
204.335,4.89393,61693573013
569.872,1.75478,61695327840
191.6,5.2192,61700548121
589.592,1.69609,61702243548
192.178,5.2035,61707454396
552.816,1.80892,61709258617
191.191,5.23037,61714490932
534.149,1.87214,61716362540
200.001,4.99998,61721363174
572.723,1.74604,61723109278
192.776,5.18736,61728298420
595.105,1.68038,61729978038
190.232,5.25674,61735235127
579.771,1.72482,61736960903
192.423,5.1969,61742159003
554.364,1.80387,61743962851
194.832,5.13262,61749096126
570.873,1.7517,61750848003
192.553,5.19338,61756042578
568.49,1.75905,61757800816
190.252,5.2562,61763057986
588.497,1.69924,61764756930
190.003,5.26307,61770023126
575.456,1.73775,61771758558
195.119,5.12507,61776886013
421.751,2.37107,61779258063
217.767,4.59206,61783849767
570.409,1.75313,61785603455
191.244,5.22892,61790833128
610.689,1.63749,61792471060
188.841,5.29546,61797767715
599.181,1.66894,61799436634
190.705,5.24371,61804681398
605.556,1.65137,61806333270
189.141,5.28707,61811621966
532.119,1.87928,61813499922
197.077,5.07416,61818576028
144.445,6.92305,61825499371
144.42,6.92425,61832425128
142.568,7.01418,61839438880
144.727,6.90958,61846349851
144.826,6.90486,61853255164
142.703,7.00755,61860262825
144.739,6.909,61867173372
145.099,6.89183,61874065150
143.067,6.98975,61881056634
143.837,6.9523,61888009105
142.698,7.00782,61895018880
144.421,6.92419,61901943636
143.183,6.98406,61908930028
143.235,6.98153,61915915022
146.346,6.83314,61922747652
142.606,7.01235,61929760268
144.968,6.89808,61936658505
143.929,6.94786,61943608886
144.594,6.9159,61950524746
144.225,6.93359,61957460054
142.848,7.00043,61964460762
145.559,6.87006,61971331412
143.716,6.95818,61978290235
143.221,6.98223,61985272744
144.11,6.93915,61992212848
145.41,6.87713,61999091283
144.41,6.92472,62006016651
142.669,7.00921,62013025714
143.596,6.964,62019990434
144.698,6.91092,62026901720
144.572,6.91695,62033820656
143.526,6.96737,62040789213
143.255,6.98056,62047769257
144.704,6.91065,62054681271
142.72,7.00672,62061688065
144.451,6.92276,62068611478
144.197,6.93495,62075548107
144.604,6.91544,62082463798
143.522,6.96757,62089432243
143.707,6.9586,62096392714
144.356,6.92732,62103320715
144.293,6.93036,62110251497
144.324,6.92885,62117181121
143.233,6.98161,62124163120
145,6.89655,62131060400
142.88,6.99887,62138060507
144.498,6.92051,62144982511
142.8,7.0028,62151984802
144.68,6.91182,62158897431
144.662,6.91266,62165811585
143.809,6.95367,62172764995
143.444,6.97137,62179737744
145.221,6.88607,62186623830
142.891,6.99833,62193623167
144.918,6.90047,62200524295
144.538,6.91858,62207443786
143.214,6.98255,62214427004
143.738,6.95711,62221384863
144.373,6.92649,62228311684
145.492,6.87324,62235185188
551.574,1.81299,62236998631
192.469,5.19564,62242195434
533.633,1.87395,62244068929
198.047,5.04931,62249119312
619.024,1.61545,62250734481
185.939,5.37812,62256114067
604.53,1.65418,62257768371
190.308,5.25464,62263023102
595.224,1.68004,62264703422
189.962,5.2642,62269968682
479.897,2.08378,62272054904
201.639,4.95936,62277012256
586.433,1.70522,62278717817
197.825,5.05497,62283775990
428.243,2.33512,62286111743
211.548,4.72706,62290840814
145.542,6.87085,62297715066
142.492,7.01795,62304734031
146.33,6.83389,62311568208
143.77,6.95555,62318530928
144.302,6.9299,62325457709
133.736,7.4774,62332938703
156.199,6.40209,62339339835
144.214,6.93413,62346277058
142.316,7.02662,62353303275
144.181,6.93573,62360238985
145.752,6.86098,62367100576
355.601,2.81214,62369913175
243.778,4.1021,62374015483
142.44,7.02049,62381036916
141.532,7.06554,62388107795
146.921,6.80637,62394914071
143.132,6.98656,62401899925
143.562,6.96561,62408869752
143.475,6.96984,62415837908
143.057,6.99021,62422829290
146.336,6.8336,62429663778
142.374,7.02376,62436687882
574.757,1.73987,62438428556
193.773,5.16067,62443589027
628.893,1.5901,62445179157
186.153,5.37192,62450552221
592.953,1.68648,62452238825
189.133,5.28728,62457526670
603.7,1.65645,62459183471
194.278,5.14726,62464331413
588.25,1.69996,62466031857
191.769,5.21462,62471247701
560.807,1.78314,62473031195
189.552,5.27559,62478307320
564.199,1.77242,62480080508
193.144,5.17747,62485258317
619.898,1.61317,62486872072
189.824,5.26803,62492141657
514.112,1.9451,62494087260
201.024,4.97453,62499061676
552.734,1.80919,62500871805
193.215,5.17559,62506048697
500.03,1.99988,62508049040
201.874,4.95359,62513002432
564.256,1.77224,62514775279
194.107,5.15178,62519927621
518.157,1.92992,62521858560
200.855,4.97871,62526837912
515.954,1.93816,62528776310
197.776,5.05624,62533833108
525.341,1.90352,62535736955
199.657,5.00858,62540746525
533.865,1.87313,62542620361
196.328,5.09352,62547714055
558.601,1.79019,62549504568
195.037,5.12724,62554633100
561.799,1.77999,62556412858
191.616,5.21878,62561632238
544.738,1.83574,62563468525
195.948,5.10338,62568572464
514.939,1.94198,62570516002
199.787,5.00534,62575521189
552.974,1.8084,62577329099
195.617,5.11204,62582443037
536.465,1.86405,62584307129
196.839,5.0803,62589388826
519.294,1.92569,62591314597
197.74,5.05714,62596373548
521.8,1.91644,62598289708
612.374,1.63299,62599922259
298.308,3.35224,62603275932
316.377,3.16078,62606437186
254.172,3.93435,62610372575
373.096,2.68027,62613052281
277.894,3.59849,62616652104
287.343,3.48017,62620131792
276.899,3.61142,62623744664
242.769,4.11914,62627864232
313.822,3.18652,62631050479
309.542,3.23058,62634282143
268.096,3.73,62638014021
260.906,3.83279,62641845867
325.454,3.07263,62644919590
330.313,3.02743,62647946643
275.781,3.62606,62651574735
239.888,4.16862,62655742948
321.668,3.10879,62658853019
332.59,3.0067,62661859120
255.594,3.91245,62665773153
314.315,3.18152,62668954462
234.868,4.25772,62673213233
362.827,2.75614,62675969340
270.976,3.69036,62679661397
300.44,3.32846,62682990390
255.046,3.92087,62686912538
370.684,2.69771,62689609011
278.545,3.59009,62693199975
279.928,3.57235,62696772944
241.853,4.13474,62700909370
365.705,2.73445,62703643515
264.553,3.77996,62707424928
326.166,3.06592,62710490422
241.254,4.14501,62714636802
363.175,2.7535,62717390019
255.826,3.9089,62721300642
332.197,3.01026,62724311008
279.196,3.58172,62727893465
251.384,3.97797,62731870758
299.127,3.34306,62735215341
321.51,3.11032,62738326221
258.87,3.86294,62742190427
295.477,3.38435,62745575080
286.205,3.494,62749069565
319.73,3.12764,62752197275
260.462,3.83932,62756038249
258.804,3.86393,62759902054
331.959,3.01242,62762916262
313.459,3.19021,62766105775
262.345,3.81177,62769919335
310.423,3.22141,62773142234
240.154,4.16399,62777305567
362.419,2.75923,62780064315
262.458,3.81014,62783875712
320.018,3.12482,62787000238
237.445,4.21149,62791213017
365.961,2.73253,62793945534
263.585,3.79384,62797740973
299.05,3.34392,62801085635
252.425,3.96157,62805048739
371.097,2.69471,62807742012
254.169,3.93439,62811678234
334.345,2.99092,62814669005
260.032,3.84568,62818514506
268.472,3.72479,62822240198
310.577,3.21981,62825461914
318.272,3.14197,62828604117
256.119,3.90443,62832509187
281.604,3.55108,62836060589
301.054,3.32167,62839383309
341.73,2.92629,62842309782
277.748,3.60038,62845910725
246.694,4.0536,62849964841
300.029,3.33302,62853299557
301.897,3.31239,62856612367
277.662,3.6015,62860215143
317.326,3.15133,62863365981
224.474,4.45486,62867823633
381.294,2.62265,62870445492
273.161,3.66085,62874106639
294.112,3.40006,62877506946
247.285,4.04392,62881552441
332.753,3.00523,62884558352
272.872,3.66473,62888224206
299.704,3.33663,62891561885
225.38,4.43695,62896000125
382.854,2.61196,62898611863
279.454,3.5784,62902190857
311.413,3.21117,62905402288
274.486,3.64317,62909047624
182.337,5.48436,62914534430
547.303,1.82714,62916361256
228.254,4.38109,62920744234
401.159,2.49278,62923236234
284.486,3.51511,62926751920
343.648,2.90995,62929662401
286.811,3.48662,62933151713
285.413,3.5037,62936656217
279.531,3.57742,62940234442
294.239,3.3986,62943634152
331.001,3.02114,62946655571
259.698,3.85063,62950507216
142.602,7.01254,62957519998
146.775,6.81316,62964334954
143.716,6.95819,62971295271
141.394,7.07244,62978368045
146.127,6.84337,62985211351
143.49,6.96911,62992181137
145.302,6.88222,62999063614
142.372,7.02387,63006089294
144.771,6.90744,63012998317
142.497,7.01769,63020016241
144.984,6.89733,63026913740
143.672,6.96028,63033875794
144.715,6.91014,63040787354
143.154,6.98548,63047772696
144.148,6.93732,63054710033
144.034,6.94281,63061653595
144.914,6.90065,63068556311
142.685,7.00844,63075565053
143.783,6.9549,63082520279
145.305,6.88206,63089404769
143.55,6.96619,63096371052
144.386,6.92586,63103298127
144.683,6.91164,63110210875
143.85,6.95169,63117163003
143.928,6.94794,63124112440
143.757,6.95617,63131069736
144.428,6.92385,63137994863
142.853,7.00021,63144997092
145.286,6.88298,63151881676
142.266,7.02911,63158912137
146.234,6.83834,63165753114
142.442,7.02039,63172777862
144.355,6.92735,63179702095
143.522,6.96758,63186670814
144.977,6.89766,63193569837
143.545,6.96647,63200537132
144.097,6.93978,63207477296
143.83,6.95264,63214431467
143.413,6.97286,63221404647
144.792,6.90648,63228311301
143.383,6.97433,63235287214
144.422,6.92417,63242211704
144.647,6.91338,63249126074
143.672,6.9603,63256086443
143.676,6.96012,63263048948
144.637,6.91387,63269963374
143.129,6.98669,63276952455
144.016,6.94366,63283895024
143.954,6.94666,63290842548
144.495,6.92068,63297764518
144.086,6.94031,63304705275
143.774,6.95536,63311661327
144.204,6.93463,63318596783
143.901,6.94921,63325547309
144.789,6.90661,63332454036
143.676,6.96008,63339414887
145.113,6.89118,63346306292
143.126,6.98685,63353297386
144.016,6.94369,63360242639
144.567,6.91721,63367161169
142.963,6.99481,63374156388
144.712,6.91026,63381079047
145.075,6.89301,63387964583
119.11,8.39561,63396362857
179.235,5.57925,63401946323
145.486,6.87352,63408817809
140.548,7.11498,63415936999
145.308,6.88192,63422818936
146.301,6.83524,63429653950
141.714,7.05648,63436711153
144.943,6.89927,63443611358
144.473,6.92172,63450533190
145.035,6.89487,63457429270
145.365,6.87925,63464309903
142.617,7.01176,63471321996
143.935,6.94758,63478270251
142.971,6.99444,63485264837
143.886,6.94996,63492215509
145.039,6.89469,63499111485
144.661,6.9127,63506024457
143.047,6.9907,63513015885
143.72,6.95798,63519974467
144.097,6.93979,63526915090
143.673,6.96027,63533876751
144.179,6.93581,63540812687
145.324,6.88117,63547694536
141.861,7.04914,63554744990
143.565,6.96548,63561710904
146.171,6.84129,63568553363
143.356,6.97562,63575529748
144.923,6.90024,63582430744
143.345,6.97617,63589408109
143.614,6.96312,63596371892
142.775,7.00402,63603377528
145.236,6.88537,63610263154
145.376,6.87872,63617142753
143.895,6.94949,63624093410
142.783,7.00366,63631097470
143.96,6.94639,63638045507
143.347,6.97608,63645020833
144.133,6.93802,63651960227
144.885,6.90201,63658861908
143.931,6.9478,63665810475
143.748,6.95661,63672768219
144.502,6.9203,63679689358
143.622,6.96273,63686652457
144.223,6.93373,63693587408
142.74,7.00572,63700594303
146.39,6.83107,63707425128
143.798,6.9542,63714380601
145.115,6.8911,63721271815
141.853,7.04957,63728323528
143.825,6.95289,63735276130
143.381,6.97444,63742252577
145.436,6.8759,63749127375
143.274,6.97963,63756112878
144.403,6.92509,63763038166
142.857,6.99999,63770038400
144.443,6.92314,63776964876
142.917,6.99706,63783959660
145.109,6.89137,63790852238
144.994,6.89685,63797750455
142.673,7.00905,63804759738
144.633,6.91403,63811675156
143.845,6.9519,63818628843
144.991,6.897,63825525822
144.841,6.90414,63832431133
143.68,6.95989,63839392392
142.22,7.03138,63846423432
144.592,6.916,63853341459
144.658,6.91287,63860254179
143.52,6.96767,63867222225
144.568,6.91716,63874141627
144.821,6.90507,63881046906
143.002,6.9929,63888039322
143.001,6.99294,63895036323
143.581,6.96471,63902000206
145.814,6.85807,63908858756
143.154,6.9855,63915846777
142.811,7.00224,63922851836
144.832,6.90453,63929757119
144.436,6.92349,63936681198
143.173,6.98454,63943665757
144.221,6.93382,63950599803
146.453,6.82813,63957429530
141.835,7.05046,63964480282
143.17,6.98472,63971466218
144.739,6.90899,63978376815
145.383,6.87839,63985254786
145.243,6.88503,63992140524
142.538,7.01568,63999157629
144.164,6.93654,64006094680
143.793,6.95444,64013050331
143.746,6.95671,64020008206
145.466,6.87444,64026883797
142.848,7.00045,64033885012
143.988,6.94501,64040830407
143.667,6.96052,64047792017
146.098,6.84473,64054636723
141.974,7.04354,64061681074
143.875,6.95049,64068633088
144.428,6.92388,64075556867
144.616,6.91485,64082472254
143.336,6.9766,64089450775
143.817,6.95327,64096405697
144.133,6.93806,64103344403
143.935,6.94756,64110292227
144.117,6.93881,64117233696
145.456,6.87495,64124112559
142.1,7.03728,64131146004
145.139,6.88997,64138037640
143.493,6.96897,64145006889
144.073,6.94094,64151948603
143.537,6.96686,64158916378
145.091,6.89223,64165809438
142.467,7.01918,64172828939
145.192,6.88743,64179717309
143.221,6.98219,64186699375
145.475,6.87404,64193574583
142.237,7.0305,64200605966
146.564,6.82295,64207429497
143.211,6.9827,64214412881
142.937,6.9961,64221410025
145.564,6.86983,64228280851
143.181,6.98414,64235266218
144.443,6.92313,64242189380
144.626,6.91441,64249104951
143.093,6.98844,64256094138
145.285,6.883,64262978030
141.925,7.04596,64270024827
144.222,6.93375,64276958180
143.906,6.949,64283911257
143.448,6.97117,64290880092
144.75,6.90847,64297790119
144.005,6.94422,64304735379
144.553,6.91788,64311653109
143.372,6.97486,64318628837
145.153,6.88928,64325518245
141.61,7.06164,64332581072
147.124,6.797,64339379110
141.803,7.05204,64346430519
144.913,6.90067,64353332167
144.549,6.91806,64360252027
144.187,6.93544,64367187518
143.936,6.94754,64374135534
142.56,7.01459,64381150879
144.389,6.92575,64388078928
143.566,6.96546,64395045984
143.744,6.95681,64402001739
145.009,6.89612,64408898877
142.053,7.03964,64415939955
43.4005,23.0412,64438982747
441.957,2.26266,64441247301
443.524,2.25467,64443502308
142.228,7.03097,64450538829
145.036,6.89485,64457431178
142.655,7.0099,64464443691
142.684,7.00851,64471455786
146.799,6.81203,64478266727
142.288,7.02802,64485297004
144.057,6.94168,64492239363
144.485,6.92115,64499159824
143.846,6.95188,64506112987
144.128,6.93827,64513050993
143.65,6.96138,64520013824
145.214,6.88641,64526901089
142.409,7.02203,64533923945
144.294,6.93032,64540854528
144.816,6.90531,64547760600
143.004,6.99281,64554754550
145.171,6.88842,64561644034
143.57,6.96525,64568610586
144.105,6.9394,64575549848
143.794,6.95437,64582505013
143.571,6.96519,64589471944
145.13,6.89035,64596363572
144.857,6.90335,64603266259
141.564,7.06396,64610330850
146.872,6.80866,64617141098
141.395,7.07241,64624214313
144.65,6.91324,64631128454
144.161,6.9367,64638065853
143.526,6.96736,64645034515
144.209,6.93439,64651968560
145.784,6.85949,64658828514
143.175,6.98448,64665814015
143.441,6.97153,64672786289
143.762,6.95594,64679743258
143.957,6.94651,64686690573
143.614,6.9631,64693654116
144.218,6.93395,64700588261
144.001,6.94438,64707533593
146.021,6.84833,64714382515
142.007,7.0419,64721425209
146.78,6.81293,64728238655
140.503,7.11726,64735357109
145.272,6.88364,64742241335
146.12,6.84368,64749085956
143.114,6.98742,64756074611
142.939,6.99599,64763070216
143.856,6.95142,64770022614
143.895,6.94949,64776972952
143.988,6.94501,64783919418
146.163,6.84168,64790761381
142.047,7.03992,64797801496
143.699,6.95898,64804761482
144.182,6.93567,64811696779
144.621,6.91462,64818612552
145.423,6.87648,64825490620
143.184,6.98401,64832476693
144.703,6.91072,64839386324
143.982,6.94533,64846333172
142.261,7.02933,64853364307
146.277,6.83635,64860200824
143.362,6.97534,64867176677
143.754,6.95632,64874133129
144.132,6.93808,64881072575
143.395,6.97372,64888049964
144.04,6.9425,64894993992
143.589,6.9643,64901958728
143.617,6.96296,64908921101
142.594,7.0129,64915937446
141.947,7.04486,64922985708
148.658,6.72686,64929711421
142.177,7.03347,64936745935
146.575,6.82244,64943568709
143.093,6.98846,64950557331
144.365,6.92691,64957485546
142.554,7.01488,64964501998
144.374,6.92645,64971427905
144.769,6.90754,64978335729
144.259,6.93196,64985268670
145.242,6.88505,64992154419
143.259,6.98036,64999136116
144.001,6.94438,65006080899
143.675,6.96018,65013041927
144.238,6.933,65019975325
143.079,6.98913,65026966901
143.862,6.95112,65033918459
143.735,6.95723,65040876335
145.257,6.88436,65047761117
143.479,6.96964,65054732752
143.637,6.96198,65061695410
144.619,6.91474,65068610156
144.347,6.92773,65075539153
143.836,6.95236,65082491661
142.643,7.01049,65089504489
144.632,6.9141,65096420021
145.268,6.88381,65103303784
143.489,6.96916,65110273726
143.103,6.98798,65117262068
145.171,6.88843,65124152440
143.165,6.98494,65131137609
145.095,6.89205,65138034944
142.714,7.00701,65145040440
145.879,6.85499,65151895282
143.707,6.95861,65158856084
144.647,6.91341,65165769654
141.556,7.06436,65172837731
144.876,6.90245,65179740822
143.605,6.96353,65186703976
143.792,6.95449,65193659246
144.059,6.94159,65200601204
145.295,6.88254,65207484576
142.566,7.01431,65214499567
145.26,6.88422,65221384775
142.46,7.01952,65228405219
142.913,6.99727,65235402889
146.379,6.83157,65242235142
142.929,6.99649,65249232678
148.033,6.75527,65255988928
140.637,7.1105,65263099961
144.08,6.9406,65270041574
143.673,6.96027,65277004232
144.362,6.92702,65283933895
144.279,6.93102,65290863249
143.147,6.98583,65297850002
144.723,6.90977,65304760355
143.867,6.95085,65311712819
145.274,6.88355,65318596871
142.988,6.99357,65325591190
143.247,6.98096,65332573020
146.275,6.83644,65339410335
143.124,6.98694,65346397473
146.228,6.83863,65353236861
141.702,7.05708,65360295224
142.47,7.01904,65367315039
146.296,6.83546,65374151537
143.692,6.95933,65381111842
144.301,6.92996,65388042471
142.968,6.99457,65395038772
144.192,6.93522,65401973232
143.161,6.98514,65408962881
143.238,6.98139,65415944751
143.188,6.98382,65422932523
148.001,6.75673,65429686489
141.368,7.07372,65436761299
144.45,6.92279,65443683348
144.131,6.93815,65450623371
144.167,6.93639,65457560818
144.757,6.90813,65464469746
142.916,6.99713,65471467370
146.023,6.84824,65478317545
144.297,6.93015,65485248202
143.161,6.98516,65492237549
144.609,6.91522,65499154529
144.288,6.93056,65506086072
144.217,6.93397,65513022311
143.819,6.9532,65519976913
142.212,7.03175,65527011384
143.873,6.95059,65533968592
145.93,6.85262,65540817117
144.625,6.91442,65547734790
142.756,7.00497,65554740676
143.716,6.95818,65561698972
144.11,6.93912,65568638871
144.693,6.9112,65575550076
144.245,6.93263,65582483903
144.409,6.9248,65589410252
142.615,7.01189,65596423498
144.857,6.90334,65603327800
143.541,6.96665,65610294353
142.872,6.99928,65617293882
143.938,6.94741,65624242358
144.564,6.91736,65631161189
143.821,6.9531,65638114095
143.816,6.95333,65645068045
145.719,6.86251,65651933292
142.263,7.02922,65658961012
144.621,6.91464,65665876955
143.819,6.95319,65672830993
143.98,6.94542,65679777169
144.346,6.92779,65686705520
142.996,6.99318,65693699636
144.389,6.92573,65700625718
144.878,6.90236,65707528807
144.671,6.91225,65714441236
145.278,6.88334,65721326191
141.705,7.05692,65728383660
143.346,6.97611,65735361133
146.608,6.8209,65742184139
143.01,6.9925,65749176277
143.642,6.96177,65756138540
144.744,6.90877,65763048089
143.305,6.97814,65770027032
143.14,6.98615,65777014078
146.281,6.83616,65783851228
142.907,6.99756,65790852424
145.98,6.85024,65797701396
144.357,6.92726,65804629549
143.428,6.97215,65811602755
143.896,6.94948,65818552734
143.345,6.97615,65825529918
142.815,7.00206,65832533666
144.184,6.93556,65839468938
144.198,6.93489,65846404787
144.138,6.93778,65853343113
143.922,6.94821,65860292387
143.524,6.96746,65867259742
145.953,6.85154,65874112439
143.418,6.97263,65881085178
142.689,7.00827,65888094866
144.748,6.90856,65895003474
142.789,7.00336,65902008911
144.481,6.92133,65908930059
143.622,6.96274,65915893952
143.777,6.95522,65922851522
143.555,6.96598,65929816778
145.211,6.88652,65936704363
143.719,6.95802,65943663464
144.945,6.89915,65950564468
142.638,7.01076,65957574639
144.824,6.90493,65964480565
142.881,6.99883,65971480041
147.574,6.77625,65978256903
143.214,6.98255,65985241176
142.937,6.99609,65992238484
144.642,6.9136,65999151686
144.011,6.94393,66006096071
143.736,6.95718,66013054562
144.358,6.92724,66019982493
143.094,6.98844,66026970924
144.558,6.91764,66033889602
144.666,6.91249,66040802991
143.657,6.96101,66047765897
143.26,6.98033,66054746149
144.967,6.89812,66061645359
143.028,6.99165,66068636773
145.308,6.88194,66075520358
143.717,6.9581,66082478920
144.182,6.93567,66089416759
143.156,6.98537,66096402666
144.213,6.93418,66103337063
144.049,6.94209,66110279792
142.787,7.00342,66117284585
145.957,6.85132,66124141502
143.516,6.96788,66131110433
143.729,6.95753,66138068187
143.342,6.97633,66145046886
144.541,6.91844,66151965906
144.341,6.92805,66158895243
144.939,6.89943,66165795281
143.073,6.98942,66172785776
144.289,6.93055,66179716888
144.102,6.93953,66186657777
142.41,7.02196,66193679665
143.126,6.98685,66200667427
144.356,6.92734,66207595237
143.969,6.94593,66214545268
146.067,6.84618,66221391673
144.031,6.94297,66228335747
225.302,4.43849,66232781890
395.732,2.52696,66235305420
145.388,6.87814,66242184438
142.882,6.99878,66249184879
146.008,6.84894,66256034765
144,6.94442,66262979738
144.004,6.94426,66269925425
142.2,7.03233,66276958537
145.611,6.86763,66283826830
143.877,6.95039,66290778378
144.486,6.9211,66297703875
142.117,7.03646,66304738418
145.543,6.87081,66311610174
144.075,6.94083,66318552281
143.264,6.98011,66325533908
144.909,6.90089,66332436237
143.778,6.95516,66339392122
142.427,7.02115,66346414827
143.652,6.96126,66353377284
144.702,6.91075,66360288908
145.468,6.87438,66367164461
144.368,6.92673,66374091336
142.728,7.00633,66381099523
144.696,6.91104,66388011758
144.776,6.90722,66394919946
142.948,6.99553,66401917049
144.206,6.93453,66408853303
142.924,6.99672,66415851521
143.236,6.98149,66422836025
144.299,6.93005,66429764527
145.567,6.86971,66436636310
142.651,7.01013,66443649727
145.669,6.86487,66450512064
142.195,7.03261,66457546366
145.041,6.89459,66464442761
145.546,6.8707,66471314361
143.573,6.96508,66478281286
143.992,6.94485,66485227441
143.93,6.94782,66492175768
144.503,6.92025,66499096529
143.288,6.97897,66506076412
143.595,6.96401,66513045253
144.546,6.91823,66519962338
144.576,6.91679,66526879150
143.052,6.99046,66533872200
9.57968,104.388,66638264254
205.457,4.86719,66643129280
125.374,7.97614,66651108514
127.464,7.84535,66658955590
213.83,4.67662,66663632888
304.033,3.28912,66666922390
287.949,3.47284,66670396438
342.065,2.92342,66673320337
281.417,3.55344,66676875452
313.751,3.18724,66680063939
145.465,6.87452,66686941323
363.148,2.7537,66689694586
259.14,3.85891,66693554609
292.653,3.41702,66696972865
282.225,3.54328,66700517152
260.759,3.83496,66704351760
320.108,3.12395,66707476825
248.357,4.02646,66711505243
336.38,2.97283,66714478382
248.604,4.02247,66718503078
340.89,2.93349,66721436335
361.77,2.76419,66724201275
222.167,4.50111,66728703509
395.783,2.52664,66731231702
249.451,4.0088,66735241192
249.374,4.01004,66739251801
275.261,3.63291,66742886349
159.522,6.26874,66749157805
265.879,3.76111,66752920638
321.118,3.11412,66756034819
301.884,3.31254,66759348315
266.307,3.75506,66763104097
304.773,3.28113,66766385349
270.042,3.70312,66770088678
348.227,2.87169,66772960991
243.075,4.11396,66777075794
305.305,3.27541,66780352007
278.677,3.58839,66783941434
340.391,2.9378,66786880109
247.497,4.04045,66790921175
289.983,3.44848,66794370891
287.671,3.47619,66797850446
288.875,3.4617,66801310457
291.073,3.43556,66804746933
457.565,2.18548,66806932134
207.677,4.81516,66811748880
449.991,2.22227,66813971323
213.015,4.69451,66818667265
437.681,2.28477,66820951226
216.529,4.61831,66825570499
452.401,2.21043,66827781532
210.241,4.75644,66832539185
447.84,2.23294,66834771930
210.62,4.74789,66839521517
440.693,2.26915,66841790259
215.378,4.643,66846436054
426.728,2.34341,66848778205
218.695,4.57257,66853352291
445.063,2.24687,66855599920
211.971,4.71763,66860319212
433.532,2.30664,66862625589
214.515,4.66169,66867287501
431.689,2.31648,66869604170
218.364,4.5795,66874185657
438.133,2.28241,66876468147
213.817,4.6769,66881158641
424.43,2.3561,66883512016
217.249,4.60301,66888117383
423.436,2.36163,66890478474
218.911,4.56806,66895048262
426.174,2.34646,66897394907
213.954,4.6739,66902068995
438.766,2.27912,66904348291
215.589,4.63844,66908988514
427.285,2.34036,66911329654
215.276,4.64519,66915981843
366.966,2.72504,66918702567
234.436,4.26556,66922974086
288.954,3.46075,66926432183
297.571,3.36055,66929793655
358.468,2.78965,66932584027
242.074,4.13096,66936715493
387.747,2.579,66939294170
230.975,4.32947,66943625188
366.31,2.72993,66946355067
233.174,4.28863,66950645160
368.109,2.71659,66953361606
240.25,4.16233,66957524997
438.081,2.28269,66959807439
215.931,4.63111,66964440670
396.16,2.52424,66966964893
224.394,4.45644,66971421211
456.797,2.18916,66973610275
213.01,4.69462,66978306410
374.299,2.67166,66980977966
234.476,4.26483,66985243873
423.771,2.35976,66987603953
216.145,4.62653,66992231937
445.835,2.24298,66994475207
213.194,4.69057,66999167222
459.98,2.17401,67001340888
208.85,4.78813,67006130498
383.337,2.60867,67008738950
230.971,4.32955,67013070337
380.083,2.63101,67015701761
231.084,4.32743,67020030066
385.115,2.59663,67022626222
227.968,4.38658,67027014352
378.884,2.63933,67029653973
233.103,4.28996,67033945291
387.327,2.5818,67036527497
229.915,4.34943,67040878682
367.024,2.72461,67043604089
237.676,4.20741,67047812084
372.044,2.68785,67050500253
234.575,4.26304,67054763858
361.573,2.7657,67057529591
240.418,4.15943,67061689164
375.588,2.66249,67064352301
233.834,4.27654,67068629176
354.502,2.82086,67071450239
244.344,4.0926,67075545028
357.233,2.79929,67078343783
238.862,4.18652,67082531169
391.634,2.55341,67085084447
227.967,4.3866,67089474038
362.584,2.75798,67092231384
235.417,4.24778,67096479320
435.354,2.29698,67098776990
219.956,4.54636,67103326660
403.218,2.48005,67105805914
223.634,4.47158,67110277890
414.18,2.41441,67112692543
218.317,4.58049,67117274887
397.808,2.51377,67119788800
226.439,4.4162,67124207301
428.451,2.33399,67126540931
216.678,4.61515,67131157592
400.627,2.49609,67133654059
221.943,4.50567,67138163028
263.201,3.79938,67141964530
295.054,3.38921,67145353376
258.783,3.86424,67149219891
351.274,2.84678,67152078248
256.382,3.90042,67155972582
329.58,3.03416,67159007902
209.077,4.78292,67163791053
331.807,3.0138,67166805529
350.015,2.85702,67169663540
322.374,3.10199,67172767357
214.065,4.67149,67177440246
428.165,2.33555,67179775415
428.637,2.33298,67182107839
216.521,4.61849,67186727787
434.989,2.29891,67189027004
215.52,4.63995,67193668450
346.377,2.88703,67196554469
246.863,4.05083,67200607639
440.378,2.27078,67202876961
214.774,4.65605,67207535184
437.073,2.28795,67209822711
211.702,4.72361,67214547217
445.594,2.2442,67216790983
217.231,4.60339,67221396827
356.656,2.80382,67224200290
236.646,4.22573,67228427058
448.941,2.22747,67230654190
213.743,4.67852,67235334917
326.226,3.06536,67238401374
261.444,3.82491,67242227703
436.938,2.28866,67244515745
211.371,4.73102,67249248486
343.362,2.91237,67252160741
252.839,3.95509,67256116783
434,2.30415,67258420941
214.066,4.67146,67263093531
371.433,2.69228,67265786113
234.608,4.26243,67270050119
441.675,2.26411,67272314642
213.084,4.69298,67277009153
424.642,2.35493,67279363858
218.911,4.56806,67283935061
383.924,2.60468,67286539776
227.076,4.40381,67290944822
444.025,2.25212,67293196394
215.64,4.63736,67297836208
440.595,2.26966,67300107671
214.863,4.65414,67304760941
426.791,2.34307,67307103393
216.476,4.61946,67311725582
348.626,2.86841,67314593734
244.129,4.09619,67318691355
439.808,2.27372,67320964123
215.97,4.63028,67325596314
371.818,2.68949,67328285616
236.963,4.22006,67332507517
447.74,2.23344,67334740313
211.549,4.72705,67339469746
337.978,2.95877,67342429249
251.97,3.96873,67346399418
433.813,2.30514,67348703972
211.432,4.72965,67353434903
425.877,2.3481,67355783357
220.789,4.5292,67360312958
439.856,2.27347,67362586687
212.758,4.70017,67367287917
427.899,2.337,67369625461
215.984,4.62996,67374256946
429.05,2.33073,67376587087
217.945,4.58832,67381176939
441.849,2.26322,67383440372
214.201,4.66851,67388109580
433.276,2.308,67390417342
217.612,4.59533,67395014493
300.219,3.3309,67398346417
262.234,3.81339,67402160773
315.427,3.1703,67405331701
283.102,3.5323,67408864036
296.803,3.36924,67412234179
270.739,3.69359,67415930141
277.236,3.60704,67419537095
290.383,3.44372,67422982010
280.174,3.56921,67426553514
299.881,3.33465,67429888085
287.297,3.48072,67433369678
295.842,3.38018,67436749170
441.86,2.26316,67439012972
216.74,4.61382,67443628957
278.689,3.58822,67447217461
295.316,3.3862,67450604034
321.648,3.10899,67453713330
260.978,3.83174,67457545993
306.787,3.25959,67460805825
272.321,3.67214,67464479006
305.498,3.27334,67467752416
276.823,3.61242,67471366949
301.661,3.31498,67474681517
249.014,4.01584,67478698393
333.465,2.99881,67481698004
274.83,3.63861,67485336672
294.452,3.39613,67488733737
283.114,3.53215,67492266379
307.851,3.24833,67495515275
275.333,3.63197,67499148155
303.311,3.29694,67502445274
274.165,3.64743,67506093533
298.272,3.35265,67509446209
276.484,3.61685,67513063377
307.017,3.25715,67516321185
270.939,3.69087,67520013606
298.759,3.34718,67523360619
274.629,3.64127,67527002898
311.804,3.20715,67530210939
272.915,3.66414,67533875906
275.669,3.62753,67537504967
292.746,3.41593,67540920835
446.769,2.23829,67543159714
214.581,4.66023,67547821270
360.321,2.7753,67550596234
237.635,4.20813,67554805486
442.622,2.25926,67557064323
215.277,4.64518,67561711555
484.171,2.06539,67563776325
202.082,4.94848,67568726534
448.003,2.23213,67570959467
213.113,4.69234,67575652149
447.283,2.23572,67577887549
215.919,4.63136,67582520884
453.763,2.20379,67584723975
211.65,4.72478,67589449995
441.142,2.26684,67591717011
207.797,4.81239,67596530473
466.414,2.14402,67598675250
209.191,4.78032,67603457249
416.773,2.39938,67605855782
225.774,4.4292,67610285672
435.361,2.29694,67612583139
213.213,4.69015,67617276040
434.34,2.30235,67619577557
214.097,4.67078,67624251208
448.031,2.23199,67626482122
212.665,4.70223,67631185537
462.38,2.16272,67633347926
208.126,4.80478,67638159822
418.527,2.38933,67640544573
221.819,4.50817,67645053768
302.603,3.30466,67648357911
276.979,3.61039,67651970136
468.637,2.13385,67654102503
208.174,4.80368,67658907933
456.986,2.18825,67661096394
205.759,4.86006,67665959173
424.429,2.35611,67668315101
221.957,4.50537,67672821902
443.72,2.25367,67675075893
210.571,4.749,67679826300
436.659,2.29012,67682115554
214.271,4.66699,67686784394
394.146,2.53713,67689322347
228.625,4.37397,67693699635
301.348,3.31842,67697019165
281.977,3.54639,67700565355
194.789,5.13377,67705701325
293.14,3.41133,67709113215
185.848,5.38075,67714496274
225.935,4.42605,67718924078
377.924,2.64603,67721569604
331.161,3.01968,67724592654
251.112,3.98229,67728575415
235.604,4.24441,67732821275
354.417,2.82153,67735644095
324.037,3.08606,67738732275
248.14,4.02999,67742764816
245.223,4.07793,67746842829
229.948,4.34881,67751193122
204.461,4.8909,67756085145
341.14,2.93135,67759016187
241.107,4.14753,67763165949
421.182,2.37427,67765539479
224.594,4.45248,67769993017
398.125,2.51177,67772506271
220.596,4.53317,67777040374
441.09,2.26711,67779307177
214.804,4.65541,67783964318
422.231,2.36837,67786331673
217.171,4.60466,67790937205
417.842,2.39325,67793331394
220.693,4.53118,67797863371
443.2,2.25632,67800120821
214.334,4.66562,67804786062
411.153,2.43218,67807219075
220.503,4.53508,67811754709
431.45,2.31777,67814072525
215.526,4.6398,67818714300
417.98,2.39246,67821106750
221.455,4.5156,67825623315
428.829,2.33193,67827954362
218.394,4.57889,67832533950
449.222,2.22607,67834760872
208.073,4.80601,67839567622
450.538,2.21957,67841787136
211.796,4.72153,67846510073
450.586,2.21933,67848730384
210.644,4.74735,67853479396
430.168,2.32467,67855803553
222.721,4.48993,67860294864
420.323,2.37912,67862673168
217.811,4.59114,67867266493
425.684,2.34916,67869615801
217.346,4.60095,67874218256
423.148,2.36324,67876580548
219.804,4.54952,67881132561
406.451,2.46032,67883592435
219.543,4.55491,67888148140
440.638,2.26943,67890417901
213.786,4.67757,67895097134
432.774,2.31067,67897408130
213.411,4.68578,67902096303
410.444,2.43639,67904532938
223.397,4.47635,67909010648
419.57,2.38339,67911393526
223.963,4.46502,67915859585
372.922,2.68152,67918542784
227.394,4.39766,67922941925
329.36,3.03619,67925978981
261.557,3.82326,67929801852
421.813,2.37072,67932173203
219.825,4.54907,67936723080
421.676,2.37149,67939094075
215.056,4.64994,67943745435
431.494,2.31753,67946063654
220.958,4.52574,67950590013
434.944,2.29915,67952889050
211.908,4.71903,67957609453
475.702,2.10215,67959710800
208.544,4.79516,67964507593
442.222,2.26131,67966768904
214.525,4.66147,67971432297
439.964,2.27291,67973705057
214.569,4.66051,67978367146
442.64,2.25917,67980625690
209.041,4.78375,67985410366
441.737,2.26379,67987673997
215.676,4.63659,67992312521
453.71,2.20405,67994515985
213.293,4.68838,67999206430
394.916,2.53219,68001738693
224.716,4.45007,68006190218
431.345,2.31833,68008508556
216.626,4.61626,68013126774
435.35,2.297,68015422430
216.732,4.614,68020040691
368.829,2.71129,68022749732
236.42,4.22977,68026979967
433.751,2.30547,68029285289
211.516,4.72777,68034015240
412.046,2.42691,68036442039
222.049,4.50351,68040946544
409.859,2.43987,68043386853
219.607,4.55358,68047941766
418.545,2.38923,68050330453
224.177,4.46075,68054792495
413.53,2.4182,68057211384
216.238,4.62453,68061837653
403.772,2.47664,68064314150
227.378,4.39796,68068712448
369.356,2.70742,68071419938
232.808,4.29539,68075716949
389.598,2.56675,68078283669
232.119,4.30814,68082591979
423.312,2.36232,68084955179
216.833,4.61185,68089568035
370.372,2.69999,68092269235
235.131,4.25295,68096523402
396.694,2.52083,68099045339
229.964,4.3485,68103394210
384.759,2.59903,68105993472
229.666,4.35416,68110347850
392.146,2.55007,68112898808
225.483,4.43493,68117334825
395.256,2.53,68119865400
225.149,4.44151,68124308499
392.434,2.5482,68126856469
230.786,4.33301,68131192048
374.738,2.66853,68133860320
235.782,4.24121,68138102837
395.353,2.52938,68140632383
223.814,4.46799,68145102061
423.09,2.36356,68147465650
216.899,4.61044,68152076460
432.468,2.31231,68154389196
213.379,4.68649,68159076775
411.206,2.43187,68161508690
225.611,4.43241,68165941455
376.407,2.6567,68168598673
230.222,4.34364,68172942756
413.015,2.42122,68175364875
223.128,4.48173,68179847547
408.7,2.44678,68182294548
220.287,4.53953,68186834779
423.528,2.36112,68189196214
218.856,4.56921,68193766247
388.37,2.57487,68196341123
232.463,4.30177,68200644717
402.374,2.48525,68203129795
222.766,4.48901,68207619845
410.546,2.43578,68210056390
222.781,4.4887,68214545597
421.502,2.37247,68216918179
217.511,4.59747,68221516552
391.004,2.55752,68224074717
229.44,4.35843,68228434066
411.529,2.42996,68230864112
220.769,4.52961,68235393997
400.617,2.49615,68237891361
224.135,4.4616,68242353597
418.122,2.39165,68244745343
221.19,4.52101,68249267191
416.242,2.40245,68251669773
216.952,4.60932,68256280592
392.03,2.55083,68258831293
232.588,4.29945,68263133036
418.513,2.38941,68265522024
218.886,4.56859,68270093039
393.705,2.53997,68272632345
225.545,4.4337,68277066995
426.782,2.34312,68279409656
214.941,4.65245,68284062947
394.937,2.53205,68286595498
228.343,4.37938,68290975599
409.889,2.43969,68293416592
223.837,4.46753,68297884426
396.051,2.52493,68300412539
226.139,4.42205,68304833831
420.02,2.38084,68307214814
220.902,4.5269,68311741620
395.583,2.52791,68314270219
222.933,4.48565,68318757242
385.449,2.59438,68321352140
233.535,4.28202,68325635495
429.293,2.32941,68327964319
216.24,4.62448,68332590557
423.151,2.36322,68334953068
218.586,4.57487,68339529936
428.444,2.33403,68341863735
216.049,4.62859,68346493064
422.176,2.36868,68348861248
220.416,4.53687,68353399265
417.932,2.39273,68355792318
217.659,4.59434,68360387460
418.61,2.38886,68362777048
220.299,4.53928,68367317330
426.21,2.34626,68369664672
216.32,4.62279,68374288298
423.686,2.36024,68376649235
221.93,4.50592,68381155514
421.777,2.37092,68383527469
218.269,4.5815,68388110063
428.803,2.33207,68390440955
216.654,4.61566,68395058294
436.858,2.28907,68397347328
211.833,4.72069,68402070941
399.66,2.50213,68404572449
226.234,4.4202,68408993803
428.539,2.33351,68411326850
218.735,4.57174,68415899312
399.989,2.50007,68418402532
219.968,4.54612,68422947645
389.512,2.56731,68425518814
230.684,4.33494,68429852524
415.217,2.40838,68432260796
223.915,4.46599,68436728431
432.823,2.31041,68439038907
210.374,4.75345,68443793430
424.876,2.35363,68446146734
221.809,4.50839,68450656894
426.819,2.34291,68452999682
218.941,4.56744,68457568053
440.521,2.27004,68459838803
211.505,4.72803,68464567341
451.984,2.21247,68466780192
216.168,4.62603,68471406974
433.46,2.30702,68473714753
214.62,4.65941,68478375193
424.634,2.35497,68480729999
216.575,4.61734,68485348061
425.769,2.34869,68487696890
217.406,4.59968,68492297857
350.71,2.85136,68495150161
247.268,4.0442,68499195433
394.276,2.53629,68501733855
227.443,4.39671,68506129891
358.05,2.79291,68508924391
232.428,4.30241,68513228537
462.095,2.16406,68515390430
214.146,4.66971,68520061759
443.303,2.25579,68522317391
210.657,4.74704,68527065769
428.249,2.33509,68529400952
222.472,4.49496,68533896690
415.411,2.40726,68536304038
213.966,4.67365,68540980275
413.637,2.41758,68543397732
222.302,4.49838,68547896394
435.863,2.2943,68550190799
213.77,4.67793,68554870369
442.27,2.26106,68557131040
217.571,4.5962,68561728345
436.951,2.28859,68564016746
214.505,4.66189,68568681684
402.595,2.48389,68571167457
225.624,4.43216,68575598643
429.851,2.32639,68577924928
213.978,4.67338,68582599673
446.175,2.24127,68584841368
212.735,4.70068,68589543261
441.741,2.26377,68591808321
216.989,4.60854,68596417254
436.074,2.29319,68598710889
214.443,4.66325,68603376586
416.083,2.40336,68605779648
219.271,4.56057,68610341161
420.885,2.37595,68612717099
219.805,4.54949,68617268808
441.594,2.26452,68619531977
211.74,4.72276,68624255570
423.906,2.35901,68626615772
220.125,4.54288,68631160211
433.575,2.30641,68633466408
215.822,4.63344,68638101761
429.911,2.32607,68640427998
213.844,4.6763,68645105187
425.334,2.35109,68647456028
217.14,4.60532,68652063484
432.071,2.31444,68654377608
214.991,4.65136,68659029323
422.504,2.36684,68661396834
222.68,4.49075,68665889150
402.046,2.48728,68668376949
221.369,4.51735,68672894923
416.499,2.40097,68675295934
218.884,4.56863,68679866641
432.056,2.31451,68682181065
218.412,4.5785,68686760537
434.636,2.30078,68689061795
212.509,4.70569,68693768862
419.704,2.38263,68696150708
225.637,4.4319,68700584528
414.444,2.41287,68702997597
214.91,4.65311,68707652628
433.851,2.30494,68709957620
217.548,4.59669,68714555097
437.574,2.28533,68716840850
217.32,4.60151,68721452105
424.253,2.35708,68723800972
216.556,4.61775,68728420489
407.888,2.45165,68730872477
221.251,4.51976,68735393239
422.43,2.36726,68737760341
222.739,4.48956,68742251660
437.336,2.28657,68744538153
213.464,4.68464,68749224326
422.539,2.36664,68751591258
220.307,4.53912,68756131171
410.669,2.43505,68758566743
217.584,4.59593,68763163676
414.181,2.4144,68765578250
222.736,4.48962,68770072842
288.999,3.46022,68773534511
289.805,3.4506,68776983997
316.798,3.15659,68780141555
253.748,3.94091,68784083602
305.687,3.27132,68787357089
283.806,3.52354,68790882049
343.581,2.91052,68793792028
237.832,4.20464,68797998967
295.759,3.38114,68801387878
297.741,3.35862,68804740308
328.607,3.04315,68807785770
242.825,4.11819,68811905906
346.186,2.88862,68814794787
261.175,3.82885,68818627451
261.269,3.82747,68822455079
287.062,3.48356,68825937689
310.899,3.21648,68829156224
298.192,3.35354,68832510422
302.412,3.30674,68835819735
270.278,3.6999,68839519259
287.338,3.48022,68842999667
289.181,3.45805,68846458297
364.429,2.74402,68849202024
237.811,4.20501,68853408827
310.142,3.22433,68856633507
263.828,3.79035,68860424306
352.952,2.83325,68863258531
249.799,4.00322,68867262830
345.08,2.89788,68870160610
248.08,4.03095,68874193724
358.285,2.79107,68876984504
239.492,4.17551,68881160540
359.377,2.78259,68883943868
232.107,4.30836,68888252560
373.358,2.67839,68890930796
242.398,4.12545,68895057854
362.584,2.75798,68897816346
226.408,4.41681,68902233898
452.156,2.21163,68904446515
219.639,4.55292,68909000789
435.967,2.29375,68911294548
216.59,4.61701,68915912787
364.581,2.74288,68918657371
237.016,4.21912,68922878317
353.348,2.83007,68925709482
245.379,4.07532,68929786415
273.489,3.65645,68933443568
305.098,3.27763,68936720783
441.958,2.26266,68938983157
215.725,4.63553,68943619993
322.861,3.09731,68946718174
254.189,3.93409,68950652804
389.317,2.5686,68953221810
229.086,4.36517,68957588201
369.514,2.70625,68960294765
236.651,4.22563,68964522464
381.42,2.62178,68967143102
233.457,4.28344,68971428195
379.268,2.63666,68974064289
229.501,4.35728,68978422788
396.929,2.51934,68980942283
228.897,4.36877,68985312041
450.353,2.22048,68987532994
211.591,4.7261,68992260069
466.692,2.14274,68994402287
208.378,4.79897,68999202665
420.079,2.38051,69001582886
217.614,4.5953,69006180034
458.61,2.1805,69008359999
210.58,4.74878,69013109500
452.555,2.20968,69015319044
209.678,4.76922,69020089939
402.776,2.48277,69022572666
224.637,4.45162,69027025750
461.908,2.16493,69029191670
212.167,4.71327,69033906604
71.2757,14.03,69047936701
354.73,2.81905,69050755537
248.72,4.02059,69054777746
438.78,2.27905,69057056819
211.115,4.73676,69061795488
427.739,2.33787,69064132840
220.457,4.53603,69068670157
452.758,2.20868,69070878446
210.465,4.75139,69075631551
453.778,2.20372,69077834561
211.088,4.73737,69082573357
468.101,2.13629,69084709036
209.155,4.78114,69089492783
412.249,2.42572,69091917739
218.787,4.57066,69096490304
425.494,2.35021,69098840632
217.909,4.58906,69103431209
423.452,2.36155,69105792616
218.693,4.57261,69110367182
324.96,3.0773,69113445481
262.992,3.80239,69117249165
426.015,2.34734,69119596601
213.175,4.69099,69124288692
328.743,3.04189,69127331363
261.37,3.826,69131159144
429.245,2.32967,69133488406
216.147,4.62648,69138118555
233.661,4.2797,69142399111
322.271,3.10298,69145503595
306.842,3.25901,69148762528
266.822,3.74782,69152511876
377.132,2.65159,69155163585
228.564,4.37515,69159540590
349.577,2.8606,69162402297
289.084,3.45921,69165861863
332.7,3.00571,69168867886
195.607,5.1123,69173982241
328.887,3.04055,69177024626
330.78,3.02315,69180047252
405.935,2.46345,69182510867
236.684,4.22505,69186737112
456.753,2.18937,69188926211
207.757,4.81331,69193740420
419.848,2.38182,69196122664
218.609,4.57437,69200698395
381.428,2.62173,69203319893
233.948,4.27445,69207596003
432.627,2.31146,69209906602
214.334,4.66561,69214574255
301.646,3.31514,69217890381
286.276,3.49313,69221384202
396.238,2.52374,69223909104
224.717,4.45003,69228359626
299.522,3.33865,69231698984
279.011,3.58409,69235285011
328.774,3.04161,69238327096
254.125,3.93508,69242262747
259.375,3.85542,69246118538
317.153,3.15305,69249271276
365.394,2.73677,69252008045
240.489,4.15819,69256167806
357.128,2.80012,69258967671
217.845,4.59041,69263559953
357.549,2.79682,69266357169
268.912,3.71869,69270076994
357.204,2.79952,69272876233
222.595,4.49247,69277369554
385.728,2.5925,69279962548
248.672,4.02135,69283985343
357.178,2.79972,69286785804
239.14,4.18165,69290968507
408.972,2.44516,69293414464
224.894,4.44654,69297862349
407.723,2.45264,69300315163
220.697,4.5311,69304850164
413.495,2.41841,69307266852
222.133,4.50181,69311769503
437.223,2.28716,69314056613
214.17,4.66918,69318727460
393.406,2.5419,69321268971
227.646,4.39279,69325663993
405.748,2.46458,69328128844
224.696,4.45045,69332580707
380.11,2.63081,69335211187
229.594,4.35551,69339569487
99.0038,10.1006,69349672391
1297.59,0.770658,69350441518
86.1876,11.6026,69362047117
273.492,3.65642,69365703474
262.07,3.81577,69369521349
210.123,4.75911,69374279811
407.785,2.45227,69376733701
222.846,4.48739,69381222007
408.256,2.44944,69383671779
223.838,4.46751,69388139940
423.805,2.35958,69390499436
217.937,4.58849,69395089630
399.36,2.504,69397594133
221.851,4.50753,69402103647
376.259,2.65775,69404760677
234.994,4.25543,69409017500
408.144,2.45011,69411468278
223.24,4.47949,69415948055
407.307,2.45515,69418404346
219.772,4.55017,69422955934
384.136,2.60325,69425560736
234.186,4.27011,69429832844
376.928,2.65303,69432484481
237.47,4.21106,69436695475
403.427,2.47877,69439182363
216.377,4.62156,69443797891
405.071,2.4687,69446267410
229.673,4.35402,69450621212
410.435,2.43644,69453058733
219.982,4.54584,69457604336
413.158,2.42038,69460026593
222.411,4.49617,69464523559
399.557,2.50277,69467026444
224.02,4.46388,69471491219
407.616,2.45329,69473944653
219.82,4.54917,69478493628
426.852,2.34273,69480837460
218.836,4.56962,69485407424
409.349,2.4429,69487850368
226.333,4.41827,69492269857
405.438,2.46647,69494737185
219.35,4.55893,69499296962
390.99,2.55761,69501854446
233.108,4.28986,69506145120
424.347,2.35656,69508502060
216.028,4.62903,69513131712
418.714,2.38826,69515520369
218.344,4.57994,69520101321
421.238,2.37396,69522475692
218.361,4.57957,69527056611
403.331,2.47935,69529537030
222.014,4.50421,69534041235
420.685,2.37708,69536419246
219.252,4.56096,69540980875
413.222,2.42001,69543400643
221.44,4.5159,69547918281
410.991,2.43315,69550351166
223.038,4.48354,69554835870
419.062,2.38628,69557222333
223.292,4.47845,69561703630
387.94,2.57771,69564280838
225.836,4.428,69568710146
425.889,2.34803,69571058269
217.859,4.59013,69575649680
409.306,2.44316,69578093498
220.761,4.52978,69582623255
424.968,2.35312,69584976817
217.498,4.59775,69589576032
405.43,2.46652,69592043566
225.384,4.43688,69596481063
414.227,2.41414,69598895154
217.233,4.60336,69603499997
404.237,2.47379,69605973987
226.139,4.42206,69610397132
414.962,2.40986,69612806568
219.881,4.54791,69617356024
405.69,2.46494,69619820571
226.619,4.4127,69624234476
415.606,2.40613,69626640655
220.625,4.53258,69631174689
376.846,2.65361,69633828303
232.3,4.30478,69638134170
423.165,2.36315,69640498018
216.867,4.61112,69645109290
425.253,2.35154,69647462221
217.777,4.59185,69652054660
412.139,2.42637,69654480965
223.229,4.47971,69658962328
400.481,2.49699,69661460748
221.412,4.51647,69665977294
406.636,2.4592,69668437295
225.583,4.43295,69672870380
408.015,2.45089,69675322490
219.325,4.55944,69679882457
430.222,2.32438,69682206550
218.104,4.58497,69686792359
438.523,2.28038,69689073013
213.456,4.68481,69693761035
418.529,2.38932,69696149753
221.864,4.50726,69700656869
428.861,2.33176,69702989882
217.852,4.59026,69707580833
406.392,2.46068,69710042258
220.556,4.534,69714576596
439.079,2.2775,69716854029
218.564,4.57531,69721430541
407.386,2.45468,69723886179
223.724,4.46979,69728357054
424.4,2.35627,69730713367
213.872,4.6757,69735389950
419.418,2.38426,69737774653
221.069,4.52348,69742298930
424.509,2.35566,69744654120
219.733,4.55098,69749206580
423.556,2.36096,69751567936
218.278,4.58132,69756149658
424.072,2.35809,69758508546
219.371,4.55848,69763068478
440.503,2.27013,69765338565
210.248,4.75629,69770094992
439.2,2.27687,69772372427
213.683,4.67983,69777053073
447.861,2.23284,69779286069
212.766,4.7,69783987410
429.92,2.32601,69786314180
214.399,4.6642,69790979868
428.244,2.33512,69793314908
223.359,4.47709,69797792902
447.913,2.23258,69800025573
207.679,4.81512,69804841803
458.192,2.18249,69807028387
211.744,4.72268,69811748184
453.099,2.20703,69813954733
211.896,4.7193,69818675257
440.129,2.27206,69820948122
211.861,4.72008,69825668870
421.159,2.3744,69828043859
220.871,4.52752,69832572245
451.842,2.21316,69834784996
209.782,4.76685,69839552537
388.182,2.57611,69842133177
214.509,4.6618,69846795819
201.188,4.97047,69851767570
297.637,3.3598,69855128038
191.78,5.2143,69860343888
275.087,3.63521,69863981310
306.276,3.26503,69867247010
354.822,2.81831,69870064962
238.588,4.19132,69874259363
260.37,3.84069,69878100145
306.659,3.26096,69881363611
325.214,3.0749,69884440913
258.143,3.87382,69888315103
199.767,5.00584,69893325416
269.4,3.71195,69897036844
200.803,4.98001,69902018151
268.653,3.72227,69905740587
301.1,3.32115,69909062554
275.143,3.63448,69912698706
308.439,3.24214,69915942334
310.068,3.2251,69919169121
270.532,3.69642,69922866560
296.531,3.37233,69926240545
266.558,3.75152,69929993562
305.953,3.26847,69933261809
288.381,3.46764,69936731679
273.763,3.6528,69940390167
265.898,3.76084,69944148273
252.849,3.95492,69948105118
272.031,3.67605,69951782269
204.963,4.87892,69956662963
279.415,3.57891,69960244906
221.703,4.51055,69964757585
263.477,3.7954,69968553318
269.066,3.71656,69972271192
287.298,3.48071,69975754643
280.399,3.56634,69979324478
225.726,4.43014,69983753854
257.811,3.87881,69987633267
216.154,4.62634,69992260512
339.66,2.94412,69995205925
252.07,3.96716,69999173581
292.305,3.42109,70002595655
284.411,3.51604,70006113305
322.539,3.1004,70009213845
256.727,3.89519,70013110825
402.731,2.48305,70015594568
224.811,4.44817,70020045010
396.438,2.52246,70022567159
227.996,4.38605,70026954520
412.501,2.42424,70029379134
221.602,4.51259,70033892604
314.868,3.17594,70037070241
264.53,3.78028,70040850981
298.028,3.35539,70044207993
275.262,3.63291,70047841323
319.378,3.13108,70050973184
264.419,3.78187,70054756745
295.16,3.38799,70058144965
282.091,3.54496,70061691146
310.607,3.21951,70064912105
264.151,3.78571,70068699787
204.963,4.87892,70073580548
336.216,2.97428,70076555132
341.782,2.92584,70079483647
296.515,3.37251,70082856412
232.936,4.29302,70087151231
279.865,3.57315,70090725032
294.529,3.39525,70094122315
276.845,3.61213,70097737314
177.455,5.63523,70103371904
249.069,4.01495,70107387703
338.294,2.95601,70110344657
350.363,2.85418,70113200409
208.46,4.79708,70117999796
315.245,3.17213,70121172136
304.789,3.28096,70124455749
255.365,3.91597,70128373050
228.079,4.38445,70132758397
186.707,5.35598,70138118279
257.503,3.88344,70142004571
252.744,3.95657,70145963894
267.276,3.74145,70149705327
323.388,3.09226,70152798833
320.107,3.12395,70155924310
277.065,3.60926,70159534498
182.907,5.46726,70165003815
312.544,3.19955,70168204709
214.525,4.66146,70172868662
312.405,3.20097,70176070484
270.947,3.69076,70179761722
361.806,2.76391,70182525991
223.926,4.46577,70186995817
309.456,3.23148,70190227315
285.482,3.50284,70193729714
425.618,2.34952,70196080235
211.388,4.73063,70200812113
417.694,2.3941,70203205081
221.486,4.51496,70207737587
427.512,2.33911,70210060981
218.238,4.58216,70214644770
424.64,2.35493,70216998515
219.327,4.55941,70221560264
434.526,2.30136,70223860342
213.078,4.69311,70228571925
433.009,2.30942,70230881367
221.885,4.50684,70235389658
351.394,2.84581,70238235273
234.972,4.25582,70242492954
394.086,2.53752,70245030486
236.335,4.23128,70249264517
383.316,2.60881,70251873495
227.287,4.39973,70256274071
413.815,2.41654,70258691092
224.601,4.45234,70263144571
332.474,3.00775,70266152902
248.772,4.01974,70270173582
385.002,2.59739,70272770454
228.235,4.38144,70277153979
389.202,2.56936,70279722656
229.151,4.36394,70284088069
381.91,2.61842,70286705690
228.945,4.36787,70291075290
394.122,2.53729,70293612921
233.739,4.27828,70297892674
433.309,2.30782,70300200704
216.518,4.61855,70304821360
423.809,2.35955,70307182438
217.633,4.59489,70311776910
415.786,2.40509,70314181028
218.869,4.56893,70318751753
420.157,2.38006,70321132102
217.438,4.59901,70325731592
390.739,2.55925,70328291026
230.304,4.34209,70332634504
441.955,2.26267,70334896716
215.931,4.6311,70339529739
442.981,2.25743,70341786970
214.422,4.66369,70346453166
431.803,2.31587,70348768478
216.549,4.6179,70353388119
393.992,2.53812,70355925262
225.775,4.42919,70360356063
449.965,2.2224,70362578019
213.457,4.68479,70367264141
437.751,2.28441,70369548322
212.51,4.70567,70374255531
464.921,2.1509,70376406378
210.296,4.7552,70381164151
441.01,2.26752,70383431253
210.818,4.74342,70388175462
456.889,2.18871,70390363970
211.252,4.73368,70395098819
462.757,2.16096,70397260290
209.888,4.76444,70402026426
410.131,2.43825,70404465333
221.032,4.52423,70408990900
437.002,2.28832,70411278690
215.075,4.64954,70415929972
456.695,2.18964,70418119620
207.999,4.80772,70422931744
313.85,3.18623,70426117731
266.166,3.75705,70429876968
214.441,4.66328,70434540105
356.569,2.80451,70437345703
374.277,2.67181,70440017235
273.731,3.65322,70443671180
256.066,3.90524,70447578555
328.831,3.04108,70450619984
300.722,3.32533,70453946210
274.749,3.63968,70457585916
267.538,3.73778,70461323875
312.591,3.19907,70464524170
349.778,2.85896,70467383348
245.128,4.0795,70471463623
367.75,2.71923,70474182939
230.691,4.33481,70478518481
389.956,2.56439,70481083610
234.816,4.25866,70485343271
369.315,2.70771,70488051140
236.93,4.22065,70492272790
366.521,2.72835,70495002355
233.503,4.2826,70499285454
369.352,2.70744,70501993104
238.605,4.19103,70506184593
352.977,2.83304,70509018304
240.965,4.14998,70513169237
343.47,2.91147,70516080558
250.592,3.99056,70520072554
301.546,3.31625,70523389676
275.784,3.62603,70527016336
346.934,2.8824,70529898649
246.775,4.05228,70533952013
307.789,3.24898,70537202146
263.359,3.7971,70540999588
342.054,2.92352,70543923710
259.274,3.85693,70547781404
310.924,3.21622,70550998381
258.403,3.86992,70554869092
330.133,3.02908,70557898374
253.358,3.94699,70561846663
334.668,2.98804,70564835166
258.309,3.87133,70568707892
327.284,3.05545,70571763044
252.202,3.96508,70575729141
339.418,2.94622,70578675602
255.496,3.91396,70582591045
329.432,3.03553,70585626809
251.673,3.97341,70589601209
335.086,2.98431,70592586161
253.263,3.94847,70596535518
426.874,2.34261,70598877923
219.879,4.54795,70603427351
427.279,2.34039,70605767338
213.77,4.67792,70610447088
389.887,2.56485,70613012304
232.23,4.30608,70617319353
399.514,2.50304,70619823049
224.84,4.4476,70624271706
409.875,2.43977,70626711145
222.902,4.48627,70631200521
417.835,2.39329,70633592081
218.319,4.58045,70638174095
400.551,2.49656,70640671241
227.563,4.39438,70645067461
382.688,2.61309,70647681137
228.801,4.3706,70652051832
401.634,2.48983,70654542470
225.74,4.42988,70658973675
424.182,2.35748,70661331152
215.849,4.63287,70665964853
415.162,2.4087,70668374089
219.404,4.55781,70672933089
426.725,2.34343,70675276927
218.497,4.57671,70679855111
422.858,2.36486,70682219357
218.103,4.58499,70686805601
428.681,2.33274,70689139141
213.646,4.68063,70693820916
424.977,2.35307,70696173945
219.88,4.54793,70700723059
426.153,2.34658,70703069858
220.08,4.54381,70707615320
419.796,2.38211,70709997029
220.867,4.52762,70714525562
433.998,2.30416,70716830386
213.372,4.68665,70721518129
465.656,2.14751,70723665284
204.117,4.89915,70728565620
449.945,2.22249,70730788087
220.146,4.54243,70735332024
446.838,2.23795,70737569253
208.162,4.80395,70742375437
414.683,2.41148,70744786234
223.358,4.47712,70749264533
424.235,2.35718,70751621791
218.525,4.57614,70756200463
432.068,2.31445,70758513613
214.952,4.65221,70763166677
439.518,2.27522,70765442093
215.786,4.63421,70770077948
442.202,2.26141,70772339097
212.686,4.70176,70777042744
439.154,2.27711,70779320565
214.139,4.66987,70783991300
404.688,2.47104,70786462974
222.693,4.49048,70790954132
408.354,2.44885,70793403600
221.481,4.51507,70797920340
448.483,2.22974,70800150394
213.019,4.69442,70804847078
420.716,2.3769,70807224910
216.68,4.6151,70811840318
410.503,2.43603,70814277181
225.657,4.43151,70818710134
416.935,2.39846,70821108699
219.051,4.56515,70825675351
434.923,2.29926,70827974365
212.586,4.70398,70832679777
425.352,2.35099,70835031002
218.517,4.5763,70839608942
417.056,2.39776,70842007383
222.223,4.49998,70846507901
422.408,2.36738,70848875795
219.995,4.54557,70853423714
433.262,2.30807,70855730978
216.889,4.61066,70860343705
427.354,2.33998,70862683533
217.407,4.59967,70867286404
413.781,2.41674,70869701773
219.882,4.54789,70874251357
393.956,2.53836,70876788992
227.723,4.3913,70881181734
426.413,2.34515,70883526772
215.841,4.63305,70888161220
450.859,2.21799,70890379591
210.311,4.75486,70895135253
434.722,2.30032,70897435823
217.35,4.60087,70902038755
372.69,2.6832,70904722100
233.522,4.28226,70909005218
415.615,2.40607,70911411029
221.639,4.51184,70915925585
324.064,3.08581,70919012434
257.404,3.88494,70922900214
277.33,3.60581,70926508203
209.676,4.76927,70931278462
180.893,5.52812,70936806565
212.765,4.70003,70941508862
287.143,3.48259,70944992378
175.519,5.69738,70950692880
327.001,3.05809,70953752475
253.229,3.949,70957702743
342.195,2.92231,70960625205
256.84,3.89348,70964520511
273.409,3.65753,70968274463
227.531,4.39501,70972669764
308.506,3.24142,70975912531
299.197,3.34228,70979255838
391.456,2.55456,70981809647
214.195,4.66865,70986481255
382.79,2.6124,70989093655
308.344,3.24314,70992337843
433.089,2.30899,70994645142
215.6,4.63823,70999285261
269.569,3.70963,71002996792
313.556,3.18922,71006185766
441.797,2.26348,71008448517
211.022,4.73884,71013189266
348.385,2.87038,71016059739
249.252,4.012,71020071900
423.31,2.36233,71022434892
215.583,4.63859,71027074652
304.27,3.28655,71030361837
276.493,3.61673,71033979730
429.699,2.32721,71036306076
214.103,4.67065,71040979407
442.697,2.25888,71043236689
209.874,4.76477,71048003920
434.216,2.303,71050306146
219.33,4.55933,71054867495
453.295,2.20607,71057072645
201.69,4.9581,71062033654
471.376,2.12145,71064153458
217.286,4.60223,71068757332
463.83,2.15596,71070913075
207.834,4.81153,71075727070
453.995,2.20267,71077928147
211.194,4.73498,71082665534
464.517,2.15278,71084817255
208.929,4.78631,71089606520
298.968,3.34484,71092952091
285.156,3.50685,71096458791
437.201,2.28728,71098746989
211.321,4.73213,71103480089
329.209,3.03758,71106519514
258.402,3.86994,71110390064
431.162,2.31931,71112709680
215.796,4.63401,71117344141
311.634,3.20889,71120554092
267.159,3.74308,71124298416
444.326,2.2506,71126549485
213.998,4.67293,71131223262
426.834,2.34283,71133567217
216.991,4.60849,71138177689
296.292,3.37505,71141554695
217.158,4.60495,71146160702
304.631,3.28266,71149444237
283.943,3.52184,71152965819
414.771,2.41097,71155377562
277.149,3.60816,71158989164
252.907,3.95403,71162942372
240.271,4.16197,71167105400
378.841,2.63963,71169746365
315.556,3.16901,71172916493
234.801,4.25893,71177175391
268.388,3.72595,71180902033
281.354,3.55425,71184456036
424.168,2.35756,71186813498
310.027,3.22552,71190040524
264.284,3.78381,71193825522
230.377,4.34071,71198167054
392.65,2.5468,71200713692
320.711,3.11807,71203832388
264.984,3.77381,71207607383
217.618,4.5952,71212205000
400.213,2.49867,71214702792
295.61,3.38284,71218085673
288.652,3.46438,71221550890
214.088,4.67097,71226223610
434.081,2.30372,71228526518
296.42,3.37359,71231901835
281.923,3.54707,71235449140
297.187,3.36489,71238815478
209.569,4.77171,71243588088
174.74,5.7228,71249311519
447.939,2.23245,71251543991
213.33,4.68757,71256233560
449.839,2.22302,71258455868
213.095,4.69274,71263150186
441.175,2.26667,71265416330
213.146,4.69162,71270109832
439.955,2.27296,71272383293
214.827,4.6549,71277038816
429.079,2.33057,71279369895
215.951,4.63068,71284002032
424.129,2.35777,71286359696
218.433,4.57806,71290939142
446.494,2.23967,71293178925
210.613,4.74805,71297929027
437.112,2.28774,71300218649
213.863,4.67588,71304894395
438.796,2.27896,71307173958
216.588,4.61706,71311795074
440.906,2.26805,71314060432
213.32,4.68779,71318749271
461.474,2.16697,71320916638
208.199,4.80309,71325721570
443.5,2.25479,71327975776
214.575,4.66037,71332637130
456.964,2.18836,71334825431
209.892,4.76437,71339592331
444.075,2.25187,71341843917
214.976,4.65169,71346496582
431.202,2.3191,71348815745
218.793,4.57052,71353387272
434.135,2.30343,71355691598
210.125,4.75908,71360451556
446.048,2.24191,71362693400
213.444,4.68508,71367379161
469.498,2.12994,71369509323
208.12,4.80492,71374316063
433.313,2.3078,71376623893
217.22,4.60364,71381229297
436.229,2.29237,71383521583
216.474,4.6195,71388142228
450.918,2.2177,71390360893
209.315,4.77748,71395140521
438.596,2.28,71397420326
214.856,4.65429,71402075127
383.527,2.60738,71404685156
230.763,4.33346,71409018737
442.873,2.25799,71411277085
213.46,4.68473,71415963103
433.781,2.30531,71418268165
215.98,4.63006,71422901303
389.157,2.56965,71425474763
224.809,4.44822,71429923165
334.664,2.98808,71432912039
23.7617,42.0846,71474997901
662.792,1.50877,71476506751
110.097,9.08294,71485596247
168.025,5.95148,71491545016
180.016,5.55506,71497103083
207.223,4.82572,71501931328
179.02,5.58595,71507520432
170.861,5.8527,71513379489
211.594,4.72603,71518104963
272.915,3.66414,71521769902
186.13,5.37258,71527143089
272.426,3.67073,71530817564
311.971,3.20542,71534021834
436.677,2.29002,71536312233
212.847,4.69821,71541011929
315.416,3.17042,71544183765
264.302,3.78354,71547967734
435.315,2.29719,71550263640
215.649,4.63717,71554902614
438.772,2.27909,71557181751
215.661,4.6369,71561819458
439.239,2.27666,71564096026
212.693,4.70162,71568799298
446.339,2.24045,71571040604
213.154,4.69144,71575733287
441.072,2.2672,71577999908
212.878,4.69752,71582698438
458.527,2.1809,71584880463
210.871,4.74223,71589623614
461.149,2.1685,71591792631
208.709,4.79136,71596586073
447.351,2.23538,71598821890
214.377,4.66468,71603487716
453.853,2.20336,71605691596
209.686,4.76903,71610461185
452.979,2.20761,71612668536
211.395,4.73048,71617400858
457.356,2.18648,71619587249
211.69,4.72389,71624311581
460.673,2.17073,71626482165
207.851,4.81114,71631294602
443.659,2.25398,71633548789
215.277,4.64518,71638194997
429.153,2.33017,71640525468
215.91,4.63156,71645158353
435.163,2.29799,71647456043
215.255,4.64565,71652102900
456.892,2.1887,71654291669
209.646,4.76995,71659063624
435.213,2.29773,71661360454
216.259,4.62409,71665985599
296.873,3.36845,71669354803
279.346,3.57979,71672936256
443.553,2.25452,71675190540
213.809,4.67708,71679868903
432.382,2.31277,71682182076
216.397,4.62113,71686803873
442.272,2.26105,71689064900
212.342,4.70938,71693776409
423.661,2.36038,71696136901
218.704,4.57238,71700711458
408.316,2.44908,71703160234
221.068,4.52349,71707686081
446.151,2.24139,71709926660
215.157,4.64776,71714575590
460.452,2.17178,71716746325
208.114,4.80506,71721555856
417.058,2.39775,71723952115
221.061,4.52363,71728476411
460.67,2.17075,71730646966
209.224,4.77957,71735427794
441.892,2.26299,71737690649
215.12,4.64856,71742340360
432.918,2.30991,71744650551
214.52,4.66156,71749314309
439.849,2.27351,71751587160
214.861,4.65416,71756242156
464.934,2.15084,71758393211
209.336,4.77701,71763171095
451.12,2.21671,71765387870
210.991,4.73955,71770128704
442.005,2.26242,71772390815
212.989,4.69509,71777087206
443.001,2.25733,71779345034
212.021,4.71652,71784062097
462.559,2.16188,71786223540
211.492,4.72832,71790953947
447.301,2.23563,71793190327
211.098,4.73714,71797929816
458.636,2.18038,71800109941
209.879,4.76465,71804876125
429.408,2.32879,71807212366
216.128,4.62689,71811841960
448.692,2.2287,71814068773
209.917,4.76379,71818834566
437.077,2.28793,71821121627
222.118,4.50211,71825625612
446.982,2.23723,71827862441
210.02,4.76145,71832625377
457.102,2.1877,71834813140
210.045,4.76088,71839576260
433.834,2.30503,71841879942
216.202,4.62531,71846506878
440.269,2.27134,71848777481
211.374,4.73094,71853510345
462.586,2.16176,71855672729
214.038,4.67206,71860345580
484.474,2.06409,71862409806
201.521,4.96227,71867374234
466.415,2.14401,71869517474
209.659,4.76966,71874289123
455.579,2.19501,71876484178
212.173,4.71314,71881197436
462.789,2.16081,71883358669
207.025,4.83034,71888190457
472.638,2.11579,71890306069
205.869,4.85747,71895165480
428.908,2.3315,71897496634
219.968,4.54611,71902044792
420.37,2.37885,71904424025
218.511,4.57643,71909002403
440.65,2.26937,71911270497
213.757,4.6782,71915951005
439.401,2.27582,71918226306
212.701,4.70143,71922930785
304.474,3.28436,71926217524
268.186,3.72876,71929948851
366.53,2.72829,71932677597
242.143,4.1298,71936808799
423.09,2.36356,71939171088
216.039,4.62879,71943802084
417.459,2.39545,71946196498
223.156,4.48116,71950679543
448.714,2.22859,71952908362
212.149,4.71367,71957623054
446.217,2.24106,71959863432
213.151,4.69151,71964556706
447.018,2.23705,71966793051
212.729,4.70081,71971496272
436.85,2.28912,71973784110
214.781,4.65591,71978441902
437.662,2.28487,71980726716
212.777,4.69977,71985427234
436.568,2.2906,71987717995
214.889,4.65357,71992374996
324.319,3.08338,71995459030
262.086,3.81554,71999275759
321.915,3.10641,72002383026
259.62,3.85178,72006235933
265.224,3.7704,72010008355
320.448,3.12063,72013129972
339.964,2.94149,72016072054
242.85,4.11777,72020190918
295.518,3.38389,72023576566
284.926,3.50968,72027088292
296.219,3.37588,72030464123
251.59,3.97471,72034440790
212.687,4.70175,72039145412
274.45,3.64365,72042789654
196.681,5.08437,72047874508
220.658,4.53191,72052407678
307.077,3.25651,72055664199
299.214,3.34208,72059008959
309.846,3.22741,72062235784
324.665,3.0801,72065316529
225.755,4.42958,72069747246
322.89,3.09703,72072844821
319.28,3.13205,72075977608
324.911,3.07776,72079056957
232.329,4.30423,72083360960
334.376,2.99065,72086352141
303.433,3.29562,72089648554
328.942,3.04005,72092689476
219.094,4.56425,72097254606
323.414,3.09202,72100347069
316.011,3.16444,72103511643
327.372,3.05463,72106567984
260.906,3.83279,72110400945
270.639,3.69496,72114097024
299.483,3.33909,72117436349
321.896,3.1066,72120545251
262.052,3.81604,72124361655
309.855,3.22732,72127591112
272.372,3.67145,72131261858
326.976,3.05833,72134321903
256.121,3.9044,72138227588
442.619,2.25928,72140488259
216.052,4.62851,72145116553
444.012,2.25219,72147368916
209.591,4.77119,72152140983
475.324,2.10383,72154245004
210.37,4.75353,72158999558
468.585,2.13408,72161133645
206.381,4.8454,72165980896
466.319,2.14445,72168124415
206.881,4.83369,72172961454
462.106,2.16401,72175124123
207.191,4.82646,72179951502
464.283,2.15386,72182105510
212.106,4.71463,72186821049
457.434,2.18611,72189007373
209.961,4.76278,72193771846
452.833,2.20832,72195980030
212.149,4.71367,72200694495
431.262,2.31877,72203014125
212.836,4.69846,72207713644
474.334,2.10822,72209821589
206.978,4.83144,72214654394
458.902,2.17911,72216833066
211.71,4.72344,72221558432
454.475,2.20034,72223758291
211.57,4.72656,72228486590
332.69,3.0058,72231491776
259.176,3.85839,72235351571
332.497,3.00755,72238359519
251.097,3.98253,72242343432
322.763,3.09825,72245441171
259.663,3.85114,72249293927
345.274,2.89625,72252190418
246.53,4.0563,72256247758
343.638,2.91004,72259157628
247.804,4.03544,72263194445
340.921,2.93323,72266127799
251.727,3.97256,72270102000
335.371,2.98177,72273084196
248.609,4.02238,72277108034
339.801,2.9429,72280050366
251.633,3.97404,72284025297
338.482,2.95437,72286979343
248.873,4.01812,72290998561
339.255,2.94764,72293946955
255.165,3.91903,72297866884
332.486,3.00764,72300874845
249.527,4.00758,72304883635
331.639,3.01533,72307899618
253.503,3.94473,72311847252
332.812,3.0047,72314850347
256.547,3.89792,72318749767
328.629,3.04294,72321793270
254.855,3.9238,72325717139
345.578,2.8937,72328611025
251.545,3.97543,72332586922
331.727,3.01452,72335602196
250.285,3.99544,72339599089
341.676,2.92675,72342526098
254.025,3.93663,72346462789
407.301,2.45519,72348918596
219.977,4.54593,72353465304
373.547,2.67704,72356142596
233.719,4.27864,72360422373
457.858,2.18408,72362605829
212.183,4.71291,72367321544
440.312,2.27112,72369591792
210.319,4.75469,72374348355
469.305,2.13081,72376478591
212.678,4.70194,72381181682
355.855,2.81013,72383992374
235.082,4.25384,72388246343
473.975,2.10982,72390356932
208.604,4.79378,72395152519
443.18,2.25642,72397409118
214.067,4.67144,72402081540
456.297,2.19156,72404272952
206.913,4.83295,72409107591
341.314,2.92986,72412036832
251.847,3.97067,72416008845
463.731,2.15642,72418165933
208.137,4.80453,72422971857
420.355,2.37894,72425351353
218.923,4.56781,72429921674
406.979,2.45713,72432379792
225.449,4.43559,72436816433
427.145,2.34113,72439157089
216.92,4.61,72443767669
420.926,2.37571,72446143997
221.502,4.51464,72450660180
417.98,2.39246,72453052735
217.205,4.60394,72457657089
456.439,2.19088,72459848444
209.729,4.76806,72464616896
399.108,2.50558,72467123579
225.912,4.42649,72471550839
460.518,2.17147,72473721588
210.159,4.75831,72478481343
446.214,2.24108,72480722907
208.634,4.79307,72485516579
464.619,2.1523,72487668975
214.642,4.65892,72492328547
480.647,2.08053,72494409242
202.466,4.93909,72499350243
410.024,2.43888,72501789030
220.97,4.52551,72506315859
469.661,2.12919,72508445819
210.197,4.75743,72513203122
462.536,2.162,72515365484
209.799,4.76647,72520133415
457.852,2.18411,72522317083
207.568,4.81771,72527136195
379.036,2.63827,72529774419
229.516,4.357,72534132300
463.056,2.15956,72536293436
210.708,4.7459,72541039508
474.656,2.10679,72543145915
207.137,4.82773,72547975098
463.802,2.15609,72550130821
213.307,4.68808,72554820150
462.056,2.16424,72556984669
204.988,4.87833,72561863809
445.635,2.24399,72564108279
212.174,4.7131,72568823297
440.251,2.27143,72571094847
215.442,4.64162,72575737887
436.045,2.29334,72578031029
214.803,4.65543,72582688338
458.198,2.18246,72584870555
207.577,4.81749,72589689539
443.866,2.25293,72591942581
218.647,4.57357,72596517421
318.166,3.14301,72599661239
262.037,3.81625,72603478481
357.747,2.79527,72606273742
236.511,4.22813,72610502206
354.756,2.81884,72613321403
246.175,4.06215,72617384157
350.403,2.85386,72620238263
245.076,4.08036,72624319819
351.76,2.84284,72627162605
244.212,4.0948,72631259664
454.209,2.20163,72633460932
210.027,4.7613,72638223482
467.958,2.13694,72640361073
208.688,4.79184,72645153389
465.181,2.1497,72647304092
209.511,4.77302,72652077821
447.353,2.23537,72654311900
211.58,4.72634,72659039864
448.743,2.22845,72661268353
211.483,4.72851,72665998365
426.951,2.34219,72668340139
218.288,4.5811,72672921849
452.341,2.21072,72675133396
210.246,4.75634,72679890455
431.839,2.31568,72682206718
216.49,4.61916,72686827945
463.529,2.15736,72688984395
209.124,4.78186,72693768043
391.607,2.55358,72696321297
227.088,4.40357,72700725388
398.351,2.51035,72703236151
227.459,4.3964,72707633092
400.268,2.49833,72710132721
223.969,4.46491,72714598127
476.421,2.09898,72716696532
206.561,4.84119,72721539794
462.417,2.16255,72723702109
212.402,4.70806,72728411223
454.146,2.20193,72730612958
207.566,4.81775,72735431113
458.543,2.18082,72737612888
211.964,4.71778,72742331584
428.22,2.33525,72744666688
215.135,4.64824,72749315714
414.72,2.41126,72751727219
220.978,4.52533,72756254268
392.477,2.54792,72758802160
228.804,4.37055,72763173061
447.374,2.23527,72765409193
209.986,4.76221,72770172972
464.261,2.15396,72772326052
210.167,4.75813,72777085607
455.836,2.19377,72779279348
202.975,4.92672,72784208971
265.324,3.76898,72787981051
304.633,3.28264,72791263273
364.32,2.74484,72794009311
257.789,3.87914,72797893240
347.726,2.87583,72800765946
242.538,4.12307,72804893694
298.874,3.3459,72808240962
282.72,3.53706,72811780521
342.099,2.92313,72814705698
249.769,4.0037,72818707804
360.999,2.77009,72821479930
236.468,4.22891,72825712637
368.576,2.71315,72828425121
225.076,4.44294,72832870581
347.481,2.87786,72835751945
262.899,3.80375,72839555745
322.801,3.09788,72842653887
229.684,4.35381,72847009282
373.141,2.67996,72849690609
267.998,3.73137,72853423360
336.888,2.96834,72856392732
245.632,4.07113,72860466054
251.495,3.97623,72864442417
344.006,2.90692,72867349931
353.035,2.83258,72870182599
211.677,4.72418,72874911485
220.841,4.52814,72879438551
334.426,2.9902,72882429993
342.377,2.92076,72885351578
360.73,2.77216,72888124394
241.284,4.14449,72892268821
353.958,2.82519,72895094964
228.494,4.37649,72899473897
300.09,3.33234,72902807141
335.542,2.98025,72905789818
304.81,3.28073,72909071537
357.662,2.79593,72911866957
243.36,4.10914,72915977420
431.467,2.31767,72918294864
214.413,4.6639,72922959939
437.716,2.28458,72925259439
214.163,4.66933,72929916226
397.592,2.51514,72932432145
186.183,5.37106,72937804460
491.794,2.03337,72939836550
254.709,3.92605,72943765011
340.791,2.93435,72946698850
223.367,4.47694,72951177852
448.068,2.2318,72953422295
232.602,4.2992,72957709567
470.836,2.12388,72959833081
210.64,4.74743,72964581761
314.139,3.18331,72967765519
264.492,3.78083,72971547016
409.468,2.4422,72973989266
219.535,4.55509,72978545378
332.162,3.01058,72981556319
254.483,3.92953,72985503709
447.491,2.23468,72987721031
212.951,4.69591,72992418133
288.143,3.4705,72995889367
293.741,3.40436,72999294258
465.403,2.14868,73001442890
209.558,4.77196,73006220777
481.516,2.07677,73008293540
203.823,4.90621,73013201586
488.241,2.04817,73015249133
203.468,4.91477,73020165706
502.576,1.98975,73022154417
202.438,4.93979,73027095934
444.29,2.25078,73029347604
214.068,4.67142,73034019568
452.211,2.21136,73036231460
210.622,4.74784,73040981524
493.98,2.02437,73043004717
205.598,4.86386,73047870331
410.644,2.4352,73050306019
221.215,4.52049,73054827585
292.677,3.41674,73058247049
281.451,3.55301,73061801682
254.959,3.92219,73065723891
239.208,4.18046,73069907944
244.994,4.08173,73073990535
354.426,2.82146,73076812603
345.3,2.89603,73079708815
306.354,3.2642,73082976568
233.151,4.28906,73087264714
400.581,2.49638,73089764456
234.342,4.26727,73094031854
268.98,3.71775,73097751275
341.575,2.92761,73100678853
248.484,4.0244,73104704373
353.483,2.82899,73107534111
283.179,3.53134,73111067168
248.797,4.01934,73115089061
232.624,4.29878,73119388864
205.482,4.86661,73124255908
341.159,2.93119,73127188483
246.644,4.05442,73131244856
378.833,2.63969,73133883585
232.437,4.30224,73138188522
284.175,3.51895,73141709186
294.449,3.39617,73145105917
312.913,3.19578,73148302773
267.947,3.73209,73152035604
412.845,2.42222,73154457740
189.886,5.26631,73159726768
293.523,3.40689,73163134858
360.071,2.77723,73165911736
369.929,2.70322,73168615510
233.175,4.28862,73172907402
367.763,2.71914,73175626448
233.665,4.27963,73179906386
475.736,2.102,73182008103
206.324,4.84674,73186855901
479.136,2.08709,73188943613
207.067,4.82936,73193774119
448.91,2.22762,73196001799
209.956,4.76291,73200765999
461.475,2.16697,73202933318
210.428,4.75223,73207687456
462.001,2.1645,73209851302
209.467,4.77402,73214626501
477.538,2.09407,73216720484
206.119,4.85156,73221573804
464.826,2.15134,73223724974
207.348,4.82281,73228549398
459.686,2.1754,73230724003
209.239,4.77922,73235505512
445.23,2.24603,73237750967
213.974,4.67347,73242426034
463.529,2.15736,73244584637
209.958,4.76286,73249348262
452.511,2.20989,73251558612
215.049,4.65009,73256209078
444.494,2.24975,73258459698
207.748,4.81353,73263274275
431.402,2.31802,73265592412
217.646,4.59461,73270188570
452.753,2.20871,73272396398
209.683,4.7691,73277167352
447.803,2.23313,73279400028
213.962,4.67373,73284074696
455.807,2.19391,73286268411
210.938,4.74073,73291010608
449.103,2.22666,73293237626
212.602,4.70362,73297944591
460.408,2.17199,73300115415
211.447,4.72932,73304846003
440.413,2.2706,73307117488
210.313,4.75481,73311873309
429.765,2.32685,73314200700
219.636,4.55298,73318757259
427.611,2.33857,73321093405
214.216,4.66818,73325762833
448.904,2.22765,73327990532
215.089,4.64923,73332641781
408.134,2.45017,73335090787
221.707,4.51046,73339602372
395.918,2.52578,73342128018
227.184,4.40171,73346531115
440.585,2.26971,73348800607
213.344,4.68727,73353489317
443.036,2.25715,73355746928
213.184,4.69078,73360438492
394.3,2.53614,73362975055
229.921,4.34932,73367325680
408.478,2.44811,73369774761
220.37,4.53782,73374312766
402.185,2.48642,73376800113
223.668,4.47092,73381271745
426.085,2.34695,73383619423
216.599,4.61683,73388236967
482.036,2.07453,73390311202
207.38,4.82207,73395134749
389.958,2.56438,73397699667
229.319,4.36075,73402062204
409.418,2.44249,73404503831
219.962,4.54623,73409052671
427.677,2.33821,73411390437
215.237,4.64604,73416039733
424.704,2.35458,73418394899
219.28,4.56037,73422954268
417.39,2.39584,73425350824
219.095,4.56422,73429917418
395.349,2.52941,73432446746
223.735,4.46957,73436919493
358.737,2.78756,73439705178
247.044,4.04786,73443754298
385.097,2.59675,73446351207
228.479,4.37677,73450728422
424.123,2.35781,73453086380
217.23,4.60341,73457691521
437.279,2.28687,73459981171
214.242,4.66762,73464648607
432.51,2.31208,73466960882
215.317,4.64431,73471606378
450.917,2.2177,73473823456
214.193,4.66868,73478493203
460.091,2.17348,73480666405
207.865,4.81082,73485478528
448.622,2.22905,73487708881
214.756,4.65644,73492365600
452.247,2.21118,73494577229
207.469,4.82,73499398288
456.235,2.19185,73501590531
213.8,4.67726,73506269083
444.62,2.24911,73508518554
212.644,4.7027,73513221536
467.556,2.13878,73515360684
207.267,4.8247,73520186123
453.171,2.20667,73522393127
214.227,4.66794,73527062379
437.69,2.28472,73529346256
211.498,4.72817,73534076014
442.733,2.2587,73536334602
214.238,4.6677,73541002797
475.925,2.10117,73543103741
209.429,4.7749,73547880192
457.524,2.18568,73550065598
206.812,4.8353,73554902161
453.715,2.20403,73557106113
213.152,4.69148,73561799467
435.019,2.29875,73564097902
214.488,4.66226,73568761706
477.781,2.09301,73570854514
204.885,4.8808,73575735783
466.586,2.14323,73577879510
210.445,4.75184,73582633135
466.023,2.14582,73584779027
208.788,4.78954,73589569550
448.742,2.22845,73591798368
212.607,4.7035,73596503109
454.005,2.20262,73598706052
211.516,4.72777,73603434532
432.816,2.31045,73605746320
211.953,4.71802,73610465642
455.953,2.19321,73612657865
212.777,4.69975,73617359760
467.394,2.13952,73619498831
207.295,4.82405,73624324326
451.566,2.21452,73626539340
212.608,4.70349,73631244038
478.166,2.09132,73633335644
206.162,4.85056,73638186774
481.113,2.07851,73640264574
204.304,4.89467,73645161622
498.488,2.00607,73647166833
203.21,4.92102,73652089621
449.333,2.22552,73654315210
210.297,4.75518,73659071412
460.468,2.17171,73661243356
210.491,4.75079,73665995298
457.704,2.18482,73668180202
210.224,4.75683,73672938609
472.015,2.11858,73675057107
205.199,4.87332,73679931577
484,2.06611,73681998061
205.575,4.86441,73686864288
479.357,2.08613,73688950147
208.94,4.78607,73693738954
447.185,2.23621,73695974634
207.812,4.81205,73700787865
446.879,2.23774,73703025254
214.295,4.66646,73707692720
471.855,2.1193,73709811900
207.476,4.81983,73714634140
466.564,2.14333,73716777065
208.207,4.80291,73721580257
480.343,2.08185,73723662426
204.975,4.87863,73728542607
461.93,2.16483,73730707530
210.221,4.75689,73735465289
493.771,2.02523,73737489926
206.596,4.84036,73742331613
467.819,2.13758,73744468990
206.016,4.85399,73749324028
484.591,2.0636,73751388521
204.462,4.89089,73756280033
432.362,2.31288,73758593185
216.559,4.61769,73763212361
471.55,2.12067,73765333438
208.022,4.80718,73770141632
458.873,2.17925,73772320870
205.648,4.86268,73777184551
477.558,2.09399,73779278360
204.918,4.88,73784160023
466.601,2.14316,73786302552
212.069,4.71544,73791020453
436.677,2.29002,73793310810
215.511,4.64013,73797952245
469.717,2.12894,73800080146
206.049,4.85322,73804934955
466.588,2.14322,73807078040
207.758,4.81329,73811892659
446.211,2.24109,73814135358
212.591,4.70386,73818842844
443.807,2.25323,73821091745
217.5,4.59771,73825690818
457.775,2.18448,73827875315
206.585,4.84061,73832717594
145.566,6.86972,73839588926
143.571,6.9652,73846555220
144.49,6.92089,73853476571
144.005,6.94419,73860422257
144.019,6.94353,73867365802
142.973,6.99431,73874361791
143.415,6.97277,73881334187
145.689,6.86396,73888201388
143.353,6.97577,73895178149
143.181,6.98418,73902163622
143.448,6.97118,73909136867
143.613,6.96313,73916099603
145.11,6.8913,73922991984
143.1,6.98814,73929981813
143.099,6.98819,73936973311
145.081,6.89268,73943865104
145.136,6.8901,73950756025
144.172,6.93617,73957692744
145.068,6.89332,73964586360
143.577,6.96489,73971552308
144.283,6.93082,73978485237
141.958,7.04436,73985529427
146.308,6.83487,73992365709
142.518,7.01665,73999383151
144.832,6.90454,74006288606
144.537,6.91865,74013207530
144.207,6.93447,74020143146
143.842,6.95209,74027097428
143.905,6.94904,74034046354
143.715,6.9582,74041006719
144.346,6.92779,74047935011
144.604,6.91544,74054851465
143.614,6.96311,74061815425
143.337,6.97655,74068792860
143.679,6.95997,74075754030
143.634,6.96214,74082716188
144.671,6.91225,74089630739
143.066,6.98976,74096622107
145.559,6.87007,74103491865
141.874,7.04852,74110540738
146.282,6.83613,74117378139
143.566,6.96543,74124344569
144.363,6.92699,74131271543
142.922,6.99684,74138273624
142.583,7.01346,74145286832
144.66,6.91278,74152203212
145.952,6.85157,74159054265
143.672,6.9603,74166018991
144.602,6.91554,74172935581
143.336,6.97659,74179913114
142.519,7.0166,74186934629
147.162,6.79523,74193727854
142.717,7.00687,74200741517
142.941,6.99589,74207734697
144.392,6.92559,74214660165
144.568,6.91718,74221578285
143.693,6.9593,74228539251
143.304,6.97816,74235517135
146.337,6.83353,74242351125
142.25,7.02988,74249381696
144.801,6.90605,74256288189
143.783,6.95491,74263243720
144.068,6.94116,74270185675
142.63,7.01114,74277197677
143.97,6.94588,74284144780
144.253,6.93228,74291077453
144.916,6.90053,74297980387
143.256,6.9805,74304960611
145.228,6.88571,74311846512
142.686,7.00838,74318859864
143.936,6.94752,74325804080
144.334,6.92836,74332733545
143.73,6.95747,74339691342
145.565,6.86979,74346562986
143.374,6.97477,74353538234
145.001,6.89652,74360435740
143.127,6.98682,74367422974
143.693,6.95928,74374383469
143.058,6.99016,74381374783
146.362,6.8324,74388208480
142.426,7.0212,74395230366
145.158,6.88905,74402119815
142.146,7.03503,74409156408
143.372,6.97485,74416131720
145.654,6.86558,74422997924
141.94,7.04522,74430044929
144.651,6.91321,74436959872
145.814,6.85804,74443817582
143.343,6.97628,74450795201
143.719,6.95803,74457753741
145.371,6.87893,74464633048
143.596,6.96397,74471598584
145.084,6.89258,74478491365
143.699,6.959,74485451614
144.459,6.92236,74492374629
141.731,7.05564,74499431294
145.345,6.88019,74506311608
143.624,6.96264,74513275152
144.993,6.89688,74520172877
142.596,7.01282,74527186691
144.282,6.93088,74534118095
143.247,6.98095,74541099896
145.058,6.89382,74547995430
143.847,6.95183,74554948070
143.341,6.97636,74561924623
144.82,6.90514,74568831049
143.293,6.97869,74575810253
146.8,6.81199,74582623496
140.875,7.09848,74589722953
143.988,6.94502,74596669243
145.698,6.86351,74603533885
143.72,6.95796,74610492190
144.194,6.93512,74617428041
143.417,6.97266,74624402250
145.15,6.8894,74631291263
143.262,6.98023,74638273053
145.523,6.87175,74645144828
142.423,7.02132,74652166766
143.71,6.95848,74659126612
144.759,6.90804,74666034903
142.851,7.0003,74673037060
144.942,6.8993,74679936892
144.302,6.92991,74686867796
144.246,6.93259,74693801769
142.621,7.01159,74700812825
145.086,6.89245,74707706270
142.989,6.99357,74714700031
146.125,6.84344,74721544613
142.346,7.02511,74728570795
143.854,6.9515,74735523363
145.764,6.8604,74742384437
142.296,7.02762,74749413314
146.516,6.8252,74756243545
142.438,7.02061,74763260977
143.904,6.94908,74770209837
144,6.94443,74777155288
143.588,6.96435,74784121017
144.443,6.92316,74791046130
144.081,6.94053,74797986307
143.361,6.9754,74804963150
144.236,6.93308,74811896594
145.099,6.89183,74818790710
142.658,7.00976,74825802685
144.143,6.93753,74832739970
144.328,6.92866,74839668614
144.478,6.92145,74846591595
143.006,6.99274,74853583862
143.309,6.97795,74860562807
144.466,6.92204,74867486298
145.389,6.8781,74874366466
143.058,6.99017,74881356608
145.054,6.89397,74888251563
143.651,6.96131,74895213683
144.606,6.91532,74902130574
142.326,7.02614,74909157596
143.773,6.95539,74916112867
143.807,6.95377,74923068027
143.992,6.94483,74930014250
143.563,6.96558,74936979919
56.2911,17.7648,74954746351
448.952,2.22741,74956972950
130.092,7.68686,74964660795
144.304,6.92982,74971592607
144.838,6.90428,74978497635
143.32,6.97742,74985476591
143.207,6.9829,74992460757
144.608,6.91522,74999375869
143.58,6.96475,75006341696
145.201,6.88701,75013230342
143.122,6.98706,75020217666
143.48,6.96962,75027188613
144.314,6.92932,75034118242
143.939,6.9474,75041067834
143.675,6.96016,75048027891
145.689,6.86396,75054892758
143.693,6.95928,75061852719
143.523,6.9675,75068821292
143.12,6.98713,75075809821
143.957,6.94651,75082756593
143.659,6.96091,75089718916
143.84,6.95216,75096672225
145.422,6.87654,75103549762
142.651,7.01012,75110560463
145.479,6.87384,75117435844
143.131,6.98659,75124423864
145.416,6.87681,75131300137
143.672,6.96031,75138264395
143.379,6.9745,75145246889
145.418,6.87675,75152118504
142.262,7.02926,75159150606
145.518,6.87201,75166021378
143.568,6.96534,75172990641
143.243,6.98116,75179970962
145.406,6.87728,75186848633
143.406,6.97319,75193822196
143.387,6.97414,75200797089
143.535,6.96695,75207769999
145.239,6.88521,75214657101
143.123,6.98699,75221643656
145.827,6.85742,75228502923
143.124,6.98696,75235492359
144.352,6.92751,75242420661
142.949,6.99551,75249417526
144.023,6.94336,75256365010
145.671,6.86477,75263229998
143.099,6.98817,75270222445
144.246,6.93262,75277155030
144.063,6.94141,75284097279
144.792,6.90644,75291004753
143.833,6.95252,75297958031
142.845,7.00059,75304959365
144.176,6.93595,75311895822
145.028,6.89521,75318791918
142.966,6.99466,75325787526
143.174,6.9845,75332775185
144.49,6.9209,75339693658
142.948,6.99555,75346690261
146.276,6.8364,75353529279
143.844,6.95195,75360481134
142.666,7.00936,75367490476
143.763,6.9559,75374448571
146.134,6.84302,75381291086
143.42,6.97251,75388265049
143.939,6.94741,75395212796
143.981,6.94537,75402158687
144.212,6.93422,75409094038
142.784,7.00358,75416100479
144.542,6.91839,75423019322
143.044,6.99084,75430013064
145.039,6.89469,75436907960
143.722,6.95788,75443866430
145.068,6.89331,75450760398
143.411,6.97295,75457734205
144.601,6.9156,75464649656
144.495,6.92066,75471571344
142.375,7.02369,75478596038
145.904,6.8538,75485449738
143.129,6.98671,75492437640
144.864,6.90302,75499341030
143.487,6.96929,75506312009
143.461,6.97054,75513284183
142.56,7.01459,75520300841
144.719,6.90992,75527211056
145.548,6.87058,75534083664
143.202,6.98312,75541067224
143.987,6.94508,75548014577
143.261,6.98027,75554995056
144.798,6.90618,75561902445
143.105,6.98786,75568892179
144.237,6.93304,75575825648
144.107,6.93931,75582766928
143.41,6.97301,75589740838
145.759,6.86065,75596602314
142.655,7.00993,75603613474
144.682,6.91171,75610527257
143.695,6.95921,75617488597
145.222,6.88599,75624374885
143.718,6.95808,75631334251
144.237,6.93303,75638268434
144.7,6.91087,75645180176
143.839,6.95223,75652134084
144.371,6.92659,75659060515
142.48,7.01854,75666089650
144.354,6.92741,75673011921
145.171,6.88845,75679899855
143.774,6.95534,75686857193
142.778,7.00387,75693861311
145.859,6.85592,75700719106
143.383,6.9743,75707693829
144.497,6.92057,75714615010
144.087,6.94025,75721556425
143.522,6.96755,75728524685
144.217,6.93398,75735459797
144.23,6.93335,75742393326
143.542,6.96661,75749360718
144.236,6.93307,75756295607
143.068,6.9897,75763285853
145.34,6.88042,75770166689
143.043,6.9909,75777158319
145.061,6.89364,75784053197
142.7,7.00771,75791062442
144.541,6.91844,75797982065
143.391,6.97393,75804956555
144.887,6.90192,75811858743
143.059,6.99011,75818850663
144.465,6.92211,75825773491
144.313,6.92937,75832703855
144.141,6.93767,75839643654
143.58,6.96475,75846607034
144.185,6.93553,75853543474
144.898,6.90141,75860446853
143.519,6.96771,75867415891
143.066,6.98978,75874407319
144.91,6.90084,75881308425
143.539,6.96676,75888275592
143.549,6.96627,75895243163
144.711,6.91035,75902154661
143.282,6.97924,75909134477
143.5,6.96866,75916105845
145.814,6.85806,75922964961
142.791,7.00325,75929969833
143.044,6.99088,75936962274
144.083,6.94042,75943903168
144.957,6.89859,75950803004
144.372,6.92656,75957729491
144.134,6.93801,75964671108
142.884,6.99867,75971670568
141.1,7.08716,75978760395
140.851,7.09971,75985862206
279.155,3.58224,75989444104
309.068,3.23553,75992680714
304.471,3.28439,75995966785
222.576,4.49284,76000460356
170.206,5.87522,76006338918
233.486,4.28292,76010622106
368.002,2.71738,76013339572
411.219,2.4318,76015771645
226.775,4.40966,76020182659
258.333,3.87097,76024054873
331.422,3.0173,76027072966
382.852,2.61197,76029686104
229.07,4.36547,76034052698
383.43,2.60804,76036661883
230.532,4.3378,76041002143
366.391,2.72933,76043730963
237.806,4.20511,76047937366
372.053,2.68779,76050626003
234.5,4.2644,76054891579
383.328,2.60873,76057500977
232.1,4.30849,76061811164
376.647,2.655,76064467448
232.241,4.30587,76068774395
406.124,2.4623,76071236927
217.038,4.60748,76075846854
332.723,3.00551,76078852682
259.374,3.85543,76082710306
430.946,2.32048,76085029985
215.883,4.63213,76089663173
393.411,2.54187,76092205552
227.865,4.38856,76096594980
431.45,2.31777,76098913017
214.254,4.66735,76103581906
431.46,2.31771,76105898887
214.291,4.66655,76110566862
439.446,2.27559,76112842850
214.244,4.66758,76117512598
455.08,2.19742,76119709724
215.926,4.63123,76124341599
425.409,2.35068,76126692452
214.585,4.66015,76131354457
433.923,2.30455,76133659229
218.055,4.586,76138246627
447.995,2.23217,76140478635
210.249,4.75627,76145236264
439.919,2.27314,76147509165
215.265,4.64544,76152155385
460.822,2.17004,76154325655
212.393,4.70825,76159035749
427.444,2.33949,76161374620
214.471,4.66264,76166038979
461.152,2.16848,76168207793
209.689,4.76898,76172978218
443.407,2.25526,76175233882
211.224,4.73432,76179969423
442.483,2.25997,76182229813
213.119,4.69222,76186922951
444.317,2.25064,76189173284
214.246,4.66753,76193842866
458.095,2.18295,76196025345
207.761,4.81322,76200838960
429.958,2.32581,76203165121
217.728,4.59288,76207760160
464.707,2.15189,76209911361
209.274,4.77842,76214690965
442.473,2.26003,76216951654
210.874,4.74216,76221694997
422.304,2.36796,76224063579
221.52,4.51427,76228578696
462.965,2.15999,76230738742
208.488,4.79643,76235537269
450.706,2.21874,76237755268
212.107,4.7146,76242471618
450.339,2.22055,76244691520
211.652,4.72473,76249418249
429.237,2.32971,76251747865
217.834,4.59066,76256342765
342.182,2.92242,76259269404
250.809,3.9871,76263254464
321.435,3.11104,76266366168
248.048,4.03147,76270399029
365.288,2.73757,76273138945
229.559,4.35617,76277497351
274.962,3.63686,76281134004
228.742,4.37174,76285508585
312.484,3.20016,76288709604
331.698,3.01479,76291726694
310.851,3.21698,76294944120
232.702,4.29734,76299243758
337.798,2.96035,76302204477
305.894,3.2691,76305475647
331.662,3.01512,76308491502
176.45,5.66731,76314160406
215.388,4.64279,76318806013
302.152,3.30959,76322117318
275.28,3.63266,76325751740
271.57,3.68229,76329436080
303.565,3.29419,76332730580
286.21,3.49394,76336226213
292.993,3.41305,76339639679
293.127,3.41148,76343056730
285.225,3.50601,76346560478
256.459,3.89926,76350462224
288.337,3.46816,76353930174
261.511,3.82393,76357755872
354.297,2.82249,76360578234
323.882,3.08755,76363667727
267.381,3.73999,76367407792
220.031,4.54482,76371954098
405.075,2.46868,76374422432
310.994,3.2155,76377640675
264.012,3.78771,76381429229
340.872,2.93366,76384363082
211.744,4.72268,76389087286
470.485,2.12546,76391212846
247.34,4.04302,76395256889
308.74,3.23897,76398497997
228.117,4.38371,76402882064
459.898,2.17439,76405056292
244.255,4.09409,76409152086
310.974,3.21571,76412371184
181.489,5.50996,76417879555
197.021,5.0756,76422957216
281.632,3.55073,76426508783
293.571,3.40633,76429917367
352.657,2.83562,76432753370
242.215,4.12856,76436886017
316.481,3.15974,76440048196
268.672,3.72201,76443770977
340.792,2.93434,76446706277
249.76,4.00384,76450711478
397.631,2.5149,76453226529
226.013,4.42452,76457652159
421.077,2.37487,76460027088
217.815,4.59105,76464619470
332.214,3.01011,76467630191
253.746,3.94095,76471574551
279.35,3.57974,76475153902
244.047,4.09758,76479253599
413.975,2.4156,76481669361
264.497,3.78077,76485451645
360.812,2.77152,76488223617
193.396,5.17073,76493398462
346.23,2.88825,76496287745
328.959,3.03989,76499327339
357.407,2.79793,76502125499
206.639,4.83937,76506966336
432.447,2.31242,76509279411
254.685,3.92641,76513205757
317.421,3.15039,76516357424
262.067,3.81582,76520174254
223.423,4.47581,76524650465
401.473,2.49083,76527142159
278.179,3.59481,76530737811
278.43,3.59156,76534330934
229.296,4.36118,76538692333
441.19,2.2666,76540959642
313.604,3.18874,76544148974
262.582,3.80833,76547959879
234.883,4.25744,76552215893
371.51,2.69172,76554909101
285.231,3.50593,76558416221
293.124,3.41153,76561827825
236.743,4.22398,76566052964
370.638,2.69805,76568751191
301.521,3.31652,76572069509
273.896,3.65102,76575721541
321.378,3.1116,76578834232
199.954,5.00115,76583836990
390.562,2.56041,76586398097
301.664,3.31495,76589714146
290.229,3.44556,76593161159
230.969,4.32959,76597490829
422.405,2.36739,76599857777
272.664,3.66752,76603527595
283.952,3.52172,76607051117
232.711,4.29718,76611349355
425.308,2.35124,76613700354
271.153,3.68795,76617390021
291.958,3.42515,76620826400
220.056,4.5443,76625372766
248.713,4.02069,76629394142
432.588,2.31167,76631704892
304.145,3.28791,76634994021
278.015,3.59693,76638592103
209.546,4.77221,76643366397
429.859,2.32634,76645693155
278.46,3.59118,76649285039
288.684,3.464,76652750876
210.208,4.75719,76657508347
478.386,2.09036,76659599552
308.653,3.23988,76662841003
252.046,3.96753,76666808894
222.676,4.49083,76671300958
462.243,2.16337,76673464236
258.531,3.86802,76677333742
290.119,3.44686,76680780904
290.213,3.44575,76684226620
191.567,5.22012,76689449356
230.362,4.341,76693792940
373.082,2.68038,76696473416
232.984,4.29215,76700767862
316.151,3.16304,76703932194
267.245,3.74189,76707674528
354.682,2.81943,76710495348
240.209,4.16304,76714659215
304.834,3.28047,76717942593
270.014,3.70352,76721651820
289.853,3.45003,76725101638
290.787,3.43894,76728537905
273.839,3.65178,76732191407
307.186,3.25535,76735446818
344.624,2.90171,76738350550
236.122,4.23509,76742587262
289.584,3.45323,76746041224
232.5,4.30107,76750343117
311.878,3.20638,76753550809
309.147,3.23471,76756786507
307.35,3.25362,76760039867
224.657,4.45122,76764492852
313.083,3.19404,76767687766
324.962,3.07728,76770765545
329.294,3.0368,76773802883
226.442,4.41613,76778220538
331.143,3.01984,76781240667
320.258,3.12249,76784362999
335.947,2.97666,76787341774
212.127,4.71415,76792056753
319.038,3.13443,76795190958
325.531,3.07191,76798268163
320.271,3.12236,76801389478
277.462,3.6041,76804994072
337.077,2.96668,76807961883
250.55,3.99123,76811953424
449.982,2.22231,76814176678
212.246,4.71152,76818890173
424.734,2.35441,76821244979
219.75,4.55063,76825796895
440.639,2.26943,76828065215
212.485,4.70622,76832773649
432.595,2.31163,76835085215
216.54,4.61809,76839703768
446.491,2.23969,76841944106
213.438,4.6852,76846632538
448.102,2.23164,76848861401
211.889,4.71945,76853582768
457.225,2.18711,76855769342
212.637,4.70285,76860474120
380.589,2.62751,76863103467
230.266,4.3428,76867447180
396.449,2.52239,76869967950
229.1,4.36491,76874335402
410.215,2.43774,76876772064
218.264,4.58161,76881354797
323.076,3.09525,76884451721
260.807,3.83425,76888287096
403.554,2.47798,76890764903
219.001,4.56618,76895333060
257.065,3.89007,76899224835
335.959,2.97655,76902201328
288.296,3.46865,76905673724
288.19,3.46993,76909142171
248.975,4.01646,76913160239
347.143,2.88065,76916041720
322.055,3.10506,76919146884
254.92,3.9228,76923071018
352.583,2.83621,76925907433
247.389,4.04221,76929950901
430.12,2.32493,76932277309
214.506,4.66187,76936939065
407.784,2.45228,76939396044
203.223,4.92071,76944315706
477.556,2.09399,76946408884
225.534,4.43392,76950843376
438.311,2.28149,76953126875
214.844,4.65455,76957781981
468.251,2.13561,76959917571
208.545,4.79513,76964714123
457.639,2.18513,76966898630
210.042,4.76095,76971660589
454.171,2.20181,76973863516
212.169,4.71323,76978577704
438.86,2.27863,76980855998
212.807,4.69909,76985556169
395.475,2.5286,76988085553
231.07,4.32769,76992413551
458.417,2.18142,76994594546
210.341,4.75419,76999350729
417.427,2.39563,77001745604
217.495,4.5978,77006345388
428.326,2.33467,77008679488
216.668,4.61535,77013295646
449.833,2.22305,77015518875
211.873,4.7198,77020240426
456.764,2.18931,77022429131
210.371,4.75351,77027183726
467.542,2.13884,77029322496
208.364,4.7993,77034123613
469.436,2.13022,77036253319
208.888,4.78725,77041042418
456.982,2.18827,77043231237
207.061,4.8295,77048061116
483.312,2.06906,77050130076
205.618,4.86338,77054995236
478.339,2.09057,77057085202
208.391,4.79868,77061885481
448.994,2.2272,77064113597
208.05,4.80654,77068920372
458.569,2.1807,77071101346
211.537,4.7273,77075830496
453.575,2.20471,77078034434
208.615,4.79353,77082829392
478.282,2.09082,77084920060
209.701,4.7687,77089690757
409.677,2.44095,77092132001
219.062,4.56492,77096698299
456.679,2.18972,77098888156
211.781,4.72186,77103611651
405.57,2.46567,77106077208
223.353,4.47721,77110556952
439.33,2.27619,77112831295
214.573,4.66041,77117494650
438.05,2.28285,77119776608
214.161,4.66938,77124447199
437.704,2.28465,77126731502
214.151,4.66961,77131403575
450.677,2.21889,77133621703
212.209,4.71233,77138337642
271.108,3.68856,77142030219
231.86,4.31295,77146343230
274.234,3.64652,77149990819
318.295,3.14174,77153132428
382.797,2.61235,77155747198
294.549,3.39502,77159143289
304.9,3.27977,77162424452
246.307,4.05998,77166483775
390.084,2.56355,77169049245
250.81,3.98708,77173038912
257.201,3.888,77176926712
318.778,3.13698,77180063412
427.938,2.33679,77182401311
219.435,4.55717,77186959377
461.38,2.16741,77189126373
208.724,4.79102,77193919161
451.443,2.21512,77196134822
210.57,4.74901,77200885269
144.285,6.93071,77207816710
453.503,2.20506,77210021370
214.022,4.67241,77214696105
143.279,6.97937,77221675613
440.778,2.26871,77223944116
214.071,4.67136,77228617742
145.82,6.85775,77235475960
143.7,6.95893,77242435795
143.147,6.98581,77249422438
144.902,6.90122,77256323919
142.329,7.02597,77263351201
145.822,6.85766,77270208531
142.928,6.99651,77277208433
144.665,6.91253,77284119162
142.505,7.01729,77291138058
144.195,6.93506,77298076436
144.121,6.93863,77305014078
143.94,6.94733,77311962095
143.958,6.94645,77318909304
143.446,6.97125,77325881047
144.368,6.92674,77332809241
144.028,6.94308,77339752633
145.039,6.89471,77346649219
145.59,6.86859,77353517320
141.598,7.06225,77360582244
145.096,6.89201,77367475875
143.795,6.95433,77374432530
145.458,6.87482,77381306113
141.235,7.08042,77388391411
146.276,6.83638,77395228600
143.496,6.96881,77402198181
142.002,7.04215,77409244193
146.211,6.83942,77416084425
142.542,7.01547,77423102687
145.828,6.85742,77429960135
142.595,7.01287,77436974546
143.581,6.96473,77443941120
143.787,6.95474,77450896442
144.354,6.92741,77457823755
144.513,6.91978,77464743890
146.566,6.82287,77471568776
143.049,6.99063,77478559679
144.262,6.93181,77485492057
143.256,6.98052,77492472661
144.273,6.93131,77499406189
143.102,6.98804,77506394917
144.949,6.89898,77513294495
142.675,7.00892,77520304100
144.646,6.91345,77527218411
144.009,6.94402,77534163910
143.145,6.98592,77541150882
143.926,6.94803,77548099506
144.443,6.92313,77555024004
143.716,6.95817,77561982601
144.447,6.92294,77568906186
144.075,6.94081,77575848421
144.844,6.90396,77582751993
141.91,7.04673,77589798482
145.367,6.87913,77596678895
144.404,6.92503,77603606075
145.598,6.86821,77610474168
143.503,6.96851,77617443349
144.008,6.94405,77624388838
142.262,7.02927,77631418669
146.196,6.84013,77638260194
143.803,6.95397,77645215556
144.138,6.93781,77652154896
143.948,6.94693,77659101504
143.275,6.9796,77666083613
143.764,6.95584,77673038394
142.717,7.00688,77680046697
144.762,6.9079,77686954712
144.188,6.93539,77693891849
143.942,6.94724,77700839671
143.874,6.95053,77707790934
144.015,6.94374,77714735026
144.734,6.90921,77721645041
144.985,6.89729,77728544313
142.091,7.03773,77735582266
145.374,6.87881,77742462451
143.642,6.96173,77749424643
144.906,6.90105,77756327731
144.525,6.91923,77763247185
143.487,6.96928,77770217511
144.457,6.92247,77777140958
142.673,7.00902,77784150738
143.056,6.99026,77791141387
143.976,6.94562,77798088919
143.223,6.98212,77805071815
144.107,6.93929,77812011664
144.025,6.94326,77818955618
144.147,6.93738,77825894225
144.073,6.94095,77832835889
143.509,6.9682,77839804710
144.864,6.90301,77846712247
144.619,6.9147,77853623621
143.88,6.95024,77860575353
145.201,6.88702,77867463497
144.388,6.92579,77874390700
143.78,6.95505,77881345624
143.865,6.95098,77888297629
143.949,6.94691,77895244279
144.23,6.93336,77902180801
144.843,6.90402,77909085154
142.032,7.04065,77916132747
144.647,6.91338,77923042783
142.904,6.99769,77930042985
143.23,6.98175,77937025103
142.911,6.99738,77944023449
146.427,6.82934,77950853147
144.924,6.90015,77957754201
142.737,7.00587,77964760419
143.834,6.95244,77971714065
144.292,6.9304,77978646002
144.751,6.90841,77985555490
143.313,6.97774,77992535156
143.89,6.94976,77999485506
143.514,6.96794,78006455104
145.707,6.86307,78013318257
142.964,6.99476,78020314036
145.183,6.88786,78027203441
142.701,7.00765,78034211994
143.837,6.9523,78041164663
145.011,6.89602,78048062238
142.774,7.0041,78055068012
145.761,6.86055,78061928603
144.041,6.94249,78068872635
143.668,6.96049,78075835299
143.023,6.99187,78082827914
144.176,6.93596,78089764167
143.72,6.95799,78096723198
143.622,6.96271,78103688114
144.917,6.90052,78110589269
143.312,6.97778,78117567605
143.686,6.9596,78124527679
143.884,6.95007,78131479013
144.247,6.93253,78138413018
146.441,6.82871,78145242767
143.538,6.96682,78152209974
142.395,7.02271,78159232564
145.697,6.86357,78166096976
142.622,7.01154,78173108806
143.301,6.97829,78180087690
144.281,6.93091,78187019537
145.134,6.89017,78193911260
144.954,6.89872,78200811384
141.637,7.06032,78207871509
145.386,6.87825,78214750953
144.155,6.93697,78221688056
143.017,6.99217,78228681617
143.91,6.94878,78235631407
145.065,6.89346,78242525475
142.033,7.04064,78249566641
147.243,6.79151,78256358643
142.383,7.02329,78263382354
146.492,6.82633,78270210087
142.52,7.01657,78277226761
144.392,6.92561,78284153563
142.577,7.01377,78291167929
144.307,6.92966,78298099265
143.264,6.9801,78305079676
144.287,6.93064,78312011923
144.688,6.91142,78318924490
144.095,6.93988,78325864595
145.141,6.88983,78332755933
142.594,7.0129,78339768920
144.976,6.8977,78346667686
142.845,7.00061,78353671559
144.497,6.92055,78360591506
143.706,6.95865,78367551960
143.784,6.95489,78374506912
144.657,6.91291,78381420889
143.808,6.95374,78388375745
144.977,6.89763,78395273623
143.429,6.97208,78402246195
143.278,6.97945,78409227236
143.068,6.9897,78416221540
145.768,6.86023,78423079157
143.057,6.99024,78430074112
144.914,6.90063,78436977498
142.731,7.00621,78443988367
146.193,6.84028,78450826073
143.531,6.96713,78457794613
144.023,6.94332,78464741064
145.218,6.88621,78471628708
141.655,7.05939,78478690615
146.021,6.84833,78485538188
125.938,7.94042,78493480846
167.829,5.95845,78499441246
144.864,6.90302,78506343180
142.933,6.99629,78513339584
144.136,6.93791,78520278676
143.489,6.96919,78527249091
143.809,6.95369,78534203833
143.809,6.95367,78541157382
143.722,6.95789,78548116522
144.263,6.93178,78555048557
142.695,7.00794,78562059098
146.814,6.81136,78568870320
142.879,6.99895,78575870246
144.295,6.93026,78582800815
143.608,6.96342,78589765831
143.798,6.95421,78596721040
144.146,6.93742,78603658610
144.462,6.92222,78610581659
145.428,6.87627,78617458528
142.064,7.03908,78624498441
145.414,6.87694,78631375297
143.353,6.97578,78638353596
144.222,6.93377,78645292009
143.336,6.97663,78652264886
144.148,6.93731,78659202334
144.544,6.91828,78666122231
144.738,6.90905,78673032661
144.205,6.93458,78679967441
142.956,6.99515,78686964435
143.88,6.95024,78693914721
143.52,6.96766,78700883448
145.293,6.88265,78707766111
143.176,6.98443,78714752326
145.726,6.86219,78721614510
142.873,6.99923,78728614877
142.908,6.99753,78735612888
144.773,6.90736,78742521201
143.739,6.95704,78749478820
145.246,6.88487,78756364560
142.954,6.99527,78763361244
143.728,6.9576,78770320887
144.298,6.93012,78777251486
143.929,6.94789,78784198380
143.866,6.9509,78791150578
145.42,6.87661,78798027224
143.065,6.98983,78805018109
143.624,6.96263,78811981130
144.468,6.92196,78818905273
144.444,6.92309,78825828259
143.572,6.96514,78832794432
143.67,6.96041,78839755059
145.109,6.89137,78846647178
142.914,6.9972,78853645297
145.738,6.86164,78860509959
144.059,6.9416,78867450321
141.935,7.04549,78874495726
144.049,6.94209,78881438732
146.202,6.83986,78888279617
143.471,6.97003,78895250006
142.801,7.00274,78902254249
144.471,6.9218,78909176351
142.194,7.03262,78916212339
145.655,6.86555,78923077037
144.111,6.93909,78930017025
141.661,7.0591,78937077234
143.079,6.98915,78944068752
147.997,6.7569,78950825799
143.156,6.9854,78957812580
141.24,7.08013,78964898903
145.123,6.89068,78971786308
145.083,6.89261,78978679516
144.443,6.92315,78985603473
142.565,7.01437,78992619396
146.171,6.8413,78999462204
142.973,6.99432,79006456557
144.388,6.92579,79013383701
144.556,6.91775,79020302866
143.1,6.9881,79027300207
144.416,6.92445,79034215947
143.942,6.94725,79041164002
143.813,6.95348,79048117522
144.188,6.93539,79055053567
143.474,6.96989,79062024189
144.628,6.91431,79068939673
144.299,6.93007,79075870649
143.635,6.9621,79082833507
144.28,6.93096,79089764409
143.248,6.9809,79096747066
145.068,6.89331,79103642030
142.261,7.02936,79110672393
144.619,6.91471,79117587780
145.048,6.89425,79124482363
143.21,6.98276,79131466102
144.966,6.89816,79138366909
144.786,6.90675,79145274696
144,6.94446,79152221699
143.68,6.95992,79159183275
144.655,6.91298,79166096197
143.257,6.98048,79173080227
144.086,6.9403,79180018514
142.892,6.99829,79187016977
143.746,6.9567,79193975841
144.026,6.94317,79200919508
143.697,6.95911,79207879187
144.283,6.93081,79214810985
144.4,6.92521,79221737466
145.159,6.88901,79228627146
142.713,7.00709,79235635747
145.536,6.87117,79242507273
142.387,7.02314,79249532056
143.763,6.95589,79256489500
145.879,6.85497,79263345639
143.744,6.9568,79270303589
143.722,6.95789,79277262250
143.866,6.95089,79284213944
144.042,6.94244,79291157828
143.499,6.96871,79298127619
143.734,6.95728,79305085011
143.701,6.95891,79312045350
145.819,6.8578,79318903937
143.397,6.97364,79325877962
143.066,6.9898,79332867783
145.577,6.86924,79339738098
143.745,6.95675,79346695688
143.485,6.96938,79353665800
145.081,6.89271,79360560628
143.138,6.98625,79367546081
144.056,6.94174,79374488772
145.196,6.88723,79381376062
141.815,7.05143,79388431298
146.018,6.84849,79395281342
143.263,6.98018,79402261356
144.139,6.93776,79409199790
142.926,6.99665,79416197564
144.306,6.92972,79423129189
144.248,6.93252,79430063320
142.979,6.99405,79437060028
144.665,6.91251,79443974537
144.352,6.9275,79450900684
144.912,6.90072,79457802612
143.08,6.98911,79464792314
144.095,6.93985,79471732842
144.036,6.94273,79478675671
144.568,6.91718,79485593832
143.767,6.9557,79492551124
145.394,6.87787,79499431014
143.352,6.97584,79506407799
143.706,6.95866,79513368753
138.683,7.21068,79520581564
149.519,6.68812,79527270229
144.774,6.9073,79534180250
143.465,6.97035,79541150906
142.211,7.03181,79548187536
145.907,6.85369,79555040382
145.325,6.88114,79561921013
140.96,7.09423,79569015809
145.317,6.88153,79575898465
143.113,6.98749,79582886081
146.182,6.84078,79589728812
142.714,7.00701,79596735667
144.758,6.90807,79603644700
144.681,6.91175,79610557043
142.751,7.00518,79617563053
146.387,6.83119,79624395878
142.045,7.04004,79631436686
144.951,6.8989,79638335249
143.705,6.95868,79645294425
143.809,6.95365,79652249103
144.631,6.91414,79659163652
142.711,7.00716,79666172295
143.08,6.98908,79673162159
144.873,6.9026,79680064862
143.558,6.96583,79687032063
143.455,6.97084,79694003345
144.916,6.90057,79700904560
144.573,6.91691,79707822794
144.105,6.9394,79714763090
142.115,7.03658,79721800532
145.574,6.86937,79728670114
144.588,6.91619,79735587185
142.936,6.99615,79742584435
143.263,6.98016,79749564683
148.14,6.75037,79756315926
142.455,7.01978,79763336273
141.806,7.05187,79770388740
146.036,6.8476,79777237642
142.5,7.01755,79784255323
144.761,6.90792,79791164415
142.97,6.99449,79798160224
144.64,6.91373,79805074679
143.65,6.96135,79812036252
144.421,6.92419,79818961868
145.176,6.88817,79825850280
142.494,7.01782,79832869513
144.229,6.93342,79839802861
145.817,6.85789,79846661633
144.031,6.94297,79853605620
144.25,6.93239,79860539644
142.034,7.04056,79867582176
145.479,6.87383,79874454916
143.939,6.94741,79881403076
143.648,6.96146,79888365803
144.266,6.93164,79895298116
144.139,6.93774,79902235812
143.762,6.95594,79909192761
144.855,6.90344,79916097308
142.983,6.99385,79923092612
142.856,7.00005,79930092928
144.124,6.93846,79937033859
143.305,6.97813,79944015984
145.128,6.89048,79950904776
146.521,6.82498,79957731882
142.639,7.01072,79964743001
142.584,7.0134,79971757268
143.459,6.97063,79978728633
144.688,6.91142,79985640980
143.653,6.96124,79992603561
144.613,6.91502,79999518569
144.008,6.94404,80006463994
143.721,6.95795,80013421960
144.838,6.90427,80020327166
144.674,6.91209,80027240033
143.423,6.97239,80034213565
145.393,6.87793,80041092114
143.212,6.98266,80048075568
145.215,6.88633,80054962689
142.891,6.99834,80061962317
143.295,6.97861,80068941452
144.77,6.90751,80075850050
143.846,6.9519,80082803546
144.718,6.90998,80089714231
143.524,6.96746,80096683476
143.807,6.95377,80103637236
144.559,6.91758,80110556290
144.328,6.92864,80117485676
142.655,7.0099,80124496349
142.971,6.99444,80131492230
146.137,6.84288,80138336543
143.669,6.96044,80145297345
143.56,6.96575,80152263752
143.802,6.95402,80159218255
144.315,6.92929,80166148509
142.338,7.02552,80173175151
145.014,6.89588,80180072270
144.208,6.93444,80187008076
145.308,6.88192,80193889884
137.857,7.2539,80201146888
150.268,6.65479,80207802652
144.097,6.93979,80214744303
142.191,7.03279,80221780885
144.948,6.89902,80228681781
146.208,6.83955,80235520757
142.627,7.01128,80242535020
144.114,6.93895,80249476647
144.399,6.92527,80256401670
143.966,6.9461,80263348590
143.937,6.94747,80270298890
144.16,6.93675,80277236675
142.92,6.9969,80284234206
143.121,6.98712,80291224837
146.543,6.82391,80298049303
142.056,7.03948,80305091398
145.46,6.87474,80311968296
142.752,7.00516,80318971238
145.027,6.89525,80325867675
143.102,6.98801,80332856175
145.157,6.88908,80339745517
143.463,6.97043,80346716466
143.456,6.97079,80353687945
145.485,6.87357,80360562601
143.154,6.98551,80367548094
143.505,6.96838,80374518973
144.218,6.93394,80381452516
144.212,6.93424,80388386954
145.079,6.89278,80395280884
143.364,6.97523,80402257392
143.736,6.95719,80409214605
143.783,6.95491,80416170231
143.708,6.95854,80423130933
144.118,6.93875,80430069346
143.516,6.96786,80437038498
143.784,6.95487,80443995140
146.529,6.82461,80450821759
142.36,7.02446,80457845593
144.265,6.93167,80464777127
144.644,6.91352,80471691927
144.122,6.93857,80478630681
143.722,6.95786,80485589778
143.907,6.94894,80492539259
143.36,6.97543,80499515380
144.403,6.92505,80506448706
144.161,6.93671,80513386079
143.826,6.95285,80520338906
144.228,6.93348,80527275319
143.992,6.94483,80534220231
144.605,6.91537,80541135102
144.347,6.92774,80548074396
144.134,6.93797,80555003251
142.722,7.00662,80562011281
145.457,6.87486,80568887236
143.378,6.97459,80575863963
144.169,6.9363,80582800758
144.404,6.92501,80589728476
143.89,6.94975,80596680222
143.983,6.94526,80603625902
143.865,6.95097,80610577573
140.986,7.09289,80617673724
146.627,6.82003,80624495751
145.399,6.87764,80631372683
142.596,7.01281,80638387251
144.097,6.93978,80645327725
144.82,6.90511,80652233774
142.376,7.02365,80659257414
143.261,6.98026,80666238990
304.238,3.2869,80669527492
275.507,3.62967,80673156448
313.595,3.18882,80676346602
265.444,3.76728,80680114198
321.321,3.11216,80683226877
271.794,3.67926,80686907377
301.388,3.31798,80690226457
265.9,3.76081,80693987307
319.99,3.12509,80697112959
261.196,3.82855,80700942304
310.062,3.22516,80704168476
271.116,3.68846,80707858020
318.759,3.13716,80710995679
263.159,3.79998,80714795450
301.069,3.3215,80718117664
279.3,3.58038,80721699591
300.109,3.33213,80725031731
273.41,3.65751,80728689963
309.757,3.22834,80731918849
267.995,3.73141,80735651011
311.807,3.20711,80738858756
273.933,3.65053,80742509741
315.273,3.17185,80745681628
257.966,3.87648,80749558841
313.283,3.192,80752751956
275.437,3.63059,80756383362
143.684,6.95972,80763343244
143.271,6.97979,80770323948
143.956,6.94659,80777271278
143.757,6.9562,80784229126
143.558,6.96583,80791195220
144.682,6.91171,80798107863
143.114,6.98744,80805096103
145.294,6.88262,80811980470
143.214,6.98256,80818964270
143.223,6.98213,80825946510
144.382,6.92607,80832872486
144.638,6.9138,80839787346
142.628,7.01123,80846800053
144.189,6.93536,80853737343
143.832,6.95256,80860690363
144.021,6.94343,80867634166
146.456,6.82797,80874463291
143.791,6.95453,80881422093
142.834,7.00113,80888420304
144.35,6.92763,80895348835
143.57,6.96526,80902323835
143.874,6.95053,80909267355
145.036,6.89483,80916162571
141.493,7.06747,80923232493
144.62,6.91469,80930147445
144.921,6.9003,80937048670
142.906,6.99761,80944047399
144.433,6.92362,80950972367
144.776,6.90721,80957880205
143.433,6.97191,80964854775
144.524,6.91926,80971773297
144.031,6.94295,80978716946
144.536,6.91871,80985635907
143.154,6.98548,80992622342
144.803,6.90591,80999529327
143.591,6.9642,81006494599
143.837,6.95231,81013447501
144.902,6.9012,81020349564
143.252,6.98071,81027330601
145.04,6.89463,81034225428
142.839,7.00089,81041227821
144.947,6.89906,81048128521
143.674,6.96022,81055089464
144.593,6.91597,81062006188
142.612,7.01204,81069019022
145.49,6.87332,81075892905
144.172,6.93615,81082830871
143.551,6.96619,81089797444
143.645,6.96159,81096760469
142.621,7.01157,81103773758
145.892,6.8544,81110629600
143.474,6.9699,81117599543
144.963,6.89831,81124500221
144.073,6.94092,81131440299
142.823,7.00166,81138444294
143.384,6.9743,81145419785
144.598,6.91572,81152336191
143.378,6.97458,81159313222
145.757,6.86071,81166175595
141.967,7.0439,81173220967
145.425,6.87638,81180097361
144.501,6.92038,81187017596
143.878,6.95035,81193969166
144.634,6.91401,81200883406
143.17,6.98472,81207869781
144.197,6.93496,81214805599
142.424,7.02131,81221827507
145.569,6.86957,81228697859
144.408,6.9248,81235623239
143.624,6.96261,81242586515
143.898,6.94937,81249537643
144.545,6.91824,81256455497
143.275,6.97958,81263436138
144.648,6.91333,81270350733
143.293,6.9787,81277329828
144.593,6.91597,81284247272
143.068,6.98967,81291237233
144.43,6.92378,81298163159
143.837,6.95233,81305115267
143.54,6.96669,81312083985
146.17,6.84134,81318926080
143.139,6.98619,81325913152
143.381,6.97441,81332887988
144.127,6.93832,81339828654
145.138,6.88999,81346719295
144.132,6.9381,81353657484
142.749,7.00532,81360665000
144.19,6.9353,81367601024
144.358,6.92724,81374528645
143.342,6.9763,81381507027
143.753,6.95638,81388463088
145.05,6.8942,81395357815
144.284,6.93076,81402291219
143.804,6.9539,81409244176
142.317,7.02659,81416272276
144.32,6.92904,81423203692
144.708,6.91049,81430114883
144.249,6.93247,81437047371
142.302,7.02732,81444080186
145.242,6.88505,81450965016
144.397,6.92536,81457891067
143.958,6.94649,81464838746
143.918,6.94839,81471789076
145.474,6.87406,81478663728
142.445,7.02027,81485684661
144.026,6.9432,81492628371
144.048,6.94211,81499570940
144.062,6.94145,81506514173
144.225,6.93359,81513448869
145.386,6.87824,81520328216
144.706,6.91056,81527239580
142.764,7.00457,81534246440
143.773,6.9554,81541202220
144.503,6.92029,81548123249
144.933,6.89976,81555023276
141.825,7.05097,81562075280
143.696,6.95914,81569035589
144.169,6.93631,81575972841
145.254,6.88447,81582858502
143.407,6.97316,81589831892
143.158,6.98526,81596818379
144.623,6.91455,81603733743
143.571,6.96518,81610699047
146.093,6.84496,81617544800
142.548,7.0152,81624561645
145.893,6.85433,81631415788
142.748,7.00534,81638423037
143.898,6.94936,81645373957
142.918,6.99704,81652372866
146.318,6.83442,81659210926
143.108,6.98775,81666198814
144.328,6.92867,81673128683
143.828,6.95275,81680081880
143.369,6.97499,81687059130
138.124,7.23988,81694301676
152.8,6.5445,81700846033
141.582,7.06305,81707910285
145.561,6.86999,81714781343
142.641,7.01062,81721791744
143.686,6.95963,81728754678
145.508,6.87246,81735627053
143.901,6.94921,81742576392
145.124,6.89067,81749468019
143.112,6.98753,81756456107
143.436,6.97176,81763429028
144.623,6.91451,81770343757
143.85,6.9517,81777296345
144.321,6.92898,81784226238
143.096,6.98832,81791215905
144.597,6.9158,81798132580
143.807,6.95376,81805086290
144.559,6.91757,81812005068
143.594,6.96407,81818970421
143.681,6.95984,81825931784
143.898,6.94937,81832880434
145.411,6.87708,81839758178
144.272,6.93137,81846690071
143.659,6.96092,81853652818
144.291,6.93042,81860583874
143.318,6.97749,81867562779
144.193,6.93517,81874498397
143.521,6.96763,81881467467
144.726,6.90962,81888379215
143.256,6.98049,81895358199
144.026,6.9432,81902302897
143.735,6.95723,81909261337
143.893,6.94963,81916211510
141.67,7.05868,81923273344
145.792,6.85908,81930132734
143.836,6.95234,81937086769
143.153,6.98552,81944075029
143.905,6.94902,81951024535
144.77,6.90752,81957932641
144.312,6.92944,81964862999
143.817,6.9533,81971817192
143.972,6.94579,81978763150
143.986,6.94512,81985710457
144.533,6.91884,81992630509
144.709,6.91043,81999542188
143.545,6.96647,82006508957
143.988,6.94503,82013454712
145.836,6.85701,82020312502
142.63,7.01113,82027324834
144.234,6.93318,82034257704
144.881,6.90222,82041160757
141.974,7.04353,82048204862
145.09,6.89229,82055098112
143.455,6.97085,82062070067
144.631,6.91412,82068985297
143.537,6.96686,82075953053
145.145,6.88965,82082843773
143.719,6.958,82089803047
142.807,7.00245,82096806062
144.212,6.93422,82103742438
144.873,6.90258,82110645012
142.399,7.02251,82117668235
145.779,6.85971,82124528106
144.15,6.9372,82131466901
143.362,6.97534,82138443945
146.002,6.84924,82145293787
143.463,6.97045,82152264175
143.151,6.98561,82159250911
144.332,6.92846,82166179840
143.945,6.94707,82173127747
143.47,6.97009,82180098051
144.146,6.9374,82187036872
144.742,6.90886,82193946675
142.857,7.00002,82200947587
144.74,6.90893,82207857446
143.307,6.97802,82214836086
144.295,6.93026,82221767376
145.587,6.86873,82228638147
143.943,6.94721,82235585973
144.304,6.92982,82242517412
142.66,7.00965,82249527389
143.847,6.95184,82256480095
144.663,6.91264,82263393194
143.558,6.96583,82270359589
144.088,6.94019,82277300901
144.232,6.93326,82284235528
143.136,6.98635,82291221824
144.285,6.93075,82298153317
144.745,6.90871,82305062705
142.908,6.99752,82312062567
144.499,6.92046,82318983764
143.746,6.95673,82325940670
144.39,6.92568,82332867436
143.851,6.95165,82339819483
144.454,6.9226,82346743731
143.347,6.9761,82353720048
144.022,6.9434,82360663791
145.257,6.88435,82367549512
142.597,7.01276,82374562929
144.961,6.89843,82381462073
142.89,6.99838,82388463801
143.554,6.96601,82395428513
145.315,6.88158,82402310948
144.383,6.92604,82409238493
142.853,7.0002,82416239478
142.942,6.99583,82423236408
145.657,6.86545,82430101736
144.088,6.94019,82437043483
143.853,6.95153,82443996231
142.33,7.02591,82451023161
146.48,6.82686,82457849584
143.54,6.96672,82464817055
145.01,6.89606,82471714011
144.237,6.93303,82478649397
142.285,7.02813,82485677146
143.606,6.96348,82492641542
143.997,6.94457,82499586139
144.808,6.90571,82506492953
145.55,6.87048,82513365418
142.972,6.99437,82520361035
144.637,6.91387,82527276136
143.05,6.99055,82534266719
144.897,6.90146,82541169620
143.305,6.97813,82548149023
143.219,6.98233,82555131636
144.222,6.93378,82562066278
143.971,6.94583,82569013401
145.169,6.8885,82575901932
143.347,6.97609,82582878874
144.666,6.91248,82589792049
143.065,6.98983,82596782702
144.42,6.92426,82603708699
144.7,6.91083,82610619941
143.025,6.99179,82617611629
143.433,6.97191,82624586019
143.666,6.96061,82631546762
145.088,6.89236,82638439447
143.929,6.94788,82645388412
143.975,6.94565,82652342114
144.347,6.92776,82659262765
145.808,6.85836,82666122947
143.629,6.96237,82673085675
142.895,6.99814,82680084157
144.516,6.91965,82687004191
144.108,6.93925,82693944855
144.17,6.93626,82700881984
143.835,6.95239,82707834938
143.148,6.98578,82714822938
300.476,3.32806,82718152088
264.791,3.77657,82721934194
332.074,3.01138,82724949558
264.121,3.78615,82728734255
144.689,6.91138,82735647685
383.396,2.60827,82738255051
230.915,4.3306,82742588158
137.747,7.25967,82749849673
270.797,3.6928,82753543199
301.631,3.31531,82756861531
148.756,6.7224,82763586204
266.729,3.74912,82767334370
296.331,3.37461,82770709971
150.87,6.62822,82777344898
144.635,6.91395,82784258345
143.127,6.98679,82791246211
145.179,6.88807,82798134873
143.965,6.94612,82805083035
143.209,6.9828,82812066510
143.368,6.97508,82819042581
145.583,6.86894,82825911815
142.773,7.00412,82832916325
144.764,6.90777,82839824781
143.867,6.95089,82846776248
143.939,6.9474,82853724328
144.793,6.90639,82860631794
143.918,6.94842,82867580805
144.114,6.93896,82874520682
144.673,6.91212,82881433161
141.734,7.05548,82888492051
144.9,6.90131,82895392569
144.455,6.92258,82902315082
143.014,6.99231,82909308672
144.493,6.92074,82916230360
142.649,7.01024,82923244019
144.604,6.91545,82930158899
145.977,6.85038,82937009702
141.626,7.06084,82944075289
144.035,6.94277,82951016876
145.302,6.88222,82957899328
144.539,6.91857,82964818998
144.724,6.90969,82971729799
142.066,7.03898,82978771183
145.446,6.8754,82985645271
143.317,6.97753,82992624333
143.581,6.96471,82999590091
145.868,6.85551,83006445289
142.448,7.02011,83013467447
143.325,6.97713,83020445412
145.424,6.87644,83027321750
143.489,6.96917,83034292157
144.656,6.91296,83041206312
142.803,7.00266,83048210052
144.005,6.94422,83055156248
144.051,6.94197,83062097459
144.083,6.94042,83069039443
143.496,6.96883,83076009204
143.927,6.94796,83082959445
144.281,6.93091,83089891442
145.044,6.89447,83096786575
142.588,7.01321,83103802805
144.388,6.9258,83110730277
144.106,6.93931,83117670222
144.389,6.92574,83124597516
144.539,6.91854,83131516838
144.067,6.94123,83138459999
143.147,6.9858,83145450217
145.977,6.85041,83152299916
143.779,6.95513,83159260095
144.033,6.94283,83166200749
142.407,7.02212,83173225239
144.28,6.93098,83180157284
144.386,6.92589,83187083641
143.643,6.9617,83194045755
144.138,6.9378,83200983838
143.863,6.95105,83207935932
144.006,6.94417,83214881435
144.778,6.90714,83221788983
143.784,6.95489,83228744477
143.475,6.96986,83235715268
146.4,6.83062,83242545875
141.71,7.05668,83249602737
145.06,6.89368,83256497888
143.25,6.98079,83263479190
146.586,6.82192,83270301509
142.742,7.00565,83277308738
143.243,6.98112,83284289274
144.262,6.93184,83291222322
144.762,6.90789,83298131286
142.107,7.03695,83305169025
144.572,6.91699,83312087274
144.393,6.92553,83319013704
145.524,6.87171,83325885537
142.515,7.01681,83332903166
145.405,6.87736,83339781550
143.252,6.9807,83346763849
142.31,7.02689,83353790659
144.977,6.89766,83360689737
144.426,6.92395,83367614121
142.763,7.00459,83374620143
143.802,6.95399,83381575440
145.955,6.85143,83388427095
144.646,6.91341,83395346480
142.954,6.99523,83402337160
144.84,6.90415,83409242266
142.531,7.01603,83416259481
142.914,6.99719,83423259752
144.854,6.90348,83430161875
144.667,6.91245,83437074812
142.863,6.99973,83444076625
144.188,6.9354,83451015828
145.457,6.87489,83457888446
143.898,6.94936,83464839269
145.038,6.89477,83471734115
143.448,6.97115,83478706184
143.158,6.98531,83485693119
144.89,6.90179,83492595543
142.839,7.00088,83499596929
145.228,6.88574,83506482940
143.733,6.95736,83513442014
143.9,6.94928,83520391501
143.581,6.96471,83527358374
143.855,6.95145,83534310105
144.13,6.93819,83541249285
144.089,6.94015,83548190075
143.399,6.97356,83555164895
142.464,7.0193,83562185107
145.436,6.87587,83569062206
144.133,6.93803,83576001148
143.468,6.97019,83582971309
144.638,6.91382,83589886321
143.85,6.95168,83596839002
144.227,6.93352,83603773661
143.779,6.95513,83610729914
144.158,6.93684,83617667959
143.844,6.95197,83624620397
144.641,6.91367,83631534108
143.374,6.97478,83638509856
143.382,6.97436,83645484914
146.308,6.8349,83652320155
143.198,6.98335,83659304650
144.474,6.92165,83666227215
143.157,6.98535,83673213214
144.029,6.94303,83680156819
144.13,6.93819,83687095849
143.687,6.95958,83694056411
145.245,6.88493,83700942240
142.363,7.02431,83707967594
144.1,6.93961,83714907652
143.762,6.95596,83721864537
143.719,6.95801,83728823734
144.677,6.91197,83735736128
145.1,6.8918,83742628248
143.596,6.96397,83749593239
142.634,7.01097,83756604468
147.246,6.79135,83763396961
143.673,6.96027,83770358215
143.733,6.95732,83777315434
144.232,6.93327,83784251928
142.429,7.02103,83791275456
145.492,6.87322,83798152141
143.519,6.96771,83805119388
143.032,6.99145,83812113720
144.823,6.90497,83819018726
144.886,6.90197,83825926064
142.434,7.02079,83832950615
145.847,6.85648,83839806046
142.725,7.0065,83846816008
144.034,6.9428,83853758761
144.696,6.91102,83860669884
145.177,6.88814,83867558212
142.502,7.01744,83874577094
142.402,7.02239,83881599698
144.468,6.92193,83888522590
145.498,6.87296,83895398446
143.907,6.94891,83902346930
143.514,6.96797,83909313983
143.43,6.97203,83916287363
143.584,6.96456,83923252892
145.106,6.89151,83930145442
144.466,6.92202,83937068958
141.661,7.05913,83944130668
144.532,6.91887,83951049202
145.254,6.8845,83957935189
145.179,6.88805,83964825310
142.528,7.01616,83971841308
144.082,6.9405,83978781817
144.351,6.92756,83985711121
144.709,6.91041,83992621671
143.175,6.98448,83999606784
144.139,6.93775,84006545140
143.591,6.96422,84013510158
144.922,6.90026,84020410822
145.084,6.89257,84027304092
142.038,7.04039,84034346089
144.075,6.94081,84041287398
144.372,6.92654,84048214621
144.675,6.91205,84055126333
142.44,7.02052,84062147742
144.13,6.9382,84069087504
144.171,6.93618,84076024097
144.528,6.91907,84082944287
145.299,6.88237,84089827960
144.221,6.93381,84096761684
142.819,7.00185,84103765288
143.362,6.97537,84110741173
145.126,6.89056,84117632666
143.771,6.95552,84124589173
142.838,7.00095,84131591912
145.9,6.854,84138446381
144.117,6.93879,84145386566
143.652,6.96128,84152347673
143.54,6.9667,84159315833
144.198,6.93492,84166250672
143.711,6.95843,84173209755
144.147,6.93738,84180148657
144.656,6.91297,84187062298
143.735,6.95725,84194021360
143.532,6.96709,84200989017
144.113,6.939,84207929137
144.257,6.93205,84214861969
143.196,6.98342,84221847236
144.177,6.93594,84228783214
144.615,6.9149,84235699081
143.75,6.95653,84242657133
144.731,6.90937,84249567149
143.499,6.96871,84256536926
144.697,6.91102,84263448157
142.566,7.01429,84270463697
144.967,6.89814,84277363907
144.221,6.93383,84284297277
143.856,6.9514,84291249260
144.136,6.93789,84298188904
144.437,6.92341,84305112866
142.676,7.00888,84312122605
144.584,6.91641,84319040179
144.224,6.93365,84325973243
144.514,6.91972,84332893720
142.798,7.00291,84339898394
144.992,6.89695,84346796736
144.166,6.93643,84353733716
145.019,6.89563,84360629980
143.193,6.98357,84367614388
143.885,6.95001,84374565746
142.917,6.99708,84381562411
144.842,6.90408,84388467728
144.036,6.94271,84395412698
143.44,6.97157,84402384452
144.483,6.92122,84409306060
144.679,6.91186,84416219236
142.465,7.01929,84423239390
143.833,6.95249,84430194329
143.895,6.94949,84437143452
143.647,6.96153,84444106145
140.85,7.09973,84451211622
149.736,6.67843,84457886625
144.41,6.92474,84464813150
143.242,6.9812,84471794897
142.767,7.00442,84478799049
145.109,6.89138,84485692165
142.881,6.99883,84492691915
146.082,6.84547,84499538774
142.072,7.03871,84506578126
144.444,6.9231,84513502836
145.306,6.88205,84520385724
143.76,6.95606,84527342052
143.481,6.96954,84534313097
143.953,6.94671,84541260207
143.689,6.95946,84548220672
143.955,6.94662,84555167612
143.867,6.95087,84562119308
143.861,6.95115,84569071651
145.287,6.88294,84575954459
143.025,6.99176,84582947434
143.381,6.97442,84589923236
146.745,6.81455,84596738629
142.853,7.0002,84603739643
143.263,6.98016,84610719530
144.062,6.94146,84617662194
144.094,6.93991,84624602888
144.188,6.9354,84631539404
144.235,6.93315,84638473834
142.855,7.00011,84645474100
144.575,6.91682,84652391861
144.879,6.90232,84659294359
144.715,6.91013,84666206954
142.662,7.00959,84673217308
143.965,6.94611,84680164255
143.606,6.96352,84687127693
144.321,6.92902,84694057308
143.609,6.96338,84701022226
144.935,6.89964,84707922506
143.15,6.98569,84714908852
144.926,6.90005,84721808884
144.359,6.92719,84728736981
143.855,6.95142,84735689952
144.694,6.91114,84742601131
144.375,6.92639,84749528135
143.178,6.98433,84756513442
145.596,6.86832,84763383586
142.433,7.02082,84770403772
143.608,6.9634,84777369271
144.83,6.90464,84784273670
142.629,7.0112,84791285547
144.803,6.90594,84798192333
144.26,6.93192,84805125171
143.062,6.98999,84812116008
144.64,6.91371,84819031572
143.762,6.95595,84825987640
143.669,6.96045,84832948538
144.326,6.92875,84839878310
144.177,6.93591,84846815080
144.02,6.94346,84853761132
144.659,6.91281,84860675266
143.449,6.97113,84867647352
145.338,6.88053,84874529002
143.306,6.9781,84881507582
142.873,6.99924,84888509444
144.316,6.92926,84895445875
143.373,6.97481,84902416254
146.118,6.84376,84909261535
142.167,7.03398,84916296666
146.154,6.8421,84923139371
142.096,7.0375,84930178178
144.191,6.93524,84937115340
144.914,6.90065,84944016811
142.12,7.03629,84951056404
144.957,6.89861,84957954831
143.941,6.94731,84964903158
143.316,6.97758,84971881169
144.758,6.90807,84978789577
143.891,6.94971,84985739699
145.445,6.87547,84992616111
143.826,6.95284,84999570500
142.725,7.0065,85006576867
144.257,6.93207,85013510767
145.309,6.88188,85020393309
144.186,6.93549,85027329595
143.325,6.97717,85034306981
143.504,6.96846,85041276374
144.392,6.92561,85048202069
143.45,6.97109,85055174676
145.145,6.88966,85062065225
142.73,7.00626,85069072529
143.93,6.94781,85076020466
144.165,6.93652,85082958430
145.229,6.88568,85089845683
142.982,6.99388,85096839964
144.238,6.93297,85103773052
144.073,6.94094,85110715016
144.513,6.91978,85117636562
143.343,6.97629,85124613225
144.748,6.90857,85131522701
143.461,6.97053,85138494133
144.568,6.91715,85145414334
143.379,6.97452,85152388447
144.922,6.90028,85159290894
143.387,6.97414,85166265469
140.977,7.09338,85173361311
147.655,6.77253,85180133517
143.315,6.97765,85187111400
143.695,6.95916,85194071743
145.019,6.89564,85200967663
143.618,6.9629,85207931036
143.793,6.95444,85214886657
145.33,6.8809,85221767881
142.962,6.99486,85228764379
143.716,6.95819,85235722979
145.138,6.89001,85242614678
143.131,6.98662,85249601838
144.196,6.93502,85256537268
143.969,6.94594,85263483577
143.034,6.99134,85270476332
145.003,6.89639,85277373351
143.568,6.96532,85284339637
144.071,6.94102,85291281181
143.867,6.95085,85298233561
144.439,6.92336,85305157853
144.129,6.93823,85312096350
143.724,6.95778,85319054837
143.725,6.95772,85326013626
144.89,6.90181,85332917630
306.165,3.26621,85336183411
268.64,3.72246,85339906324
314.842,3.1762,85343082114
266.431,3.75331,85346835309
318.467,3.14004,85349977008
266.363,3.75428,85353731206
305.4,3.2744,85357007137
271.507,3.68315,85360689479
306.377,3.26396,85363954470
270.197,3.701,85367655935
300.223,3.33085,85370987645
279.414,3.57892,85374567073
302.338,3.30755,85377874549
268.66,3.72217,85381597306
304.776,3.2811,85384880720
280.689,3.56266,85388442668
311.268,3.21266,85391655764
261.627,3.82224,85395480387
453.388,2.20562,85397684007
212.137,4.71393,85402398907
456.867,2.18882,85404588339
212.909,4.69685,85409285802
448.911,2.22761,85411513757
209.959,4.76282,85416278407
433.307,2.30784,85418586759
216.771,4.61317,85423201496
426.318,2.34567,85425547689
218.343,4.57995,85430127861
353.383,2.82979,85432957551
237.289,4.21428,85437172765
466.463,2.14379,85439316977
208.938,4.78611,85444104112
418.388,2.39012,85446495276
221.523,4.5142,85451010862
375.259,2.66483,85453677596
234.472,4.2649,85457942120
392.879,2.54531,85460487653
226.015,4.42448,85464912553
454.355,2.20092,85467113700
213.369,4.68672,85471801522
442.092,2.26198,85474064042
212.206,4.71241,85478778343
438.173,2.2822,85481060089
216.443,4.62015,85485681250
450.942,2.21758,85487898629
211.806,4.7213,85492621709
445.251,2.24592,85494867604
213.995,4.67302,85499541454
469.607,2.12944,85501671231
205.778,4.8596,85506532002
448.246,2.23092,85508762813
213.44,4.68515,85513448516
473.137,2.11355,85515562513
203.626,4.91096,85520474387
435.062,2.29853,85522772860
217.135,4.60543,85527379824
451.24,2.21611,85529595933
211.203,4.73479,85534332866
451.655,2.21408,85536546939
212.683,4.70183,85541249899
475.821,2.10163,85543351584
206.53,4.84192,85548194413
450.375,2.22037,85550415047
211.088,4.73736,85555154207
460.892,2.1697,85557323673
209.902,4.76412,85562090395
460.676,2.17072,85564260783
208.099,4.80541,85569067616
477.361,2.09485,85571161793
209.372,4.77619,85575939937
458.529,2.18089,85578120520
208.208,4.80289,85582924759
478.323,2.09064,85585016098
207.237,4.8254,85589842499
450.746,2.21854,85592061792
211.423,4.72985,85596792894
481.841,2.07537,85598868819
205.93,4.85603,85603725806
467.065,2.14103,85605867394
205.27,4.87163,85610739377
464.457,2.15305,85612893357
211.934,4.71846,85617612683
471.164,2.1224,85619735827
206.218,4.84923,85624587462
444.841,2.24799,85626835314
212.578,4.70416,85631541346
461.1,2.16873,85633709364
211.058,4.73804,85638448202
469.573,2.12959,85640578788
207.775,4.81289,85645392366
474.864,2.10587,85647498680
207.129,4.82792,85652327552
459.3,2.17723,85654505761
209.047,4.78361,85659291003
462.676,2.16134,85661452779
208.442,4.79749,85666251544
452.149,2.21166,85668463386
211.109,4.73688,85673201986
456.107,2.19247,85675395525
210.377,4.75337,85680149485
484.233,2.06512,85682214810
205.993,4.85453,85687070410
457.033,2.18803,85689259066
209.214,4.77981,85694040363
451.988,2.21245,85696252870
208.627,4.79324,85701046976
462.428,2.1625,85703209334
209.96,4.7628,85707973841
482.179,2.07392,85710047596
207.119,4.82815,85714877646
474.595,2.10706,85716984379
206.953,4.83202,85721818866
428.273,2.33496,85724153940
215.59,4.63843,85728794136
455.929,2.19332,85730987403
211.627,4.72528,85735712730
480.615,2.08067,85737793568
204.999,4.87808,85742672649
472.008,2.11861,85744791555
206.175,4.85025,85749642777
465.49,2.14827,85751791441
212.024,4.71644,85756508834
457.247,2.187,85758696548
209.858,4.76512,85763462805
489.848,2.04145,85765503941
204.655,4.88627,85770391108
504.358,1.98272,85772376552
202.057,4.9491,85777327133
478.31,2.09069,85779417491
205.521,4.86569,85784283911
484.285,2.0649,85786348718
204.158,4.89817,85791249014
458.582,2.18063,85793429642
208.731,4.79086,85798222377
452.515,2.20987,85800431511
211.006,4.7392,85805172474
468.385,2.135,85807307582
208.578,4.79437,85812102078
460.79,2.17018,85814272622
209.871,4.76484,85819039625
456.755,2.18936,85821228149
210.214,4.75705,85825987511
455.32,2.19626,85828183562
211.249,4.73376,85832918176
473.377,2.11248,85835031320
207.371,4.82229,85839853919
455.305,2.19633,85842050766
209.728,4.76807,85846820395
470.905,2.12357,85848944137
209.286,4.77814,85853723725
440.611,2.26957,85855993214
213.934,4.67434,85860669005
413.346,2.41928,85863088604
220.439,4.53641,85867626446
419.924,2.38138,85870007816
219.061,4.56493,85874573663
406.809,2.45815,85877031710
224.256,4.4592,85881492626
411.33,2.43114,85883923821
221.797,4.50862,85888433950
143.658,6.96096,85895396427
143.561,6.96569,85902364118
144.434,6.9236,85909286657
142.799,7.00284,85916290570
143.908,6.9489,85923243184
282.521,3.53956,85926783956
211.259,4.73353,85931522545
335.814,2.97784,85934498318
339.343,2.94687,85937447960
150.782,6.63211,85944079800
365.205,2.73819,85946819038
238.315,4.19613,85951021367
233.398,4.28453,85955306488
285.425,3.50355,85958810412
164.661,6.07307,85964885313
324.711,3.07966,85967966790
257.188,3.88821,85971855561
249.36,4.01026,85975867099
348.582,2.86877,85978736463
391.422,2.55479,85981292628
227.557,4.3945,85985687609
285.96,3.497,85989188231
292.567,3.41802,85992606163
406.086,2.46253,85995068122
219.563,4.55451,85999623491
143.826,6.95287,86006578080
491.612,2.03413,86008612447
205.085,4.87603,86013489808
143.131,6.98659,86020478675
454.761,2.19896,86022676274
214.713,4.65737,86027335207
143.209,6.98281,86034318639
143.391,6.97393,86041292868
144.105,6.93941,86048233412
143.691,6.95938,86055193732
143.86,6.9512,86062145370
145.333,6.88074,86069026872
143.124,6.98696,86076014906
144.077,6.94072,86082957681
144.539,6.91854,86089877828
143.208,6.98284,86096862008
144.026,6.9432,86103805357
144.492,6.92078,86110726738
144.678,6.9119,86117640443
142.319,7.02647,86124667830
144.228,6.93347,86131602448
144.623,6.91454,86138517671
143.781,6.95504,86145474426
144.105,6.93937,86152414180
144.86,6.90322,86159319400
143.191,6.9837,86166304936
144.187,6.93542,86173240361
143.578,6.96484,86180205785
144.195,6.93505,86187141874
144.035,6.94277,86194085289
144.824,6.90494,86200990300
142.883,6.99875,86207990195
145.4,6.87758,86214868496
143.426,6.97225,86221840630
143.709,6.9585,86228800203
143.225,6.98202,86235783036
144.246,6.93262,86242718070
144.136,6.93791,86249655431
146.069,6.84609,86256503082
142.12,7.03629,86263540125
143.352,6.97584,86270516445
144.956,6.89864,86277415927
143.488,6.96923,86284385643
144.755,6.90822,86291294587
143.465,6.97036,86298265636
142.747,7.0054,86305272445
145.294,6.88259,86312160813
144.163,6.9366,86319101201
144.334,6.92839,86326032282
144.207,6.93449,86332965544
145.785,6.85943,86339825601
142.388,7.02305,86346850907
145.304,6.88212,86353732582
144.131,6.93815,86360672210
143.791,6.95452,86367628053
143.324,6.9772,86374606303
143.549,6.96626,86381572890
142.826,7.00155,86388577411
146.556,6.82335,86395400682
143.394,6.97379,86402382874
143.985,6.94518,86409324426
144.136,6.93788,86416262031
144.189,6.93533,86423198884
142.218,7.03147,86430233619
145.046,6.89438,86437129292
145.515,6.87214,86444002897
142.552,7.01496,86451020341
144.238,6.93297,86457954947
144.526,6.91919,86464873969
144.618,6.91478,86471789349
142.619,7.01168,86478802073
144.483,6.92123,86485723652
142.836,7.00102,86492726875
145.602,6.86803,86499596709
142.063,7.03911,86506637650
145.799,6.85874,86513498548
143.215,6.98252,86520482573
144.32,6.92905,86527411483
145.2,6.88705,86534299317
143.697,6.95911,86541259950
143.369,6.975,86548236119
145.209,6.88664,86555124238
138.481,7.22121,86562346227
287.18,3.48214,86565829172
298.443,3.35072,86569185840
145.528,6.87151,86576054678
145.753,6.86091,86582915953
142.533,7.01591,86589932624
145.24,6.88515,86596820516
143.65,6.96139,86603783387
144.483,6.92124,86610704734
143.432,6.97195,86617678007
144.045,6.94228,86624625081
144.073,6.94092,86631563198
144.379,6.92622,86638490469
144.186,6.93549,86645426977
144.152,6.93711,86652365856
143.061,6.99001,86659359492
144.032,6.9429,86666301531
145.017,6.89575,86673198058
143.806,6.9538,86680155378
143.403,6.97337,86687127042
143.61,6.96333,86694093566
145.288,6.88288,86700976697
143.873,6.95057,86707927597
143.411,6.97296,86714901482
143.746,6.9567,86721860985
141.105,7.08691,86728949610
147.592,6.77541,86735726896
144.814,6.90542,86742631723
144.201,6.93476,86749568272
143.554,6.96601,86756535304
144.072,6.94099,86763477947
144.264,6.93175,86770410921
143.395,6.97377,86777390191
143.139,6.98624,86784372436
144.052,6.94192,86791314334
143.985,6.94518,86798261748
143.856,6.95138,86805212472
143.919,6.94835,86812161177
143.926,6.94804,86819111213
143.408,6.97311,86826084449
143.973,6.94573,86833031438
144.901,6.90127,86839933499
143.667,6.96056,86846894711
144.718,6.91,86853805992
144.207,6.93447,86860741779
142.949,6.99549,86867737451
144.205,6.93457,86874672739
143.045,6.99082,86881664398
144.451,6.92278,86888587547
146.339,6.83346,86895421400
143.326,6.97709,86902401481
144.885,6.90203,86909302457
143.066,6.98978,86916293108
142.556,7.0148,86923308876
144.986,6.8972,86930211872
144.009,6.94399,86937153409
144.469,6.92189,86944076771
142.637,7.01079,86951090811
142.965,6.99474,86958086720
144.881,6.90224,86964989067
145.522,6.87183,86971861504
142.787,7.00345,86978867272
145.528,6.87153,86985738770
143.47,6.97009,86992709888
142.912,6.9973,86999709058
143.727,6.95764,87006667143
130.87,7.64117,87014311016
242.178,4.1292,87018441243
254.937,3.92253,87022366193
198.82,5.02967,87027397192
143.102,6.98802,87034399109
145.351,6.87991,87041270495
141.709,7.05673,87048332296
143.93,6.94783,87055280160
147.304,6.7887,87062069576
141.597,7.06227,87069133317
144.906,6.901,87076034101
142.872,6.99926,87083034286
144.792,6.90644,87089942924
144.3,6.93002,87096874098
145.164,6.88878,87103762667
141.982,7.04315,87110807483
143.758,6.95612,87117765300
144.888,6.90189,87124667049
144.332,6.92848,87131598237
144.414,6.92453,87138524125
143.683,6.95975,87145488709
143.998,6.94455,87152436621
144.89,6.90179,87159337451
144.372,6.92654,87166266469
135.932,7.35661,87173629560
152.417,6.56096,87180190604
143.92,6.9483,87187140029
143.035,6.9913,87194131946
145.268,6.88383,87201017085
144.084,6.94039,87207957512
143.658,6.96097,87214919529
144.44,6.92328,87221843251
143.25,6.98079,87228824724
143.831,6.95261,87235778119
144.01,6.94395,87242722637
142.981,6.99395,87249717578
145.656,6.86548,87256583820
144.015,6.94372,87263529315
144.219,6.9339,87270463419
143.968,6.94599,87277410379
143.815,6.95339,87284365448
144.407,6.92486,87291290975
142.302,7.02729,87298319668
144.767,6.90766,87305227984
145.065,6.89348,87312121615
144.258,6.93202,87319055574
143.306,6.97806,87326033646
142.625,7.01142,87333046248
145.101,6.89175,87339939591
144.732,6.90933,87346849295
143.867,6.95086,87353800987
143.955,6.94659,87360748913
143.902,6.94916,87367698570
144.251,6.93237,87374632549
144.12,6.93866,87381571940
143.971,6.94586,87388519114
143.122,6.98706,87395507438
144.071,6.94103,87402450152
144.609,6.91521,87409364479
143.74,6.95699,87416322391
143.187,6.98388,87423306870
143.143,6.98603,87430294230
146.876,6.80847,87437103083
142.702,7.00763,87444111678
143.381,6.97443,87451089297
143.703,6.95878,87458048097
146.374,6.83183,87464880925
142.31,7.0269,87471907705
145.667,6.86495,87478773718
143.266,6.98004,87485754867
144.289,6.93052,87492685057
143.719,6.95801,87499643849
144.566,6.91726,87506561683
142.807,7.00244,87513565535
143.948,6.94694,87520513773
144.601,6.91557,87527429322
143.17,6.9847,87534415860
145.246,6.88489,87541300373
143.383,6.97435,87548275952
143.81,6.95361,87555229603
143.061,6.99001,87562220559
143.8,6.95412,87569175348
145.567,6.8697,87576046559
143.707,6.9586,87583006857
143.675,6.96017,87589967882
144.404,6.925,87596893696
144.719,6.90995,87603804913
143.417,6.97267,87610778226
145.625,6.86696,87617647177
143.907,6.94894,87624596649
142.314,7.02674,87631625223
143.635,6.96209,87638588446
146.033,6.84777,87645435930
143.841,6.95212,87652389382
143.638,6.96194,87659351764
143.358,6.97557,87666328307
143.699,6.95901,87673288274
145.03,6.89511,87680183352
143.701,6.95891,87687144272
144.354,6.92742,87694072374
143.478,6.96972,87701041750
144.067,6.94121,87707984067
144.052,6.94194,87714927901
434.964,2.29904,87717227255
214.632,4.65914,87721888329
439.984,2.27281,87724161617
215.334,4.64394,87728806644
464.998,2.15054,87730956262
209.058,4.78336,87735740402
448.31,2.2306,87737972233
209.446,4.7745,87742746861
449.404,2.22517,87744973268
216.614,4.61652,87749589872
452.406,2.2104,87751801134
206.285,4.84765,87756650086
466.656,2.14291,87758792777
211.505,4.72802,87763522320
475.151,2.10459,87765627069
206.37,4.84565,87770475454
467.261,2.14013,87772614801
210.433,4.75211,87777368598
472.672,2.11563,87779484416
204.588,4.88788,87784375351
302.195,3.30912,87787686289
279.428,3.57874,87791264568
365.973,2.73244,87793999710
234.988,4.25553,87798258770
276.107,3.62178,87801879712
264.372,3.78255,87805664959
354.539,2.82056,87808486224
279.337,3.57991,87812067494
375.116,2.66584,87814733928
207.676,4.8152,87819552139
390.821,2.55872,87822113921
256.395,3.90023,87826014189
305.056,3.27809,87829293587
240.824,4.15241,87833446458
354.366,2.82194,87836270389
275.452,3.6304,87839901849
299.304,3.34108,87843243886
257.555,3.88267,87847128292
319.788,3.12707,87850256346
283.457,3.52787,87853786399
306.959,3.25776,87857044009
212.979,4.6953,87861742140
297.664,3.35949,87865102597
363.482,2.75117,87867854754
373.749,2.67559,87870531225
243.256,4.1109,87874643915
221.706,4.51048,87879154374
315.867,3.16589,87882322057
332.084,3.01128,87885334167
318.166,3.14301,87888477666
257.671,3.88091,87892360153
287.968,3.4726,87895836318
306.287,3.26491,87899100179
274.866,3.63814,87902740637
280.6,3.5638,87906302417
329.854,3.03164,87909335199
435.927,2.29396,87911629021
214.643,4.6589,87916289750
472.053,2.11841,87918408213
205.83,4.85838,87923267335
377.775,2.64708,87925914723
225.402,4.43652,87930353491
327.691,3.05166,87933406234
263.644,3.79299,87937199787
483.94,2.06637,87939266116
203.353,4.91756,87944185135
471.318,2.12171,87946306127
205.593,4.86398,87951172462
349.507,2.86117,87954035860
244.31,4.09316,87958128604
287.193,3.48198,87961611642
293.673,3.40515,87965017410
305.322,3.27523,87968293074
277.767,3.60014,87971894340
333.819,2.99563,87974889820
254.13,3.93499,87978827567
269.877,3.70539,87982533063
303.995,3.28953,87985821863
349.125,2.86431,87988687346
244.383,4.09193,87992780850
332.555,3.00702,87995788126
262.114,3.81514,87999603871
410.12,2.43831,88002041699
222.578,4.49281,88006536065
451.529,2.2147,88008749760
208.988,4.78498,88013536103
433.815,2.30513,88015841974
215.172,4.64745,88020490523
409.032,2.44479,88022935245
222.062,4.50324,88027440373
403.569,2.47789,88029917912
224.968,4.44509,88034363509
406.218,2.46173,88036825506
222.763,4.48908,88041315273
406.799,2.45821,88043774384
223.262,4.47905,88048254538
385.5,2.59404,88050848509
228.494,4.37649,88055225822
397.095,2.51829,88057751543
226.943,4.40639,88062152795
406.376,2.46078,88064614797
219.355,4.55882,88069174860
320.237,3.12269,88072301493
270.216,3.70075,88076000400
332.745,3.0053,88079007376
242.915,4.11666,88083130735
264.065,3.78695,88086914262
258.928,3.86208,88090778460
290.12,3.44685,88094225993
286.46,3.49089,88097722353
246.091,4.06354,88101787522
311.33,3.21203,88105001158
352.852,2.83405,88107834523
295.685,3.38197,88111218661
339.17,2.94837,88114168716
183.083,5.462,88119633130
196.816,5.08088,88124718476
321.412,3.11127,88127830123
267.294,3.7412,88131570763
328.669,3.04257,88134616002
254.751,3.92541,88138544109
322.238,3.1033,88141646055
263.168,3.79986,88145448281
430.886,2.3208,88147769220
213.874,4.67565,88152445291
432.105,2.31425,88154759146
214.59,4.66006,88159421102
469.184,2.13136,88161552074
209.792,4.76662,88166319240
448.523,2.22954,88168550092
208.806,4.78914,88173340877
409.707,2.44077,88175782621
226.319,4.41854,88180202837
395.844,2.52625,88182729625
223.893,4.46642,88187196870
438.097,2.2826,88189479646
213.494,4.68397,88194165770
409.085,2.44448,88196610842
225.71,4.43046,88201042111
436.592,2.29047,88203333243
213.365,4.6868,88208020557
469.824,2.12846,88210149164
205.951,4.85553,88215006477
429.417,2.32874,88217335861
217.235,4.60331,88221941344
434.621,2.30085,88224241392
215.956,4.63058,88228873752
456.669,2.18977,88231063312
211.887,4.7195,88235783867
418.605,2.38889,88238172479
222.309,4.49824,88242672155
433.515,2.30672,88244979080
214.378,4.66465,88249646492
441.139,2.26686,88251912829
212.22,4.71209,88256626165
446.098,2.24166,88258866556
214.223,4.66804,88263535921
440.37,2.27082,88265806554
217.818,4.59099,88270398063
463.236,2.15873,88272556878
206.627,4.83965,88277398430
365.282,2.73761,88280136573
235.688,4.2429,88284379202
464.01,2.15513,88286535209
208.215,4.80274,88291338422
463.818,2.15602,88293495164
209.553,4.77205,88298268127
472.751,2.11528,88300382869
205.012,4.87776,88305261250
493.68,2.0256,88307287153
205.692,4.86164,88312150633
460.499,2.17156,88314323186
208.343,4.79978,88319123340
447.82,2.23304,88321356525
212.289,4.71057,88326067869
441.048,2.26733,88328335447
213.49,4.68407,88333019990
461.912,2.16492,88335185719
209.765,4.76724,88339954331
434.589,2.30102,88342255522
217.948,4.58826,88346844772
451.05,2.21705,88349062260
209,4.78469,88353847986
447.257,2.23585,88356083712
215.096,4.64909,88360733437
458.122,2.18282,88362917078
208.389,4.79872,88367716111
411.18,2.43202,88370148952
222.042,4.50366,88374653452
452.663,2.20915,88376863216
209.409,4.77535,88381638725
461.251,2.16802,88383807697
210.722,4.7456,88388554125
474.806,2.10612,88390659965
206.867,4.83401,88395495283
374.793,2.66814,88398163799
233.714,4.27873,88402442788
459.286,2.17729,88404622552
210.271,4.75577,88409376637
438.698,2.27947,88411657018
213.441,4.68513,88416342682
460.492,2.17159,88418514909
209.262,4.7787,88423293742
360.98,2.77023,88426064139
239.103,4.18229,88430248281
416.339,2.40189,88432652182
223.612,4.47204,88437123188
452.61,2.20941,88439332872
208.671,4.79224,88444126863
441.236,2.26636,88446393195
207.799,4.81233,88451209689
321.088,3.11441,88454325012
270.171,3.70135,88458027917
411.605,2.42952,88460456608
224.548,4.45338,88464911873
474.506,2.10745,88467018355
206.497,4.84268,88471862511
462.178,2.16367,88474026581
207.497,4.81934,88478846774
401.414,2.4912,88481340498
227.215,4.40111,88485740619
391.113,2.55681,88488298641
226.399,4.41698,88492715385
409.395,2.44263,88495158396
223.239,4.4795,88499639202
410.534,2.43585,88502075153
217.416,4.59948,88506675962
400.22,2.49863,88509174366
230.333,4.34155,88513516982
471.69,2.12004,88515637845
206.182,4.85009,88520488433
454.282,2.20127,88522690717
207.864,4.81083,88527501439
471.374,2.12146,88529623368
210.374,4.75343,88534378272
453.189,2.20659,88536585124
212.392,4.70828,88541294581
444.3,2.25073,88543546695
212.484,4.70623,88548253538
444.216,2.25116,88550504599
209.989,4.76216,88555267789
489.413,2.04327,88557312520
206.683,4.83833,88562150507
458.368,2.18165,88564332646
209.145,4.78138,88569115468
418.8,2.38777,88571503881
221.015,4.52458,88576029030
449.042,2.22696,88578256604
211.869,4.71989,88582977001
472.839,2.11488,88585092592
205.191,4.87351,88589966831
478.995,2.0877,88592054481
207.231,4.82553,88596881146
381.817,2.61906,88599500800
229.929,4.34916,88603850075
475.282,2.10402,88605954247
206.076,4.85258,88610807665
445.738,2.24347,88613050699
213.679,4.67991,88617731175
458.679,2.18017,88619912733
210.433,4.75211,88624666625
367.911,2.71805,88627385048
235.669,4.24325,88631629408
483.276,2.06921,88633698590
206.132,4.85126,88638550806
459.837,2.17468,88640725894
209.811,4.7662,88645493545
477.477,2.09434,88647587400
206.431,4.84423,88652433141
496.149,2.01552,88654448580
203.115,4.92332,88659373092
487.05,2.05318,88661425886
204.079,4.90006,88666326761
484.831,2.06257,88668389897
204.083,4.89997,88673290480
420.23,2.37965,88675670636
221.19,4.521,88680192793
468.72,2.13347,88682326349
205.838,4.85818,88687185524
481.638,2.07625,88689261948
207.161,4.82716,88694089673
471.103,2.12268,88696213165
206.719,4.83748,88701052197
465.904,2.14637,88703198831
206.497,4.84269,88708042267
320.331,3.12177,88711164078
264.459,3.78131,88714946434
319.886,3.12612,88718072682
261.959,3.81739,88721891991
321.358,3.11179,88725005196
256.096,3.90478,88728910720
353.331,2.8302,88731740454
247.264,4.04427,88735785378
368.502,2.71369,88738498434
237.622,4.20837,88742708765
337.037,2.96703,88745676099
251.941,3.96919,88749646444
374.145,2.67276,88752319639
232.375,4.30339,88756622682
356.618,2.80412,88759427277
241.337,4.14358,88763572083
380.793,2.6261,88766198119
236.209,4.23355,88770433115
347.441,2.87819,88773312189
242.322,4.12674,88777439448
461.735,2.16575,88779605319
210.114,4.75932,88784366144
480.337,2.08187,88786447826
205.11,4.87543,88791324800
470.868,2.12374,88793448620
206.289,4.84756,88798297269
457.506,2.18577,88800484091
211.403,4.73031,88805214741
462.571,2.16183,88807377381
210.789,4.74407,88812122433
444.048,2.25201,88814374691
210.726,4.7455,88819121575
462.819,2.16067,88821282526
209.313,4.77753,88826060651
469.614,2.12941,88828191506
206.893,4.83342,88833024747
477.199,2.09556,88835120762
205.638,4.86292,88839984732
455.121,2.19722,88842182727
212.487,4.70617,88846889254
459.181,2.17779,88849067537
210.361,4.75373,88853822463
471.232,2.1221,88855944373
206.279,4.84781,88860793613
474.103,2.10925,88862902766
209.613,4.7707,88867674114
487.095,2.05299,88869727741
203.676,4.90975,88874638111
450.01,2.22217,88876860893
210.816,4.74348,88881606029
513.289,1.94822,88883554208
199.731,5.00672,88888562048
488.839,2.04566,88890607982
202.957,4.92716,88895535757
465.193,2.14965,88897684861
210.108,4.75945,88902446446
477.37,2.09481,88904540454
206.355,4.84602,88909391370
438.461,2.2807,88911669529
214.822,4.65502,88916325796
451.593,2.21438,88918540317
210.878,4.74209,88923283854
465.574,2.14789,88925431823
206.907,4.83308,88930265686
420.671,2.37715,88932644075
220.323,4.53879,88937183291
462.003,2.16449,88939347904
211.005,4.73923,88944088873
464.944,2.1508,88946239921
204.864,4.88129,88951122710
389.198,2.56939,88953692933
230.304,4.34208,88958035869
415.625,2.40601,88960442732
221.444,4.51581,88964958959
460.383,2.17211,88967130494
210.665,4.74687,88971878846
429.975,2.32571,88974205662
217.183,4.60442,88978810397
409.455,2.44227,88981253132
219.585,4.55405,88985807728
441.886,2.26303,88988070963
214.236,4.66775,88992739343
408.682,2.44689,88995186434
220.801,4.52896,88999717666
394.12,2.5373,89002253941
232.573,4.29972,89006556098
454.671,2.19939,89008754522
210.17,4.75806,89013514056
387.583,2.5801,89016094158
225.569,4.43324,89020528398
405.553,2.46577,89022993521
225.277,4.43897,89027434448
399.519,2.50301,89029937153
223.921,4.46585,89034405339
413.198,2.42015,89036824867
221.743,4.50972,89041335935
405.058,2.46878,89043804481
224.494,4.45446,89048260467
403.557,2.47797,89050738575
222.686,4.49062,89055229374
395.55,2.52813,89057758697
225.116,4.44216,89062201301
404.085,2.47473,89064677031
223.557,4.47313,89069150967
409.294,2.44323,89071594434
222.062,4.50324,89076099633
451.127,2.21667,89078316475
210.857,4.74254,89083059967
445.251,2.24592,89085306013
211.939,4.71833,89090025926
420.911,2.3758,89092402104
221.712,4.51035,89096912510
446.101,2.24165,89099155058
215.325,4.64415,89103800287
421.058,2.37497,89106177088
215.807,4.63377,89110810863
430.969,2.32035,89113131750
217.911,4.58903,89117721718
416.621,2.40027,89120122230
216.645,4.61584,89124738347
407.295,2.45522,89127194699
225.754,4.4296,89131624748
426.473,2.34482,89133970688
219.73,4.55104,89138523691
293.84,3.40321,89141929527
281.073,3.55779,89145488067
276.879,3.61169,89149104572
214.221,4.66807,89153771055
282.65,3.53795,89157309170
325.148,3.07552,89160386366
344.875,2.8996,89163286666
252.222,3.96477,89167253266
318.116,3.14351,89170397594
302.569,3.30503,89173703758
296.226,3.3758,89177080674
289.571,3.45339,89180538168
223.328,4.47772,89185015315
323.581,3.09041,89188106810
279.72,3.57501,89191685855
302.675,3.30388,89194989390
262.262,3.81298,89198803502
353.518,2.82871,89201633637
314.107,3.18363,89204818675
254.111,3.93528,89208759813
234.717,4.26044,89213020866
411.991,2.42723,89215448770
413.474,2.41853,89217866955
232.195,4.30673,89222177709
242.384,4.12569,89226304706
390.749,2.55919,89228864628
458.092,2.18297,89231047661
211.08,4.73753,89235787096
486.805,2.05421,89237840558
203.328,4.91815,89242759786
490.823,2.0374,89244796359
204.089,4.89982,89249698600
507.305,1.9712,89251669117
199.222,5.01952,89256689666
508.915,1.96496,89258654289
203.381,4.91688,89263573726
509.483,1.96277,89265536136
201.246,4.96903,89270506743
487.331,2.05199,89272559136
207.418,4.82119,89277381221
506.617,1.97388,89279355234
198.265,5.04376,89284400407
376.638,2.65507,89287057318
233.967,4.27412,89291333121
515.118,1.9413,89293273373
200.669,4.98333,89298258531
360.577,2.77333,89301031976
239.012,4.18389,89305217434
489.608,2.04245,89307259569
202.566,4.93667,89312197498
334.949,2.98553,89315184077
255.93,3.90731,89319092893
447.791,2.23319,89321325641
213.729,4.67883,89326006367
492.085,2.03217,89328038971
202.323,4.9426,89332983411
493.034,2.02826,89335011048
203.936,4.90349,89339916378
490.231,2.03986,89341955857
200.287,4.99284,89346950463
494.987,2.02025,89348969760
208.201,4.80304,89353775801
384.913,2.59799,89356374454
227.892,4.38804,89360763594
512.397,1.95161,89362713822
201.921,4.95243,89367668048
513.606,1.94702,89369614254
198.474,5.03845,89374655351
336.252,2.97396,89377629003
248.056,4.03135,89381661825
465.867,2.14653,89383807766
209.37,4.77623,89388587089
336.574,2.97112,89391556830
249.077,4.01482,89395573096
507.801,1.96928,89397541171
204.243,4.89614,89402439852
362.597,2.75788,89405197757
239.375,4.17755,89409377105
399.414,2.50367,89411880992
224.814,4.44812,89416329515
507.33,1.9711,89418299380
198.505,5.03766,89423339806
510.96,1.9571,89425295427
201.037,4.97421,89430272072
484.7,2.06313,89432335677
203.972,4.90262,89437240167
396.684,2.5209,89439759895
226.088,4.42306,89444184485
500.804,1.99679,89446180125
204.417,4.89195,89451075301
393.67,2.5402,89453614590
224.374,4.45684,89458073016
307.814,3.24872,89461324033
272.487,3.6699,89464994815
292.885,3.41431,89468407941
284.933,3.5096,89471919170
479.747,2.08443,89474002881
205.626,4.8632,89478868295
358.288,2.79105,89481659796
238.934,4.18525,89485846413
513.172,1.94866,89487793573
200.952,4.9763,89492771374
326.044,3.06707,89495838997
263.978,3.78819,89499627671
493.383,2.02682,89501653719
197.796,5.05571,89506711512
523.436,1.91045,89508621260
203.044,4.92504,89513548194
516.478,1.93619,89515483367
195.216,5.12252,89520608033
499.248,2.00301,89522610315
206.568,4.84101,89527453345
532.185,1.87905,89529332209
196.628,5.08574,89534428479
533.829,1.87326,89536301421
197.785,5.05599,89541359481
495.392,2.0186,89543377295
204.455,4.89105,89548270152
487.259,2.0523,89550322838
202.456,4.93936,89555263187
374.204,2.67234,89557935835
236.393,4.23025,89562166315
498.008,2.008,89564173783
201.236,4.9693,89569145691
375.844,2.66068,89571806289
232.692,4.29752,89576105021
402.201,2.48632,89578591719
223.365,4.47697,89583069786
307.984,3.24692,89586316171
272.543,3.66915,89589986559
418.963,2.38685,89592372597
222.656,4.49124,89596865273
432.471,2.31229,89599177884
212.279,4.71079,89603890281
475.933,2.10114,89605990805
207.059,4.82954,89610822140
487.875,2.04971,89612871401
204.22,4.89668,89617769454
487.467,2.05142,89619819886
206.135,4.85119,89624672652
484.427,2.06429,89626736490
204.566,4.8884,89631627833
489.214,2.04409,89633670508
204.408,4.89217,89638564459
446.873,2.23777,89640802133
208.378,4.79898,89645603756
490.926,2.03697,89647638296
207.132,4.82785,89652468982
485.674,2.05899,89654526852
205.332,4.87015,89659398761
371.793,2.68967,89662089063
234.576,4.26301,89666354656
470.765,2.1242,89668477101
209.878,4.76468,89673243997
359.574,2.78107,89676024646
235.849,4.23999,89680266958
510.647,1.9583,89682224304
201.311,4.96744,89687193181
338.518,2.95405,89690147749
245.849,4.06754,89694217142
408.648,2.44709,89696663910
225.643,4.43177,89701097170
471.004,2.12312,89703219599
209.56,4.77189,89707994358
496.331,2.01478,89710008219
200.137,4.99658,89715006921
443.165,2.2565,89717263104
213.005,4.69474,89721959518
453.619,2.20449,89724163449
213.315,4.6879,89728852955
421.056,2.37498,89731227848
216.16,4.6262,89735855505
455.171,2.19698,89738052734
211.498,4.72817,89742783311
464.609,2.15235,89744944252
208.866,4.78775,89749734124
320.561,3.11953,89752853919
267.275,3.74147,89756596176
386.797,2.58534,89759181784
223.67,4.47088,89763653815
295.832,3.3803,89767035264
290.92,3.43737,89770472813
347.364,2.87883,89773351373
244.226,4.09457,89777447014
283.778,3.52388,89780971424
293.662,3.40527,89784377068
373.705,2.6759,89787052769
233.806,4.27706,89791331336
299.546,3.33838,89794670733
280.507,3.56497,89798235465
398.879,2.50703,89800743112
224.037,4.46356,89805207277
462.774,2.16088,89807368217
205.764,4.85994,89812230476
492.49,2.0305,89814260691
206.552,4.84139,89819102899
429.613,2.32768,89821430690
214.05,4.6718,89826104425
477.237,2.0954,89828199234
207.211,4.826,89833025747
473.185,2.11334,89835139418
209.3,4.77783,89839918627
461.063,2.1689,89842087107
206.353,4.84607,89846934601
444.061,2.25194,89849186484
215.105,4.64889,89853836620
334.473,2.98978,89856827589
255.846,3.90861,89860736410
462.298,2.16311,89862899287
207.896,4.8101,89867711015
324.37,3.0829,89870794099
260.016,3.84592,89874641518
407.976,2.45112,89877092127
219.364,4.55864,89881651649
325.257,3.07449,89884726972
265.938,3.76027,89888487928
434.363,2.30222,89890789459
213.843,4.67632,89895467109
464.46,2.15304,89897619394
208.716,4.79119,89902412150
429.66,2.32742,89904739193
211.483,4.7285,89909469585
467.706,2.13809,89911607380
210.543,4.74962,89916360406
507.461,1.9706,89918328450
200.09,4.99776,89923328246
448.412,2.23009,89925558041
212.102,4.71472,89930274795
431.403,2.31802,89932592533
199.63,5.00928,89937602806
327.994,3.04883,89940652402
286.994,3.48439,89944137058
259.037,3.86045,89947998810
327.186,3.05636,89951055988
298.675,3.34812,89954405470
260.707,3.83573,89958242053
212.706,4.70133,89962944250
386.271,2.58886,89965532452
353.856,2.82601,89968359361
281.151,3.55681,89971916098
266.969,3.74575,89975662376
313.583,3.18895,89978851947
357.274,2.79897,89981651992
239.584,4.17391,89985827111
344.394,2.90365,89988730691
223.534,4.4736,89993206337
360.046,2.77742,89995983354
269.727,3.70746,89999691368
341.959,2.92433,90002616043
